day,store,net_sales,gross_sales,discounts,sales_reversals,orders,units,new_customers,returning_customers,customers
2025-01-01,Maceoo Resorts World Las Vegas,2954,3016.49,-62.49,0,5,20,4,1,5
2025-01-01,Maceoo Hollywood FL,2570.16,3934.32,-129.76,-1234.4,16,28,9,6,15
2025-01-01,Maceoo Tampa,1444.26,1444.26,0,0,4,8,0,2,3
2025-01-01,Online Store,3863.65,3962.53,-98.88,0,31,31,26,5,29
2025-01-01,Maceoo MGM,4726.47,5727.34,-1000.87,0,8,23,3,3,7
2025-01-01,Maceoo Biloxi,886.64,926.52,-39.88,0,4,4,3,0,4
2025-01-01,Maceoo Cosmo,2342.63,2342.63,0,0,6,14,4,0,5
2025-01-01,Maceoo Aria,7132.51,7980.64,-549.25,-298.88,8,96,6,2,8
2025-01-01,Maceoo Atlantic,9274.44,17637.88,0,-8363.44,20,35,10,8,16
2025-01-02,Maceoo Hollywood FL,1335.94,1335.94,0,0,8,14,7,1,7
2025-01-02,Maceoo Atlantic,2572.91,2649.3,-76.39,0,8,35,5,3,8
2025-01-02,Online Store,3316.31,4118.8,-802.49,0,11,12,7,3,10
2025-01-02,Maceoo Aria,4088.49,4088.49,0,0,3,17,1,2,3
2025-01-02,Maceoo MGM,2408.63,3554.65,-643.82,-502.2,8,24,5,2,8
2025-01-02,Maceoo Resorts World Las Vegas,730.88,730.88,0,0,2,5,2,0,2
2025-01-02,Maceoo PR,1002.72,1251.04,0,-248.32,3,6,1,2,3
2025-01-02,Maceoo Biloxi,774.4,1092.16,-158.88,-158.88,4,6,2,1,4
2025-01-02,Maceoo Tampa,1466.97,1747.9,-122.05,-158.88,5,9,2,3,4
2025-01-02,Maceoo Cosmo,2922.92,3121.68,-198.76,0,4,11,3,0,4
2025-01-03,Online Store,8907.22,9257.36,-216.26,-133.88,11,48,4,7,9
2025-01-03,Maceoo Tampa,2234.09,2638.07,-403.98,0,6,15,1,3,5
2025-01-03,Maceoo Atlantic,2102.26,3431.02,-29.88,-1298.88,10,19,3,5,9
2025-01-03,WEB - Quiet LLC,89,98.88,-9.88,0,1,1,0,1,1
2025-01-03,Maceoo MGM,1299.68,1748.94,-449.26,0,5,12,2,0,3
2025-01-03,Maceoo Aria,6027.79,6471.03,-443.24,0,7,30,6,1,7
2025-01-03,Maceoo Cosmo,2005.67,2543.41,-345.3,-192.44,5,13,0,3,4
2025-01-03,Maceoo Biloxi,15538.55,16558.64,-1020.09,0,40,104,7,10,18
2025-01-03,Maceoo PR,3196.78,3872.24,-258.82,-416.64,6,22,1,5,6
2025-01-03,Maceoo Resorts World Las Vegas,1367.09,1367.09,0,0,3,9,2,1,3
2025-01-03,Maceoo Hollywood FL,2651.43,2651.43,0,0,8,23,7,0,8
2025-01-04,Maceoo Cosmo,304.86,404.86,-100,0,1,2,1,0,1
2025-01-04,Maceoo MGM,19030.1,19493.16,-463.06,0,6,30,4,1,6
2025-01-04,Online Store,2606.8,2636.8,-357.76,327.76,9,13,5,4,9
2025-01-04,Maceoo Aria,3628.57,3651.33,-22.76,0,9,31,6,3,9
2025-01-04,Maceoo PR,1821.12,2629.04,-666.26,-141.66,5,7,3,1,4
2025-01-04,Maceoo Biloxi,14405,18493.32,-883.74,-3204.58,46,79,12,16,26
2025-01-04,Maceoo Atlantic,8693.63,9629.15,-29.83,-905.69,12,32,2,9,12
2025-01-04,Maceoo Resorts World Las Vegas,1047.3,1128.78,-81.48,0,3,6,2,1,3
2025-01-04,Maceoo Tampa,1575.49,2420.63,-219.94,-625.2,8,19,1,4,6
2025-01-04,Maceoo Hollywood FL,11687.71,11979.3,-291.59,0,15,67,9,5,13
2025-01-05,Maceoo Resorts World Las Vegas,1516.5,1616.38,-99.88,0,2,6,2,0,2
2025-01-05,Maceoo Hollywood FL,7799.22,8096.01,-0.05,-296.74,13,41,7,5,10
2025-01-05,Maceoo MGM,1420.61,1515.24,-94.63,0,2,7,1,1,2
2025-01-05,Maceoo Tampa,4039.92,4353.78,-313.86,0,6,16,3,2,6
2025-01-05,Online Store,4124.54,3842.08,-68.89,351.35,12,22,5,7,12
2025-01-05,Maceoo Atlantic,3931.65,5476.05,0,-1544.4,10,22,4,4,9
2025-01-05,Maceoo Aria,920.3,1014.06,-24.88,-68.88,4,6,3,0,4
2025-01-05,Maceoo Biloxi,10998.92,12065.28,-600.84,-465.52,28,55,8,11,19
2025-01-05,Maceoo PR,2502.26,3516.72,-102.5,-911.96,9,14,3,6,9
2025-01-05,Maceoo Cosmo,497.52,523.4,-25.88,0,2,5,1,1,2
2025-01-06,Maceoo Biloxi,4458.23,5539.04,-293.05,-787.76,17,30,5,4,9
2025-01-06,Maceoo Aria,540.08,917.84,-94.44,-283.32,4,6,1,1,3
2025-01-06,Maceoo Atlantic,645.52,645.52,0,0,3,4,0,2,3
2025-01-06,Maceoo Cosmo,910.08,910.08,0,0,4,9,4,0,4
2025-01-06,Maceoo Tampa,6726.25,8779.21,-2052.96,0,8,20,2,2,5
2025-01-06,Maceoo Hollywood FL,2501.03,2501.03,0,0,6,19,4,2,6
2025-01-06,Online Store,197.77,7049.52,-3931.39,-2920.36,25,-23,4,21,25
2025-01-06,Maceoo MGM,1905.99,2440.67,-534.68,0,6,15,5,0,6
2025-01-06,Maceoo Resorts World Las Vegas,188.88,188.88,0,0,1,1,0,1,1
2025-01-07,Maceoo Hollywood FL,8383.41,8428.41,-45,0,10,55,4,3,8
2025-01-07,Maceoo Cosmo,188.88,188.88,0,0,1,1,1,0,1
2025-01-07,Maceoo PR,365.04,406.64,-41.6,0,3,3,1,2,3
2025-01-07,Maceoo Biloxi,1618.7,1696.8,-78.1,0,6,10,2,0,3
2025-01-07,Online Store,7504.56,9929.71,-1223.84,-1201.31,22,30,5,15,20
2025-01-07,Maceoo Atlantic,3379.48,3379.48,0,0,5,14,4,0,5
2025-01-07,Maceoo Tampa,622.62,622.62,0,0,2,4,1,1,2
2025-01-07,Maceoo Resorts World Las Vegas,228.12,228.12,0,0,2,5,1,1,2
2025-01-07,Maceoo MGM,385.32,385.32,0,0,2,4,2,0,2
2025-01-07,Maceoo Aria,7873.79,7876.43,-2.64,0,8,85,5,3,8
2025-01-08,Maceoo Tampa,9015.73,11087.5,-2071.77,0,10,71,1,7,9
2025-01-08,Maceoo PR,583.53,916.4,-173.99,-158.88,3,4,1,2,3
2025-01-08,Maceoo MGM,802.38,802.38,0,0,3,6,3,0,3
2025-01-08,Maceoo Aria,9041.75,9544.15,-3.52,-498.88,11,113,6,4,10
2025-01-08,Maceoo Cosmo,488.88,514.76,-25.88,0,1,2,1,0,1
2025-01-08,Online Store,1215.59,5392,-3522.08,-654.33,11,21,2,9,11
2025-01-08,Maceoo Atlantic,851.94,851.94,0,0,4,8,2,2,4
2025-01-08,Maceoo Hollywood FL,5659.89,6432.44,-381.44,-391.11,8,29,7,1,8
2025-01-08,Maceoo Biloxi,98.88,98.88,0,0,1,1,1,0,1
2025-01-08,Maceoo Resorts World Las Vegas,872.76,872.76,0,0,2,6,2,0,2
2025-01-09,Maceoo Biloxi,1509.4,1518.28,-8.88,0,5,7,2,2,5
2025-01-09,Maceoo Aria,3145.89,3198.93,-53.04,0,9,36,3,5,9
2025-01-09,Maceoo Tampa,936.52,936.52,0,0,2,4,1,1,2
2025-01-09,Online Store,4661.7,5244.23,-582.53,0,14,22,7,7,14
2025-01-09,Maceoo Cosmo,1330.17,1463.16,-132.99,0,4,7,2,1,4
2025-01-09,Maceoo Atlantic,1525.99,1595.76,-69.77,0,5,8,3,2,5
2025-01-09,Maceoo Hollywood FL,2178.79,2178.79,0,0,8,19,7,1,8
2025-01-09,Maceoo PR,1314.18,2140.32,-337.93,-488.21,3,12,2,1,3
2025-01-09,Maceoo MGM,192.66,192.66,0,0,1,2,1,0,1
2025-01-10,Maceoo Hollywood FL,9851.92,10733.29,-881.37,0,18,44,6,9,16
2025-01-10,Maceoo Biloxi,140.76,498.4,-357.64,0,3,5,0,2,3
2025-01-10,Maceoo Tampa,3853.27,3906.18,-52.91,0,7,11,1,4,6
2025-01-10,Maceoo PR,508.99,513.64,-4.65,0,3,3,1,2,3
2025-01-10,Maceoo Resorts World Las Vegas,2037.14,2444.68,-407.54,0,4,10,3,1,4
2025-01-10,Maceoo Cosmo,3398.16,3943.09,-544.93,0,5,16,1,1,3
2025-01-10,Maceoo MGM,1339.64,1339.64,0,0,6,27,6,0,6
2025-01-10,Maceoo Aria,5924.36,6302.12,0,-377.76,9,27,5,3,9
2025-01-10,Online Store,3159.56,3393.44,-233.88,0,11,15,7,4,11
2025-01-10,Maceoo Atlantic,1486.28,1486.28,0,0,7,14,5,1,7
2025-01-11,Maceoo Tampa,13943.13,16331.52,-2388.39,0,12,28,6,4,11
2025-01-11,Maceoo Hollywood FL,3999.32,5018.32,-34.32,-984.68,15,24,8,5,14
2025-01-11,Maceoo Cosmo,2175.32,2175.32,0,0,6,14,4,1,5
2025-01-11,Maceoo Biloxi,2852.31,3216.2,-234.89,-129,6,15,3,0,4
2025-01-11,Maceoo PR,1294.24,1388.68,-94.44,0,4,11,1,3,4
2025-01-11,Maceoo Resorts World Las Vegas,4377.9,4397.16,-19.26,0,5,17,4,1,5
2025-01-11,Maceoo MGM,941.01,1131.13,-190.12,0,5,9,3,0,4
2025-01-11,Maceoo Aria,8847.54,9465.79,-419.37,-198.88,20,51,8,9,18
2025-01-11,Online Store,2789.92,3872.88,-1082.96,0,13,21,7,6,13
2025-01-11,Maceoo Atlantic,6548.14,7029.67,-34.89,-446.64,20,44,10,9,18
2025-01-12,Maceoo Cosmo,737.82,936.7,0,-198.88,3,4,3,0,3
2025-01-12,Maceoo Tampa,780.84,780.84,0,0,3,7,0,2,2
2025-01-12,Maceoo Hollywood FL,8231.55,9062.6,-97.77,-733.28,18,61,10,4,15
2025-01-12,Maceoo Resorts World Las Vegas,71.28,71.28,0,0,1,2,1,0,1
2025-01-12,Maceoo PR,158.88,158.88,0,0,1,1,1,0,1
2025-01-12,Maceoo Atlantic,8997.95,9085.72,-18.89,-68.88,16,58,7,9,15
2025-01-12,Maceoo Biloxi,1168.79,1584.8,-29.37,-386.64,4,12,1,1,3
2025-01-12,Maceoo Aria,1568.68,1568.68,0,0,6,11,3,3,5
2025-01-12,Online Store,2512.86,4556.14,-855.52,-1187.76,14,13,6,7,13
2025-01-12,Maceoo MGM,361.19,486.18,-124.99,0,2,5,1,1,2
2025-01-13,Maceoo MGM,1867.93,2204.76,-336.83,0,3,8,2,0,3
2025-01-13,Maceoo Tampa,304.63,304.63,0,0,3,4,1,0,2
2025-01-13,Maceoo Biloxi,437.76,437.76,0,0,2,2,1,0,2
2025-01-13,Maceoo PR,536.64,536.64,0,0,1,3,0,1,1
2025-01-13,Maceoo Aria,1294.26,1377.92,-83.66,0,6,10,3,2,6
2025-01-13,Maceoo Atlantic,1553.46,1553.46,0,0,7,13,5,2,7
2025-01-13,Maceoo Cosmo,1671.46,1697.34,-25.88,0,3,7,2,1,2
2025-01-13,Online Store,5200.86,6176.72,-496.53,-479.33,18,21,7,10,16
2025-01-13,Maceoo Hollywood FL,3867.17,3867.17,0,0,9,20,5,3,9
2025-01-14,Online Store,2453.37,3059.84,-606.47,0,13,19,5,8,12
2025-01-14,Maceoo Tampa,1019.96,1019.96,0,0,3,7,0,1,2
2025-01-14,Venetian,2.29,374.76,-6.47,-366,2,2,0,1,2
2025-01-14,Maceoo Atlantic,322.65,351.54,-28.89,0,2,3,2,0,2
2025-01-14,Maceoo Aria,6239.76,6239.76,0,0,2,6,1,1,2
2025-01-14,Maceoo PR,307.64,307.64,0,0,2,3,1,1,2
2025-01-14,Maceoo Biloxi,760.6,811.16,-50.56,0,5,8,2,0,3
2025-01-14,Maceoo Resorts World Las Vegas,293.52,293.52,0,0,2,4,2,0,2
2025-01-14,Maceoo Cosmo,298.88,597.76,-298.88,0,2,2,1,0,2
2025-01-14,Maceoo Hollywood FL,7555.42,8103.84,-548.42,0,13,40,9,2,12
2025-01-15,Maceoo Hollywood FL,2350.68,2370.01,-19.33,0,8,20,3,5,8
2025-01-15,Online Store,6191.61,8588.81,-1392.69,-1004.51,22,13,8,14,22
2025-01-15,Maceoo Tampa,1727.79,1756.12,-28.33,0,6,9,1,2,4
2025-01-15,Maceoo Cosmo,1365.51,1433.28,-67.77,0,4,6,4,0,4
2025-01-15,Maceoo MGM,884.61,899.44,-14.83,0,2,3,0,0,1
2025-01-15,Maceoo Atlantic,964.4,964.4,0,0,5,5,2,3,5
2025-01-15,Maceoo Aria,1292.97,1352.8,-59.83,0,8,10,7,1,8
2025-01-15,Maceoo Biloxi,357.76,357.76,0,0,1,2,0,0,1
2025-01-16,Maceoo Aria,6907.1,6954.32,-47.22,0,8,17,4,4,8
2025-01-16,Maceoo Cosmo,2624.2,2877.68,-253.48,0,6,11,5,0,6
2025-01-16,Maceoo PR,1508.8,1508.8,0,0,5,10,0,5,5
2025-01-16,Online Store,3810.74,4248.28,-437.54,0,19,19,7,10,16
2025-01-16,Maceoo MGM,1206.6,1206.6,0,0,3,5,2,0,3
2025-01-16,Maceoo Tampa,1339.8,1439.8,-100,0,5,10,2,2,5
2025-01-16,Maceoo Resorts World Las Vegas,2360.46,2385.46,-25,0,4,8,2,2,4
2025-01-16,Maceoo Atlantic,2033.54,2033.54,0,0,5,9,4,1,5
2025-01-16,Maceoo Biloxi,526.76,885.52,-59.88,-298.88,1,4,1,0,1
2025-01-16,Maceoo Hollywood FL,5161.08,5449.95,-288.87,0,14,51,8,6,14
2025-01-17,Maceoo Atlantic,2185.64,2374.52,-28.33,-160.55,7,12,4,3,7
2025-01-17,Maceoo Aria,2797.43,2797.43,0,0,7,15,5,2,7
2025-01-17,Maceoo PR,765.52,765.52,0,0,2,4,0,2,2
2025-01-17,Maceoo MGM,2346.68,3965.67,-1618.99,0,6,35,5,0,6
2025-01-17,Online Store,3867.14,12547.58,-8680.44,0,14,23,4,10,14
2025-01-17,Maceoo Hollywood FL,6189.33,6189.33,0,0,12,26,8,4,12
2025-01-17,Maceoo Tampa,6719.6,7625.51,-905.91,0,10,28,5,3,9
2025-01-17,Maceoo Resorts World Las Vegas,2355.74,2844.62,0,-488.88,2,20,0,2,2
2025-01-17,Maceoo Biloxi,503.55,671.4,-167.85,0,1,5,1,0,1
2025-01-17,Maceoo Cosmo,1700.51,2277.9,-577.39,0,7,15,4,0,5
2025-01-18,Maceoo Aria,2651.04,2752.7,-101.66,0,6,37,1,5,6
2025-01-18,Maceoo Resorts World Las Vegas,3276.3,3512.94,-236.64,0,5,16,4,1,5
2025-01-18,Maceoo Atlantic,7986.76,7986.76,0,0,16,38,10,5,16
2025-01-18,Maceoo MGM,1504.24,1595.69,-91.45,0,3,8,3,0,3
2025-01-18,Maceoo Hollywood FL,6229.12,8445.13,-295.63,-1920.38,16,73,9,7,16
2025-01-18,Online Store,6554.16,7433.56,-879.4,0,18,36,7,10,16
2025-01-18,Maceoo Biloxi,1107.9,1118.28,-10.38,0,5,11,4,0,5
2025-01-18,Maceoo Cosmo,6302.79,6908.22,-605.43,0,13,35,8,2,10
2025-01-18,Maceoo Tampa,6518.84,6518.84,0,0,13,30,2,3,5
2025-01-19,Maceoo MGM,7234.53,7375.63,-141.1,0,9,20,7,0,8
2025-01-19,Maceoo PR,188.88,347.76,0,-158.88,1,1,1,0,1
2025-01-19,Maceoo Atlantic,5199.38,5318.26,0,-118.88,11,24,6,4,10
2025-01-19,Maceoo Tampa,4205.3,4255.24,-49.94,0,9,23,0,3,4
2025-01-19,Maceoo Resorts World Las Vegas,904.16,904.16,0,0,2,4,2,0,2
2025-01-19,Maceoo Cosmo,2322.01,2322.01,0,0,7,16,1,2,4
2025-01-19,Maceoo Biloxi,1215.52,1215.52,0,0,3,4,3,0,3
2025-01-19,Maceoo Aria,12804.11,13201.6,-397.49,0,17,79,9,7,16
2025-01-19,Maceoo Hollywood FL,2869.11,3157.87,-129.88,-158.88,13,55,5,7,12
2025-01-19,Online Store,4738.88,5693.06,-954.18,0,22,27,9,13,22
2025-01-20,Maceoo Tampa,4132.66,4208.64,-75.98,0,6,13,2,3,6
2025-01-20,Maceoo Atlantic,15410.01,15430.18,-20.17,0,8,16,3,4,7
2025-01-20,Maceoo MGM,796.08,882.77,-86.69,0,4,10,3,0,4
2025-01-20,Maceoo Biloxi,168.88,168.88,0,0,1,1,0,1,1
2025-01-20,Online Store,7874.43,8386.46,-512.03,0,9,47,2,6,8
2025-01-20,Maceoo Hollywood FL,2148.11,2638.73,0,-490.62,9,18,5,3,8
2025-01-20,Maceoo Cosmo,1799.82,1881.3,-81.48,0,5,10,3,0,4
2025-01-20,Maceoo Aria,4536.99,4595.74,-30.48,-28.27,13,38,9,3,11
2025-01-21,Maceoo Cosmo,405.72,405.72,0,0,2,4,1,0,2
2025-01-21,Maceoo Hollywood FL,3202.43,3222.19,-19.76,0,6,20,3,3,6
2025-01-21,Maceoo Atlantic,3800.58,4000.34,-0.88,-198.88,5,19,1,3,4
2025-01-21,Maceoo MGM,3336.17,3392.32,-56.15,0,7,15,3,2,6
2025-01-21,Maceoo Aria,1764.43,1882.38,-117.95,0,7,14,5,2,7
2025-01-21,Maceoo Biloxi,355.75,389.52,-33.77,0,2,4,1,0,2
2025-01-21,Maceoo Resorts World Las Vegas,202.86,202.86,0,0,1,3,1,0,1
2025-01-21,Maceoo Tampa,749.5,913.78,-164.28,0,3,25,0,2,3
2025-01-21,Online Store,1325.81,6705.89,-3331.56,-2048.52,24,0,6,16,21
2025-01-22,Maceoo Hollywood FL,3682.25,4149.22,-466.97,0,9,18,4,4,8
2025-01-22,Online Store,2777.57,4920.72,-2143.15,0,18,10,5,13,18
2025-01-22,Maceoo MGM,2071.82,2550.91,-479.09,0,2,8,1,0,2
2025-01-22,Maceoo Tampa,2813.26,2813.26,0,0,7,12,0,0,1
2025-01-22,Maceoo Atlantic,2397.65,3377.9,-81.37,-898.88,7,9,3,3,6
2025-01-22,Maceoo Aria,395.6,395.6,0,0,4,8,2,2,4
2025-01-22,Maceoo Resorts World Las Vegas,346.01,363.78,-17.77,0,3,6,3,0,3
2025-01-22,Maceoo Biloxi,479.98,598.88,-118.9,0,1,1,0,1,1
2025-01-22,Maceoo Cosmo,3635.98,4638.8,-1002.82,0,2,10,1,0,2
2025-01-23,Maceoo Resorts World Las Vegas,1531.86,1531.86,0,0,4,7,3,1,3
2025-01-23,Maceoo Cosmo,1840.98,2034.86,-5,-188.88,6,11,4,0,5
2025-01-23,Online Store,4609.31,5219.84,-421.65,-188.88,14,18,4,9,12
2025-01-23,Maceoo MGM,142,219.06,-77.06,0,2,4,0,1,2
2025-01-23,Maceoo Biloxi,0,536.64,-18.88,-517.76,0,0,0,0,0
2025-01-23,Maceoo Tampa,1080.84,1371.18,0,-290.34,8,8,2,3,6
2025-01-23,Maceoo Atlantic,2224.4,2224.4,0,0,3,5,2,1,3
2025-01-23,Maceoo Hollywood FL,6652.16,9509.34,-1325.58,-1531.6,15,31,12,2,15
2025-01-23,Maceoo Aria,4581.84,4581.84,0,0,11,31,5,6,11
2025-01-24,Maceoo Tampa,4284.34,4340.44,-56.1,0,7,17,1,2,4
2025-01-24,Maceoo Biloxi,-215.66,944.4,-415.52,-744.54,4,-2,0,1,2
2025-01-24,Maceoo PR,1693.66,2068.8,-97.09,-278.05,4,8,1,3,4
2025-01-24,Maceoo Aria,6337.68,6873.44,-535.76,0,10,16,6,3,10
2025-01-24,Maceoo Cosmo,3612.59,3612.59,0,0,5,10,2,3,5
2025-01-24,Maceoo Resorts World Las Vegas,1962.89,1962.89,0,0,2,7,1,1,2
2025-01-24,Maceoo Hollywood FL,10074.37,10539.56,-96.05,-369.14,19,51,14,4,19
2025-01-24,Online Store,1184.4,1343.28,-158.88,0,6,6,2,4,6
2025-01-24,Maceoo Atlantic,1133.92,1531.68,0,-397.76,6,11,1,4,5
2025-01-24,Maceoo MGM,1905.44,2382.46,-477.02,0,6,10,2,1,4
2025-01-25,Maceoo PR,536.86,575.52,-38.66,0,2,4,1,1,2
2025-01-25,Maceoo Cosmo,8857.77,9746.71,-318.88,-570.06,19,48,10,7,17
2025-01-25,Maceoo Tampa,4409.59,4478.13,-68.54,0,13,22,4,2,7
2025-01-25,Maceoo Hollywood FL,5302.22,7907.29,-307.31,-2297.76,16,46,14,2,16
2025-01-25,Maceoo Aria,5175.06,5175.06,0,0,17,33,15,1,17
2025-01-25,Maceoo Biloxi,1100.63,1372.16,-271.53,0,5,7,3,1,5
2025-01-25,Online Store,-29025.18,1751.04,-262.77,-30513.45,7,-107,2,5,7
2025-01-25,Maceoo Atlantic,5315.49,6122.18,-7.81,-798.88,11,33,7,3,11
2025-01-25,Maceoo Resorts World Las Vegas,192.66,192.66,0,0,1,2,1,0,1
2025-01-25,Maceoo MGM,2649.46,3364.2,-714.74,0,9,19,8,0,9
2025-01-26,Maceoo Aria,1715.06,7362.83,-37.77,-5610,7,16,3,4,7
2025-01-26,Maceoo Atlantic,6212.84,6533.22,-320.38,0,18,42,7,9,16
2025-01-26,Maceoo Hollywood FL,792.28,957.32,-46.16,-118.88,6,9,2,4,6
2025-01-26,Online Store,687.96,1113.28,-425.32,0,5,6,0,5,5
2025-01-26,Maceoo PR,802.73,863.28,-60.55,0,3,6,3,0,3
2025-01-26,Maceoo Cosmo,2202.8,2202.8,0,0,7,27,2,4,7
2025-01-26,Maceoo MGM,2127.72,2276.21,-148.49,0,3,9,1,1,3
2025-01-26,Maceoo Tampa,1435.98,1464.31,-28.33,0,5,10,1,2,4
2025-01-26,Maceoo Biloxi,795.28,814.16,-18.88,0,5,7,1,1,3
2025-01-26,Maceoo Resorts World Las Vegas,3612.95,3953.92,-340.97,0,6,21,6,0,6
2025-01-27,Maceoo Resorts World Las Vegas,1630.88,1630.88,0,0,2,2,2,0,2
2025-01-27,Maceoo PR,402.2,765.52,-174.44,-188.88,3,3,2,1,3
2025-01-27,Maceoo Tampa,4908.2,4918.12,-9.92,0,3,20,1,2,3
2025-01-27,Maceoo Biloxi,509.97,566.64,-56.67,0,1,3,1,0,1
2025-01-27,Maceoo Aria,2540.72,2540.72,0,0,11,24,10,0,11
2025-01-27,Maceoo MGM,949.93,1143.87,-193.94,0,3,9,0,3,3
2025-01-27,Online Store,2346.56,2644.32,-297.76,0,9,15,4,5,9
2025-01-27,Maceoo Atlantic,4389.22,4389.22,0,0,8,21,3,2,6
2025-01-27,Maceoo Cosmo,385.32,761.96,0,-376.64,2,4,2,0,2
2025-01-27,Maceoo Hollywood FL,3497.53,3792.49,-294.96,0,8,30,4,2,7
2025-01-28,Maceoo MGM,2430.08,3445.6,-1015.52,0,8,16,4,0,5
2025-01-28,Maceoo Aria,3381.02,3381.02,0,0,8,15,5,3,7
2025-01-28,Venetian,1671.1,5766.64,-4095.54,0,3,4,1,1,2
2025-01-28,Online Store,4673.13,4891.12,-75,-142.99,19,23,8,10,17
2025-01-28,Maceoo Atlantic,2549.01,2887.03,0,-338.02,9,18,7,0,8
2025-01-28,Maceoo Biloxi,339.98,566.64,-56.67,-169.99,1,2,0,1,1
2025-01-28,Maceoo Cosmo,26.4,26.4,0,0,1,2,0,0,1
2025-01-28,Maceoo PR,486.52,486.52,0,0,2,4,1,1,2
2025-01-28,Maceoo Resorts World Las Vegas,669.78,828.66,0,-158.88,3,6,1,1,2
2025-01-28,Maceoo Hollywood FL,1084.28,1084.28,0,0,3,6,2,1,3
2025-01-29,Maceoo Aria,4402.86,4801.74,0,-398.88,9,24,3,6,8
2025-01-29,Online Store,4763.41,5430.88,-223.33,-444.14,15,23,7,5,12
2025-01-29,Maceoo PR,158.88,158.88,0,0,1,1,1,0,1
2025-01-29,Maceoo Tampa,376.68,391.4,-14.72,0,2,5,1,1,2
2025-01-29,Venetian,385.32,385.32,0,0,1,3,0,1,1
2025-01-29,Maceoo MGM,2454.71,2664.69,-209.98,0,5,16,3,1,5
2025-01-29,Maceoo Cosmo,1074.16,1273.04,0,-198.88,4,7,1,3,4
2025-01-29,Maceoo Hollywood FL,1790.46,1910.12,-119.66,0,9,15,7,1,9
2025-01-29,Maceoo Atlantic,1819.58,2008.46,0,-188.88,6,16,5,1,6
2025-01-29,Maceoo Biloxi,136.77,287.76,0,-150.99,2,2,1,1,1
2025-01-30,Online Store,8220.41,8957.21,-736.8,0,24,29,11,12,23
2025-01-30,Maceoo MGM,846.15,977.92,-131.77,0,4,6,2,1,4
2025-01-30,Maceoo Tampa,5516.96,5705.84,0,-188.88,5,12,1,3,4
2025-01-30,Maceoo Hollywood FL,5151.42,5683.73,-431.45,-100.86,16,36,9,7,16
2025-01-30,Maceoo Aria,3986.81,4598.98,-612.17,0,11,29,4,7,11
2025-01-30,Maceoo PR,347.76,347.76,0,0,2,2,2,0,2
2025-01-30,Maceoo Resorts World Las Vegas,1480.66,1595.23,-114.57,0,7,15,6,0,7
2025-01-30,Maceoo Atlantic,5435.83,5509.38,-73.55,0,7,24,2,4,6
2025-01-30,Maceoo Biloxi,725.76,774.4,-48.64,0,4,5,2,2,4
2025-01-31,Maceoo Resorts World Las Vegas,725.52,725.52,0,0,2,4,2,0,2
2025-01-31,Maceoo Biloxi,1223.52,1839.92,-616.4,0,7,9,3,1,5
2025-01-31,Maceoo MGM,2538.61,3333.52,-496.03,-298.88,8,20,6,1,8
2025-01-31,Online Store,5495.36,9483.91,-2477.72,-1510.83,16,23,2,14,16
2025-01-31,Maceoo Hollywood FL,2726.92,4375.33,-50.65,-1597.76,9,19,4,5,9
2025-01-31,Maceoo Aria,5736.56,7784.49,-2047.93,0,20,45,11,7,18
2025-01-31,Maceoo Cosmo,2991.97,4306.2,0,-1314.23,6,16,5,1,5
2025-01-31,Maceoo Tampa,1470.72,1470.72,0,0,4,8,1,2,4
2025-01-31,Maceoo PR,704.4,704.4,0,0,2,5,0,2,2
2025-01-31,Maceoo Atlantic,1023.28,3111.04,0,-2087.76,3,7,1,2,3
2025-02-01,Maceoo Cosmo,1501.88,1746.64,-244.76,0,2,3,2,0,2
2025-02-01,Maceoo MGM,4328.76,6208.47,-897.79,-981.92,11,28,7,1,9
2025-02-01,Maceoo Aria,2467.96,2526.77,-58.81,0,8,18,6,2,8
2025-02-01,Maceoo Hollywood FL,8554.57,9917.12,-627.03,-735.52,34,70,21,11,31
2025-02-01,Maceoo Resorts World Las Vegas,2539.9,2539.9,0,0,6,22,4,1,5
2025-02-01,Maceoo PR,1749.92,1749.92,0,0,5,9,4,1,5
2025-02-01,Maceoo Atlantic,3790.07,3861.6,-71.53,0,9,20,5,4,9
2025-02-01,Maceoo Tampa,3743.04,4389.68,-298.88,-347.76,17,29,3,7,11
2025-02-01,Online Store,7940.27,9362.39,-1422.12,0,26,39,12,12,24
2025-02-01,Maceoo Biloxi,1161.95,1403.28,-98.33,-143,3,5,1,1,3
2025-02-02,Maceoo Cosmo,1306.84,1306.84,0,0,5,8,2,2,5
2025-02-02,Maceoo Biloxi,1044.4,1044.4,0,0,5,5,0,3,4
2025-02-02,Maceoo Aria,2926.9,3005.89,-78.99,0,6,16,3,3,6
2025-02-02,Maceoo PR,2024.44,2024.44,0,0,5,15,2,3,4
2025-02-02,Online Store,4568.15,5082.03,-513.88,0,15,23,7,7,14
2025-02-02,Maceoo MGM,1488.27,1793.7,-305.43,0,5,10,2,0,3
2025-02-02,Maceoo Tampa,4226.9,5917.21,-404.61,-1285.7,14,22,3,6,9
2025-02-02,Maceoo Hollywood FL,4961.67,5025.97,-64.3,0,13,28,10,3,13
2025-02-02,Maceoo Resorts World Las Vegas,26.4,26.4,0,0,1,2,1,0,1
2025-02-02,Maceoo Atlantic,855.86,855.86,0,0,5,11,4,1,5
2025-02-03,Maceoo Resorts World Las Vegas,1323.07,1455.47,-132.4,0,2,10,0,1,2
2025-02-03,Maceoo Cosmo,691.32,691.32,0,0,1,3,1,0,1
2025-02-03,Online Store,4122.05,5227.97,-1105.92,0,20,30,10,9,18
2025-02-03,Maceoo Biloxi,391.11,488.88,-97.77,0,1,1,0,1,1
2025-02-03,Maceoo Atlantic,1959.19,2058.07,0,-98.88,5,12,2,3,4
2025-02-03,Maceoo PR,654.46,723.4,-68.94,0,3,5,1,2,3
2025-02-03,Maceoo MGM,618.26,1112.02,-199.05,-294.71,3,6,2,1,3
2025-02-03,Maceoo Tampa,29.46,29.46,0,0,1,2,0,0,1
2025-02-03,Maceoo Aria,3768.37,4134.21,-154.3,-211.54,8,32,5,3,8
2025-02-03,Venetian,3898.95,5569.92,-1670.97,0,1,9,0,1,1
2025-02-03,Maceoo Hollywood FL,3476.06,3753.82,-138.88,-138.88,7,28,6,1,7
2025-02-04,Maceoo Aria,3004.46,3056.79,-52.33,0,9,17,5,4,9
2025-02-04,Online Store,3782.81,3872.08,-25,-64.27,13,17,8,5,13
2025-02-04,Maceoo PR,1413.28,1413.28,0,0,2,6,1,1,2
2025-02-04,Maceoo Hollywood FL,4814.78,6406.59,-126.29,-1465.52,13,32,6,6,12
2025-02-04,Maceoo MGM,1039.53,1739.64,-700.11,0,3,7,1,1,3
2025-02-04,Maceoo Cosmo,588.18,588.18,0,0,3,6,2,0,3
2025-02-04,Maceoo Atlantic,1836.98,1836.98,0,0,6,11,5,1,6
2025-02-04,Maceoo Tampa,1985.39,2319.14,-333.75,0,4,15,2,1,4
2025-02-05,Maceoo Tampa,2405.46,2405.46,0,0,3,26,2,0,3
2025-02-05,Maceoo Atlantic,1167.95,1187.22,-19.27,0,6,30,4,2,6
2025-02-05,Maceoo Hollywood FL,3476.72,3735.37,-258.65,0,7,22,3,3,7
2025-02-05,Maceoo PR,1571.02,1939.44,-368.42,0,3,13,1,2,2
2025-02-05,Maceoo Resorts World Las Vegas,201.72,201.72,0,0,1,3,1,0,1
2025-02-05,Maceoo Cosmo,937.48,1047.18,-109.7,0,2,5,1,1,2
2025-02-05,Maceoo Aria,736.3,856.04,-119.74,0,2,53,0,2,2
2025-02-05,Maceoo MGM,1050.35,1605.89,-555.54,0,3,8,1,2,3
2025-02-05,Online Store,4769.54,7072.74,-256.04,-2047.16,22,28,7,14,21
2025-02-06,Maceoo Atlantic,2880.18,2880.18,0,0,5,12,2,2,5
2025-02-06,Maceoo Resorts World Las Vegas,2575.05,2610.78,-35.73,0,5,11,2,2,5
2025-02-06,Maceoo PR,188.88,188.88,0,0,1,1,0,1,1
2025-02-06,Maceoo Cosmo,823.32,823.32,0,0,2,8,1,1,2
2025-02-06,Online Store,6299.38,6315.26,-15.88,0,17,23,3,11,14
2025-02-06,Maceoo Tampa,290.34,290.34,0,0,2,3,0,1,2
2025-02-06,Maceoo Aria,6218.18,6332.92,-114.74,0,10,35,5,5,10
2025-02-06,Maceoo MGM,577.98,955.74,-377.76,0,3,7,2,1,3
2025-02-06,Maceoo Biloxi,2243.44,4920.52,-2677.08,0,9,29,1,5,7
2025-02-06,Maceoo Hollywood FL,3708.23,3708.23,0,0,13,27,6,5,12
2025-02-07,Maceoo Atlantic,3746.38,4430.26,0,-683.88,11,21,4,6,11
2025-02-07,Maceoo Aria,20631.39,21385.73,-754.34,0,14,79,6,8,13
2025-02-07,Maceoo MGM,2455.71,2720.7,-264.99,0,4,6,2,1,4
2025-02-07,Online Store,5410.94,9484.64,-1914.59,-2159.11,23,31,11,11,22
2025-02-07,Maceoo Biloxi,2218.11,2344.44,-126.33,0,6,14,1,2,4
2025-02-07,Maceoo Tampa,4400.64,4578,0,-177.36,7,27,2,3,6
2025-02-07,Maceoo Hollywood FL,8479.93,8525.25,-45.32,0,24,60,15,5,20
2025-02-07,Venetian,376.44,498.66,-122.22,0,1,2,0,1,1
2025-02-07,Maceoo Cosmo,1064.15,1064.15,0,0,3,9,2,1,3
2025-02-07,Maceoo Resorts World Las Vegas,1229.46,1229.46,0,0,6,16,6,0,6
2025-02-08,Maceoo Biloxi,3215.96,3823.2,-518.25,-88.99,11,12,4,2,7
2025-02-08,Maceoo Hollywood FL,9161.72,11143.86,-565.5,-1416.64,23,69,13,9,22
2025-02-08,Maceoo MGM,4054.79,4726.21,-671.42,0,12,30,9,2,12
2025-02-08,Maceoo Cosmo,6738.37,7550.79,-343.88,-468.54,8,22,3,3,7
2025-02-08,Maceoo Resorts World Las Vegas,882.42,1220.18,-148.88,-188.88,2,5,2,0,2
2025-02-08,WEB - Quiet LLC,188.88,188.88,0,0,1,1,0,1,1
2025-02-08,Maceoo Atlantic,4669.79,4982.99,-143.2,-170,11,48,7,3,11
2025-02-08,Maceoo Tampa,3269.89,3734.26,-464.37,0,9,14,3,6,9
2025-02-08,Online Store,5349.14,5424.14,-75,0,13,23,10,3,13
2025-02-08,Maceoo PR,1246.06,1357.92,-12.98,-98.88,5,8,4,1,5
2025-02-08,Maceoo Aria,6615.14,6634.02,-18.88,0,15,71,9,6,15
2025-02-09,Maceoo Resorts World Las Vegas,4034.5,4959.87,-925.37,0,3,12,3,0,3
2025-02-09,Maceoo Biloxi,562.11,1012.8,-24.05,-426.64,3,7,1,2,3
2025-02-09,Maceoo PR,1301.04,1301.04,0,0,5,8,3,2,5
2025-02-09,Maceoo Aria,12122.83,12122.83,0,0,5,63,4,1,5
2025-02-09,Maceoo Cosmo,2011.3,2011.3,0,0,5,16,4,1,5
2025-02-09,Maceoo Tampa,4201.61,4720.98,-430.37,-89,12,23,5,5,10
2025-02-09,Maceoo MGM,2917.15,3265.47,-348.32,0,10,21,5,2,8
2025-02-09,Online Store,1882.11,2742.08,-482.21,-377.76,10,13,5,5,10
2025-02-09,Maceoo Atlantic,3696.84,3778.32,-81.48,0,8,14,4,4,8
2025-02-09,Maceoo Hollywood FL,1222.01,1222.01,0,0,4,8,1,3,4
2025-02-10,Maceoo Resorts World Las Vegas,100.86,100.86,0,0,1,2,1,0,1
2025-02-10,Maceoo Cosmo,757.24,757.24,0,0,4,7,2,1,4
2025-02-10,Maceoo PR,-330,158.88,0,-488.88,1,1,0,1,1
2025-02-10,Maceoo Tampa,1179.9,1286.42,-106.52,0,2,8,1,0,2
2025-02-10,Venetian,355.86,355.86,0,0,1,2,1,0,1
2025-02-10,Maceoo Aria,9666.48,9884.66,-218.18,0,10,52,5,4,9
2025-02-10,Maceoo Hollywood FL,16280.35,17020.12,-739.77,0,5,20,0,4,4
2025-02-10,Maceoo Atlantic,1242.34,1541.22,0,-298.88,5,8,3,2,4
2025-02-10,Maceoo Biloxi,4729.8,5589.84,-860.04,0,6,19,2,2,5
2025-02-10,Maceoo MGM,2768.65,3012.52,-243.87,0,7,18,4,1,6
2025-02-10,Online Store,-3489.52,3405.3,-1369.86,-5524.96,12,-15,4,8,12
2025-02-11,Maceoo Cosmo,884.4,884.4,0,0,3,5,1,0,2
2025-02-11,Maceoo Resorts World Las Vegas,1134.64,1134.64,0,0,2,4,2,0,2
2025-02-11,Maceoo MGM,4281.49,6120.75,-1839.26,0,5,17,4,1,5
2025-02-11,Maceoo Aria,8956.7,9656.68,-169.98,-530,8,100,4,3,8
2025-02-11,Maceoo Atlantic,2221.89,2795.64,0,-573.75,7,10,2,3,4
2025-02-11,Maceoo Tampa,1541.55,1630.43,-88.88,0,5,12,3,1,5
2025-02-11,Maceoo Biloxi,202.4,301.28,0,-98.88,3,5,1,0,2
2025-02-11,Online Store,3598.7,4792.45,-945.99,-247.76,19,23,7,9,15
2025-02-11,Maceoo PR,4294.24,4423.12,0,-128.88,2,23,1,1,2
2025-02-11,Maceoo Hollywood FL,9698.4,10399.51,-701.11,0,16,63,10,6,16
2025-02-12,Maceoo Atlantic,1707.92,1707.92,0,0,3,6,0,2,3
2025-02-12,Maceoo PR,317.76,317.76,0,0,2,2,0,2,2
2025-02-12,Online Store,9848.98,13969.08,-2513.42,-1606.68,31,25,9,21,30
2025-02-12,Maceoo Cosmo,377.76,377.76,0,0,2,2,2,0,2
2025-02-12,Maceoo Aria,712.8,712.8,0,0,4,7,2,2,4
2025-02-12,Maceoo MGM,2686.02,2935.74,-249.72,0,2,3,1,0,2
2025-02-12,Maceoo Tampa,2749.11,6691,-162.45,-3779.44,9,15,1,5,5
2025-02-12,Maceoo Resorts World Las Vegas,825.18,825.18,0,0,4,8,2,2,4
2025-02-12,Maceoo Biloxi,1415.57,3921.44,-2505.87,0,5,13,2,1,4
2025-02-12,Maceoo Hollywood FL,3248.38,3737.26,0,-488.88,14,30,4,8,13
2025-02-13,Maceoo Cosmo,947.97,1147.41,-199.44,0,5,9,3,2,4
2025-02-13,Maceoo Biloxi,403.64,403.64,0,0,3,3,2,0,3
2025-02-13,Maceoo Aria,6265.91,6265.91,0,0,11,38,7,4,11
2025-02-13,Maceoo Atlantic,2335.3,2335.3,0,0,6,15,2,4,6
2025-02-13,Maceoo MGM,2792.64,3113.28,-320.64,0,7,14,3,2,6
2025-02-13,Online Store,1720.36,2837.43,-323.2,-793.87,9,14,3,6,9
2025-02-13,Maceoo PR,2828.75,2872.08,-43.33,0,11,16,7,4,11
2025-02-13,Maceoo Hollywood FL,8098.26,8136.02,-37.76,0,13,57,6,7,13
2025-02-13,Maceoo Tampa,2727.63,3538.25,-479.64,-330.98,6,16,2,4,5
2025-02-14,Maceoo Resorts World Las Vegas,1766.57,1766.57,0,0,5,14,4,1,5
2025-02-14,Maceoo Hollywood FL,8111.58,8192.53,-80.95,0,21,65,10,9,19
2025-02-14,Maceoo Aria,3365.08,3421.74,-56.66,0,14,22,7,5,12
2025-02-14,Maceoo Biloxi,2701.34,3370.96,-202.87,-466.75,9,24,5,4,8
2025-02-14,Maceoo Cosmo,21887.55,22778.54,-890.99,0,12,42,6,6,12
2025-02-14,Maceoo Tampa,6964.18,7370.3,-307.24,-98.88,11,32,3,6,10
2025-02-14,Maceoo Atlantic,5545.59,5794.47,-149.44,-99.44,11,32,6,4,11
2025-02-14,Online Store,3739.12,4250.29,-432.36,-78.81,16,19,5,10,15
2025-02-14,Maceoo MGM,1599.49,1814.2,-214.71,0,6,12,5,1,6
2025-02-14,Maceoo PR,1876.89,2559.72,-205.79,-477.04,9,18,5,4,9
2025-02-15,Maceoo Tampa,4954.87,7171.94,-751.57,-1465.5,19,41,8,6,15
2025-02-15,Maceoo Atlantic,9829.03,9859.39,-30.36,0,15,33,6,7,13
2025-02-15,Maceoo Cosmo,6939.84,7724.48,-108,-676.64,14,37,7,7,13
2025-02-15,Maceoo Hollywood FL,11477.59,12186.97,-354.72,-354.66,23,68,10,10,21
2025-02-15,Maceoo MGM,2602.47,3093.23,-490.76,0,6,19,2,3,6
2025-02-15,Maceoo Resorts World Las Vegas,4479.66,4528.66,-49,0,9,25,7,2,9
2025-02-15,Maceoo PR,978.62,1301.04,-179.43,-142.99,5,8,2,2,4
2025-02-15,Maceoo Biloxi,1264.49,1649.92,-86.55,-298.88,7,8,4,1,6
2025-02-15,Maceoo Aria,6312.79,6312.79,0,0,12,32,7,4,12
2025-02-15,Online Store,5954.83,6660.8,-705.97,0,23,34,7,14,19
2025-02-16,Online Store,2068.57,2227.45,-158.88,0,8,15,5,3,8
2025-02-16,Maceoo Cosmo,4886.11,6867.11,-83.24,-1897.76,5,13,1,3,5
2025-02-16,Maceoo Atlantic,7832.12,7899.56,-67.44,0,12,43,6,5,12
2025-02-16,Maceoo Hollywood FL,11242.14,11949.57,-707.43,0,13,56,4,9,13
2025-02-16,Maceoo Resorts World Las Vegas,812.81,863.58,-50.77,0,2,5,2,0,2
2025-02-16,Maceoo Biloxi,998.39,1022.16,-23.77,0,4,7,1,1,3
2025-02-16,Maceoo Tampa,2278.1,2552.27,-274.17,0,5,14,2,2,5
2025-02-16,Maceoo Aria,8582.37,8921.36,-338.99,0,9,53,3,5,7
2025-02-16,Maceoo MGM,4984.8,5469.64,-484.84,0,7,13,4,1,6
2025-02-16,Maceoo PR,238.43,257.76,-19.33,0,1,2,1,0,1
2025-02-17,Maceoo Hollywood FL,4950.79,6676.04,0,-1725.25,15,30,11,4,15
2025-02-17,Maceoo Aria,7763.36,7862.24,-98.88,0,7,24,2,5,7
2025-02-17,Maceoo PR,722.19,893.28,-171.09,0,2,6,1,1,2
2025-02-17,Online Store,3533.2,4378.72,-546.64,-298.88,15,18,8,7,14
2025-02-17,Maceoo Tampa,361.66,643.08,-56.66,-224.76,4,6,3,1,4
2025-02-17,Maceoo Resorts World Las Vegas,131.46,131.46,0,0,1,2,1,0,1
2025-02-17,Maceoo Biloxi,287.76,287.76,0,0,2,2,1,1,2
2025-02-17,Maceoo Cosmo,81.76,5080.64,0,-4998.88,1,2,0,1,1
2025-02-17,Maceoo Atlantic,3203.56,3469.1,-37.78,-227.76,11,14,4,6,10
2025-02-17,Maceoo MGM,1296.08,1372.51,-76.43,0,7,15,4,1,6
2025-02-18,Maceoo Aria,6726.7,7678.9,-952.2,0,8,59,3,4,8
2025-02-18,Maceoo Cosmo,2161.73,2161.73,0,0,9,23,5,4,9
2025-02-18,Maceoo PR,951.12,1192.16,-52.16,-188.88,5,6,2,3,4
2025-02-18,Maceoo Tampa,626.4,626.4,0,0,2,4,0,1,2
2025-02-18,Online Store,1639.35,4280.96,-183.77,-2457.84,12,9,3,8,11
2025-02-18,Maceoo Hollywood FL,2679.5,2679.5,0,0,9,12,7,2,9
2025-02-18,Maceoo Biloxi,166.28,217.76,-51.48,0,2,2,0,0,1
2025-02-18,Maceoo MGM,834.09,834.09,0,0,3,5,2,0,3
2025-02-18,Maceoo Atlantic,10777.87,10820.42,-42.55,0,7,19,3,4,7
2025-02-19,Maceoo MGM,192.66,510.42,-317.76,0,2,4,0,2,2
2025-02-19,Maceoo Atlantic,95.76,95.76,0,0,2,2,2,0,2
2025-02-19,Maceoo Tampa,704.98,1010.52,-146.66,-158.88,4,4,4,0,4
2025-02-19,Maceoo Cosmo,910.38,1827.24,0,-916.86,5,8,2,2,5
2025-02-19,Maceoo Aria,4350.58,4712.36,-361.78,0,13,30,5,8,11
2025-02-19,Online Store,1701.08,2329.34,-81.93,-546.33,10,11,3,7,10
2025-02-19,Maceoo Hollywood FL,3677.99,3785.08,-107.09,0,8,20,5,2,7
2025-02-20,Venetian,6500,6500,0,0,1,1,1,0,1
2025-02-20,Maceoo Aria,6824.59,6828.11,-3.52,0,6,97,2,3,6
2025-02-20,Maceoo PR,476.64,476.64,0,0,3,3,3,0,3
2025-02-20,Maceoo Hollywood FL,2867.19,2867.19,0,0,10,27,6,3,10
2025-02-20,Maceoo Resorts World Las Vegas,498.63,498.63,0,0,3,7,2,1,2
2025-02-20,Maceoo Atlantic,5236.47,5509.16,-272.69,0,6,31,2,2,5
2025-02-20,Online Store,2486.6,3035.44,-402.76,-146.08,10,11,5,5,10
2025-02-20,Maceoo Cosmo,2935.25,2935.25,0,0,5,16,3,1,5
2025-02-20,Maceoo MGM,1256.73,1829.04,-572.31,0,3,7,2,1,3
2025-02-20,Maceoo Tampa,68.88,68.88,0,0,1,1,1,0,1
2025-02-20,Maceoo Biloxi,2077.93,2306.56,-218.63,-10,6,34,1,2,4
2025-02-21,Maceoo MGM,1031.27,1031.27,0,0,4,12,2,2,4
2025-02-21,Maceoo PR,1053.28,1541.04,0,-487.76,3,6,1,2,3
2025-02-21,Venetian,248.31,354.72,-106.41,0,1,3,1,0,1
2025-02-21,Maceoo Atlantic,2319.09,2359.86,-40.77,0,9,33,4,4,9
2025-02-21,Maceoo Biloxi,2483.4,3026.88,-543.48,0,7,13,2,1,4
2025-02-21,Maceoo Cosmo,834.48,834.48,0,0,3,6,2,1,3
2025-02-21,Online Store,7043.86,7489.62,-228.33,-217.43,15,31,10,5,15
2025-02-21,Maceoo Aria,11171.35,12671.35,-1500,0,8,112,4,4,8
2025-02-21,Maceoo Hollywood FL,7398.14,7515.94,-117.8,0,16,51,7,8,16
2025-02-21,Maceoo Tampa,11047.75,19277.41,-2467.92,-5761.74,12,28,2,6,8
2025-02-22,Maceoo PR,98.88,98.88,0,0,1,1,0,1,1
2025-02-22,Online Store,2432.9,2517.79,-84.89,0,10,11,3,7,10
2025-02-22,Maceoo MGM,8824.4,9003.22,-178.82,0,14,34,11,2,14
2025-02-22,Maceoo Tampa,6648.34,6950.7,-302.36,0,15,33,8,4,12
2025-02-22,Maceoo Aria,10540.35,15226.81,-2415.37,-2271.09,20,88,11,7,19
2025-02-22,Maceoo Hollywood FL,3570.83,3786.42,-199.79,-15.8,13,37,10,2,13
2025-02-22,Maceoo Resorts World Las Vegas,2505.78,2902.97,-397.19,0,3,29,3,0,3
2025-02-22,Maceoo Atlantic,7648.44,7648.44,0,0,19,41,9,5,15
2025-02-22,Maceoo Cosmo,6968.95,8168.71,-1199.76,0,11,31,8,2,10
2025-02-22,Maceoo Biloxi,1975.8,2237.68,-73,-188.88,7,16,2,2,5
2025-02-23,Maceoo Cosmo,912.54,1312.54,-400,0,3,7,2,1,3
2025-02-23,Maceoo MGM,1293.32,1638.36,-345.04,0,8,16,7,0,8
2025-02-23,Maceoo Resorts World Las Vegas,304.86,304.86,0,0,1,2,1,0,1
2025-02-23,Maceoo PR,183.13,456.52,-27.84,-245.55,2,3,2,0,2
2025-02-23,Maceoo Biloxi,1591.52,1689.16,-97.64,0,5,23,3,1,5
2025-02-23,Maceoo Hollywood FL,6923.47,7621.39,-349.04,-348.88,16,51,10,5,16
2025-02-23,Maceoo Tampa,4664.47,4664.47,0,0,6,23,1,4,6
2025-02-23,Maceoo Atlantic,1218.34,3479.74,-16.76,-2244.64,10,41,5,3,9
2025-02-23,Maceoo Aria,3767.63,3999.38,-231.75,0,12,24,6,5,12
2025-02-23,Online Store,4776.18,5715.49,-939.31,0,21,32,7,13,20
2025-02-24,Maceoo Tampa,293.52,293.52,0,0,2,4,1,0,2
2025-02-24,Maceoo Atlantic,1105.52,1105.52,0,0,3,4,0,2,2
2025-02-24,Maceoo Hollywood FL,1981.93,2229.45,-48.64,-198.88,6,17,4,2,6
2025-02-24,Maceoo MGM,3123.41,3123.41,0,0,5,13,4,1,5
2025-02-24,Maceoo PR,528.4,528.4,0,0,1,5,1,0,1
2025-02-24,Maceoo Cosmo,1575.46,1725.29,-149.83,0,1,6,1,0,1
2025-02-24,Maceoo Biloxi,743.75,852.16,-108.41,0,2,7,1,1,2
2025-02-24,Online Store,3879.96,5124.86,-1244.9,0,14,16,8,6,14
2025-02-24,Maceoo Aria,3079.87,3786.08,-192.55,-513.66,10,30,5,3,8
2025-02-25,Online Store,-3186.51,5315.49,-860.84,-7641.16,16,5,7,9,16
2025-02-25,Maceoo PR,77.64,77.64,0,0,1,3,0,1,1
2025-02-25,Maceoo Atlantic,873.28,873.28,0,0,4,6,2,1,3
2025-02-25,Maceoo Aria,1588.16,1962.74,-171.72,-202.86,3,10,0,3,3
2025-02-25,Maceoo Tampa,1651.18,1851.18,-200,0,3,13,1,1,3
2025-02-25,Maceoo Resorts World Las Vegas,2286.09,2744.86,-458.77,0,4,13,3,1,4
2025-02-25,Maceoo Cosmo,921.13,959.67,-38.54,0,4,8,4,0,4
2025-02-25,Maceoo MGM,2143.87,2518.08,-374.21,0,8,18,4,1,5
2025-02-25,Maceoo Hollywood FL,11447.77,13154.01,-1706.24,0,6,23,3,2,6
2025-02-26,Maceoo Cosmo,2893.83,3242.06,-348.23,0,8,15,4,2,7
2025-02-26,Maceoo PR,1154.4,1154.4,0,0,3,5,2,1,2
2025-02-26,Maceoo Aria,11944.26,12940.36,-996.1,0,12,31,8,4,12
2025-02-26,Maceoo Hollywood FL,1529.38,3793.5,-266.36,-1997.76,10,23,4,4,8
2025-02-26,Maceoo Resorts World Las Vegas,3275.19,3325.13,-49.94,0,4,13,2,1,4
2025-02-26,Online Store,4725.77,6294.46,-619.81,-948.88,28,34,14,14,26
2025-02-26,Maceoo Atlantic,573.64,573.64,0,0,1,3,1,0,1
2025-02-26,Maceoo Tampa,2912.09,5186.26,-549.77,-1724.4,7,12,2,2,5
2025-02-26,Maceoo MGM,4164.01,4871.01,-707,0,12,34,6,4,11
2025-02-27,Maceoo PR,57.09,395.52,-39.55,-298.88,1,4,1,0,1
2025-02-27,Online Store,5685.14,6752.87,-739.97,-327.76,17,28,9,8,16
2025-02-27,Maceoo Cosmo,5143.01,6600.61,-1457.6,0,8,125,5,2,7
2025-02-27,Maceoo Aria,6588.38,9007.27,-2403.89,-15,14,34,7,6,14
2025-02-27,Maceoo Atlantic,3896.52,4099.06,-202.54,0,10,18,6,3,10
2025-02-27,Maceoo Tampa,2208.6,2208.6,0,0,3,5,1,0,2
2025-02-27,Maceoo Biloxi,1216.64,1312.04,-95.4,0,5,8,0,2,3
2025-02-27,Maceoo Hollywood FL,9193.6,10773.85,-1580.25,0,11,30,8,3,11
2025-02-27,Maceoo MGM,2519.23,2772.75,-253.52,0,10,24,8,1,9
2025-02-27,Maceoo Resorts World Las Vegas,936.1,993.89,-57.79,0,3,8,2,1,3
2025-02-28,Maceoo Tampa,8624.92,11315.1,-2621.3,-68.88,13,32,2,7,9
2025-02-28,Maceoo Cosmo,3603.99,3892.87,-100,-188.88,9,25,7,0,8
2025-02-28,Maceoo Aria,2838.75,3089.39,-250.64,0,9,35,4,5,9
2025-02-28,Maceoo MGM,3517.88,3574.54,-56.66,0,7,15,3,3,6
2025-02-28,Maceoo Atlantic,2794.05,3053.95,-81.02,-178.88,12,19,4,6,11
2025-02-28,Maceoo Hollywood FL,15529.08,20002.88,-897.64,-3576.16,30,102,16,11,27
2025-02-28,Maceoo Biloxi,964.62,984.4,-19.78,0,4,15,2,2,4
2025-02-28,Maceoo Resorts World Las Vegas,678.84,678.84,0,0,3,7,3,0,3
2025-02-28,Online Store,5445.81,5697.36,-62.67,-188.88,13,16,7,6,12
2025-02-28,Maceoo PR,536.64,635.52,0,-98.88,2,3,0,2,2
2025-02-28,Venetian,1508.14,4099.44,-2591.3,0,6,19,4,2,6
2025-03-01,Maceoo Aria,8817.66,11362.9,-336.66,-2208.58,17,52,10,7,16
2025-03-01,Maceoo Atlantic,5090.57,5115.57,-25,0,18,27,12,5,18
2025-03-01,Maceoo Cosmo,2218.91,2707.79,-73.32,-415.56,5,12,3,1,5
2025-03-01,Maceoo Biloxi,537.28,537.28,0,0,4,6,3,1,4
2025-03-01,Maceoo Hollywood FL,7023.56,7139.31,-53.76,-61.99,18,52,11,6,18
2025-03-01,Venetian,281.07,683.27,-402.2,0,2,4,2,0,2
2025-03-01,Maceoo Tampa,7016.47,7451.48,-435.01,0,10,33,3,4,7
2025-03-01,Maceoo MGM,10787,12064.8,-1277.8,0,15,46,10,5,14
2025-03-01,Online Store,5423,5672.77,-249.77,0,23,32,12,7,19
2025-03-01,Maceoo PR,257.76,257.76,0,0,2,2,1,1,1
2025-03-01,Maceoo Resorts World Las Vegas,426.52,426.52,0,0,3,4,2,1,3
2025-03-02,Maceoo MGM,2087.1,3866.56,-123.76,-1655.7,7,14,3,0,4
2025-03-02,Maceoo Biloxi,347.76,347.76,0,0,2,2,2,0,2
2025-03-02,Venetian,928.25,2214.84,-1286.59,0,1,4,0,1,1
2025-03-02,Maceoo PR,98.88,98.88,0,0,1,1,1,0,1
2025-03-02,Maceoo Hollywood FL,5911.4,6467.92,-68.52,-488,13,48,7,5,12
2025-03-02,Maceoo Resorts World Las Vegas,4146.99,5183.73,-1036.74,0,2,18,0,1,1
2025-03-02,Maceoo Tampa,1678.73,2406.16,-378.55,-348.88,7,11,2,3,6
2025-03-02,Maceoo Atlantic,5296.76,6162.62,-184.39,-681.47,7,22,2,5,7
2025-03-02,Maceoo Aria,8299.4,9707.59,-811.9,-596.29,12,52,7,5,11
2025-03-02,Maceoo Cosmo,2515.19,3612.21,-1097.02,0,5,14,4,0,5
2025-03-02,Online Store,7074.16,7920.73,-846.57,0,20,44,7,11,18
2025-03-03,Maceoo MGM,1358.54,1358.54,0,0,5,12,2,1,4
2025-03-03,Maceoo Biloxi,635.52,635.52,0,0,2,4,1,1,2
2025-03-03,Maceoo Cosmo,444.09,622.29,-178.2,0,4,6,3,1,4
2025-03-03,Maceoo Resorts World Las Vegas,960.11,960.11,0,0,3,7,2,1,3
2025-03-03,Maceoo Tampa,2262.71,2566.53,-303.82,0,2,9,0,2,2
2025-03-03,Maceoo PR,158.88,665.52,0,-506.64,1,1,0,1,1
2025-03-03,Online Store,2572.91,3423.64,-251.76,-598.97,15,23,8,6,14
2025-03-03,Maceoo Atlantic,2317.25,2416.69,-99.44,0,7,10,2,5,7
2025-03-03,Maceoo Aria,2614.58,3772.44,-955,-202.86,7,12,5,1,7
2025-03-03,Maceoo Hollywood FL,7654.29,7778.73,-124.44,0,11,53,7,3,11
2025-03-04,Maceoo MGM,229.26,229.26,0,0,2,4,2,0,2
2025-03-04,Online Store,418.62,8822.01,-6531.45,-1871.94,12,3,1,11,12
2025-03-04,Maceoo Cosmo,691.32,691.32,0,0,2,4,2,0,2
2025-03-04,Maceoo Aria,3019.6,3202.06,0,-182.46,4,7,2,1,3
2025-03-04,Maceoo Tampa,68.88,68.88,0,0,1,1,0,0,1
2025-03-04,Maceoo Biloxi,1092.52,1164.28,-71.76,0,3,6,1,2,3
2025-03-04,Maceoo Hollywood FL,10124.2,10193.08,-68.88,0,22,57,15,3,18
2025-03-04,Maceoo PR,367.76,496.64,0,-128.88,1,2,0,1,1
2025-03-05,Maceoo Tampa,1091.45,1146.68,-55.23,0,4,10,1,3,4
2025-03-05,Maceoo Biloxi,1604.67,2805.84,-254.57,-946.6,5,12,0,3,3
2025-03-05,Venetian,96,120,-24,0,1,2,0,1,1
2025-03-05,Maceoo Aria,5669.26,5669.26,0,0,6,18,3,3,5
2025-03-05,Maceoo Hollywood FL,3747.52,3747.52,0,0,16,43,11,4,15
2025-03-05,Maceoo PR,98.88,98.88,0,0,1,1,0,1,1
2025-03-05,Maceoo Cosmo,457.08,486.88,-29.8,0,1,2,1,0,1
2025-03-05,Maceoo MGM,380.99,420.28,-39.29,0,4,8,3,0,4
2025-03-05,Online Store,1708.59,2795.34,-313.99,-772.76,14,10,5,8,13
2025-03-05,Maceoo Atlantic,995.26,995.26,0,0,3,7,1,2,3
2025-03-05,Maceoo Resorts World Las Vegas,2691.99,3978.93,-1286.94,0,2,49,1,1,2
2025-03-06,Online Store,3646.92,4331.34,-196.66,-487.76,11,11,4,7,11
2025-03-06,Maceoo Hollywood FL,8871.98,9639.24,-767.26,0,16,51,11,5,15
2025-03-06,Maceoo PR,188.88,188.88,0,0,1,1,1,0,1
2025-03-06,Maceoo Atlantic,620.04,638.92,-18.88,0,3,5,0,3,3
2025-03-06,Maceoo Biloxi,503.88,692.76,0,-188.88,2,2,1,1,2
2025-03-06,Maceoo Tampa,7673.21,8485.23,-48.16,-763.86,6,28,1,4,6
2025-03-06,Maceoo Cosmo,966.52,966.52,0,0,3,7,3,0,3
2025-03-06,Maceoo Resorts World Las Vegas,1237.36,1318.42,-81.06,0,4,6,1,2,2
2025-03-06,Maceoo MGM,2150.17,2535.81,-385.64,0,9,24,7,2,9
2025-03-06,Maceoo Aria,5863.54,6252.25,-388.71,0,11,26,4,7,11
2025-03-07,Maceoo Resorts World Las Vegas,3410.84,3454.35,-43.51,0,8,15,6,2,8
2025-03-07,Maceoo Tampa,2671.65,3329.43,-19.15,-638.63,6,17,0,3,4
2025-03-07,Maceoo MGM,2732.9,3160.66,-427.76,0,4,11,3,1,4
2025-03-07,Maceoo Biloxi,3411.54,3498.2,-86.66,0,11,27,5,6,10
2025-03-07,Maceoo Aria,2720.42,2720.42,0,0,8,14,4,3,7
2025-03-07,Maceoo Hollywood FL,3897.7,4420.44,-234.98,-287.76,11,20,4,5,10
2025-03-07,Maceoo PR,982.16,982.16,0,0,1,7,1,0,1
2025-03-07,Maceoo Cosmo,5751.64,6419.69,-485.59,-182.46,9,24,3,5,8
2025-03-07,Maceoo Atlantic,4710.53,5387.08,-81.03,-595.52,12,29,3,8,12
2025-03-07,Online Store,7406.63,8727.2,-1112.81,-207.76,29,39,13,12,23
2025-03-08,Maceoo Tampa,6815.48,8782.15,-581.36,-1385.31,11,31,1,5,7
2025-03-08,Maceoo Biloxi,2442.37,3280.96,-208.84,-629.75,8,14,4,3,7
2025-03-08,Maceoo MGM,3994.94,7298.69,-3303.75,0,8,18,4,2,7
2025-03-08,Maceoo Hollywood FL,8767.11,9321.39,-157.64,-396.64,30,66,17,7,25
2025-03-08,Maceoo Aria,9692.03,11463.36,-1771.33,0,13,38,7,5,11
2025-03-08,Maceoo Cosmo,7994.08,11691.47,-293,-3404.39,14,38,7,5,12
2025-03-08,Maceoo Atlantic,13536.81,13704.3,-167.49,0,12,42,5,4,10
2025-03-08,Maceoo PR,386.64,386.64,0,0,2,3,0,2,2
2025-03-08,Online Store,3345.04,3567.8,-44.78,-177.98,12,15,8,4,11
2025-03-09,Maceoo Resorts World Las Vegas,879.61,1093.1,-213.49,0,3,7,3,0,3
2025-03-09,Maceoo Cosmo,3110.2,3189.64,-79.44,0,8,48,7,1,7
2025-03-09,Maceoo Aria,1065.87,1499.5,-55.87,-377.76,3,4,3,0,3
2025-03-09,Maceoo Biloxi,623.44,623.44,0,0,5,13,4,0,5
2025-03-09,Maceoo MGM,536.61,575.7,-9.63,-29.46,5,8,3,0,4
2025-03-09,Online Store,7416.63,8244.72,-828.09,0,19,36,8,11,18
2025-03-09,Maceoo PR,317.76,317.76,0,0,2,2,2,0,2
2025-03-09,Maceoo Atlantic,3424,3950.04,-19.16,-506.88,12,57,5,5,11
2025-03-09,Maceoo Hollywood FL,2526.5,2526.5,0,0,6,21,4,2,6
2025-03-09,Maceoo Tampa,5006.11,5024.37,-18.26,0,9,24,1,7,9
2025-03-10,Maceoo Hollywood FL,-162.05,486.18,0,-648.23,2,0,0,2,2
2025-03-10,Maceoo Atlantic,2049.17,2117.61,-68.44,0,7,17,3,2,6
2025-03-10,Maceoo Resorts World Las Vegas,1001.97,1001.97,0,0,5,11,4,0,5
2025-03-10,Maceoo Tampa,1596.87,3598.28,-429.54,-1571.87,5,28,2,1,4
2025-03-10,Maceoo MGM,5170.42,5170.42,0,0,3,13,2,1,3
2025-03-10,Online Store,667.43,4240.88,-907.09,-2666.36,13,15,5,8,13
2025-03-10,Maceoo Aria,4681.86,5548.5,-866.64,0,10,23,6,3,9
2025-03-10,Maceoo PR,386.64,386.64,0,0,2,3,0,1,2
2025-03-10,Maceoo Cosmo,1927.48,2037.48,-110,0,4,10,2,0,3
2025-03-10,Maceoo Biloxi,1609.73,1852.16,-113.55,-128.88,3,6,3,0,3
2025-03-11,Maceoo Cosmo,770.63,770.63,0,0,2,6,1,1,2
2025-03-11,Maceoo Resorts World Las Vegas,910.6,1099.48,0,-188.88,2,5,2,0,2
2025-03-11,Maceoo MGM,2403.07,3168.62,-277.79,-487.76,6,11,4,2,5
2025-03-11,Maceoo Tampa,380.16,380.16,0,0,3,7,0,1,2
2025-03-11,Maceoo Aria,1123.88,1123.88,0,0,5,11,3,2,5
2025-03-11,Maceoo Atlantic,941.72,1011.04,-69.32,0,3,8,0,1,2
2025-03-11,Online Store,881.89,1840.09,0,-958.2,7,7,3,4,7
2025-03-11,Maceoo Hollywood FL,4435.57,4645.46,-209.89,0,11,59,6,4,10
2025-03-11,Maceoo Biloxi,721.64,744.4,-22.76,0,3,5,2,0,3
2025-03-12,Online Store,3963.29,4854,-890.71,0,13,26,6,7,13
2025-03-12,Venetian,2060,2060,0,0,2,2,2,0,2
2025-03-12,Maceoo Tampa,2752.16,2906.32,-154.16,0,4,35,2,1,4
2025-03-12,Maceoo Resorts World Las Vegas,1383.9,1433.84,-49.94,0,2,7,2,0,2
2025-03-12,Maceoo MGM,904.99,1021.31,-116.32,0,4,10,3,0,4
2025-03-12,Maceoo Cosmo,754.43,770.31,-15.88,0,2,6,1,1,2
2025-03-12,Maceoo PR,524.4,524.4,0,0,1,5,1,0,1
2025-03-12,Maceoo Hollywood FL,2264.31,2933.22,-70.03,-598.88,9,23,6,3,9
2025-03-12,Maceoo Atlantic,885.52,885.52,0,0,3,4,0,3,3
2025-03-12,Maceoo Aria,1303.99,1372.87,-68.88,0,5,23,2,3,5
2025-03-12,Maceoo Biloxi,1007.85,1101.04,-93.19,0,3,8,1,2,3
2025-03-13,Maceoo Hollywood FL,4361.35,4798.61,-248.38,-188.88,7,27,1,6,7
2025-03-13,Maceoo PR,1059.68,1282.16,-222.48,0,5,7,0,4,4
2025-03-13,Online Store,7916.56,8928.64,-1012.08,0,19,28,7,10,16
2025-03-13,Maceoo Atlantic,1269.06,1314.76,-45.7,0,3,6,2,1,3
2025-03-13,Maceoo Aria,2396.92,2568.94,-103.14,-68.88,9,18,7,2,9
2025-03-13,Maceoo Resorts World Las Vegas,317.94,317.94,0,0,3,5,2,0,3
2025-03-13,Maceoo MGM,2284.19,2523.74,-239.55,0,7,16,5,2,7
2025-03-13,Maceoo Cosmo,4989.32,4989.32,0,0,6,18,4,2,5
2025-03-13,Maceoo Tampa,1823.74,1823.74,0,0,4,8,3,0,4
2025-03-13,Maceoo Biloxi,1633.64,1730.04,-96.4,0,2,9,0,1,2
2025-03-14,Maceoo Resorts World Las Vegas,1185.18,1185.18,0,0,4,10,4,0,4
2025-03-14,Online Store,1522.03,1650.8,-128.77,0,9,12,3,6,9
2025-03-14,Maceoo MGM,22471.9,27803.19,-5331.29,0,13,73,6,2,8
2025-03-14,Maceoo Aria,8837.18,8952.54,-115.36,0,13,55,10,2,12
2025-03-14,Maceoo Tampa,3139.86,3645.4,-156.66,-348.88,9,13,3,5,9
2025-03-14,Maceoo Atlantic,1844.67,1880.26,-35.59,0,5,7,3,2,5
2025-03-14,Maceoo Hollywood FL,9307.14,9344.9,-37.76,0,14,52,7,7,14
2025-03-14,Maceoo Cosmo,1952.68,1990.44,-37.76,0,8,17,6,0,7
2025-03-14,Maceoo PR,1518.12,1576.56,-58.44,0,7,12,3,4,7
2025-03-14,Maceoo Biloxi,1417.7,1548.8,-131.1,0,5,10,2,2,3
2025-03-15,Maceoo PR,2759.52,2879.84,-120.32,0,6,18,1,4,5
2025-03-15,Maceoo Hollywood FL,7156.79,7784.9,-90.76,-537.35,23,56,9,11,21
2025-03-15,Maceoo Aria,4630.78,5648.51,-1017.73,0,11,34,3,6,10
2025-03-15,Online Store,4426.42,6445.28,-2018.86,0,19,31,7,12,19
2025-03-15,Maceoo Cosmo,2609.96,2627.84,-17.88,0,8,18,4,4,7
2025-03-15,Maceoo Tampa,5004.76,5627.69,-622.93,0,13,43,1,6,8
2025-03-15,Maceoo Atlantic,4147.05,4173.34,-26.29,0,15,34,6,8,15
2025-03-15,Maceoo Biloxi,1952.61,2069.92,-117.31,0,5,9,3,2,5
2025-03-15,Maceoo MGM,94.44,188.88,-94.44,0,1,1,0,0,1
2025-03-16,Maceoo Resorts World Las Vegas,270.6,270.6,0,0,2,4,2,0,2
2025-03-16,Maceoo PR,1956.68,1986.56,-29.88,0,5,12,3,2,5
2025-03-16,Maceoo Hollywood FL,4049.44,4209.21,-159.77,0,11,29,7,3,11
2025-03-16,Maceoo Aria,5425.16,5425.16,0,0,7,22,5,2,7
2025-03-16,Maceoo Tampa,2861.59,2909.25,-47.66,0,9,22,3,3,7
2025-03-16,Maceoo Biloxi,798.84,833.28,-34.44,0,5,6,2,3,4
2025-03-16,Online Store,3459.05,3886.81,-238.88,-188.88,13,20,7,6,13
2025-03-16,Maceoo MGM,2459.14,2716.4,-257.26,0,6,11,4,1,6
2025-03-16,Maceoo Atlantic,3479.36,3479.36,0,0,10,22,4,6,10
2025-03-16,Maceoo Cosmo,5125.46,5525.46,-400,0,3,20,2,1,3
2025-03-17,Maceoo Tampa,2305.45,2703.21,0,-397.76,3,14,0,1,2
2025-03-17,Maceoo Hollywood FL,5556.58,6645.06,-1088.48,0,10,34,7,3,10
2025-03-17,Maceoo Atlantic,1067.2,1516.04,-52.2,-396.64,5,10,3,2,5
2025-03-17,Online Store,2521.26,4375.47,-420.37,-1433.84,14,20,7,7,13
2025-03-17,Maceoo Biloxi,1600.68,1717.44,-116.76,0,7,13,4,3,7
2025-03-17,Maceoo Resorts World Las Vegas,588.18,588.18,0,0,2,5,1,1,2
2025-03-17,Maceoo Cosmo,1012.48,2404.64,-1392.16,0,4,13,1,2,3
2025-03-17,Maceoo Aria,2465.88,2526.88,0,-61,10,76,6,3,9
2025-03-17,Maceoo MGM,9834.13,16349.64,-6515.51,0,8,18,1,4,6
2025-03-17,Maceoo PR,1252.5,1341.04,-88.54,0,5,8,3,2,5
2025-03-18,Maceoo Biloxi,766.58,798.52,-31.94,0,5,5,0,4,5
2025-03-18,Maceoo Atlantic,1233.93,1233.93,0,0,3,7,3,0,3
2025-03-18,Maceoo Tampa,724.63,784.4,-59.77,0,3,5,1,0,2
2025-03-18,Online Store,-444.41,6011.48,-1824.62,-4631.27,27,2,16,9,25
2025-03-18,Maceoo MGM,3530.37,3651.8,-121.43,0,7,19,6,1,7
2025-03-18,Maceoo PR,764.4,764.4,0,0,1,5,0,1,1
2025-03-18,Maceoo Resorts World Las Vegas,922.24,973.42,-51.18,0,4,8,3,1,4
2025-03-18,Maceoo Hollywood FL,1241.69,1241.69,0,0,4,11,3,1,4
2025-03-18,Maceoo Cosmo,2405.95,2424.83,-18.88,0,5,17,4,0,5
2025-03-18,Maceoo Aria,4734.96,5844.58,-669.62,-440,9,25,2,5,8
2025-03-19,Maceoo Biloxi,728.88,728.88,0,0,2,2,1,1,2
2025-03-19,Maceoo Hollywood FL,4186.95,4498.27,-122.44,-188.88,8,31,5,3,8
2025-03-19,Maceoo Aria,3613.17,3715.05,-101.88,0,8,34,5,3,8
2025-03-19,Maceoo Cosmo,3683.43,4536.33,-852.9,0,5,17,1,3,4
2025-03-19,Online Store,6302.92,7100.46,-797.54,0,23,29,14,9,23
2025-03-19,Maceoo MGM,3744.89,4507.52,-762.63,0,7,24,6,1,7
2025-03-19,Maceoo Resorts World Las Vegas,967.76,967.76,0,0,1,3,1,0,1
2025-03-19,Maceoo PR,2340.96,2757.6,0,-416.64,6,17,2,3,5
2025-03-19,Maceoo Tampa,25.88,25.88,0,0,1,1,0,1,1
2025-03-19,Maceoo Atlantic,10693.16,10785.48,-92.32,0,6,28,3,3,6
2025-03-20,Maceoo Tampa,3202.97,3202.97,0,0,3,8,1,1,2
2025-03-20,Maceoo Aria,7653.92,7653.92,0,0,7,30,4,3,7
2025-03-20,Maceoo Hollywood FL,3477.72,3477.72,0,0,8,22,4,4,8
2025-03-20,Maceoo MGM,4033.36,4362.4,-329.04,0,10,26,7,2,10
2025-03-20,Maceoo Atlantic,3941.82,3941.82,0,0,10,20,8,2,10
2025-03-20,Maceoo PR,377.76,377.76,0,0,1,2,0,1,1
2025-03-20,Maceoo Cosmo,1573.73,1757.35,-183.62,0,7,16,7,0,7
2025-03-20,Maceoo Resorts World Las Vegas,202.86,202.86,0,0,1,2,0,1,1
2025-03-20,Online Store,7456.02,8840.45,-346.1,-1038.33,23,25,12,10,22
2025-03-20,Maceoo Biloxi,795.52,795.52,0,0,2,4,1,1,2
2025-03-21,Maceoo Biloxi,145.47,150.64,-5.17,0,2,3,0,2,2
2025-03-21,Maceoo Atlantic,3410.26,3539.14,0,-128.88,7,8,4,2,7
2025-03-21,Maceoo Aria,15909.87,17486.44,-1576.57,0,14,140,9,3,13
2025-03-21,Maceoo Hollywood FL,7921.93,8694.51,-50,-722.58,20,58,9,8,18
2025-03-21,Maceoo Cosmo,1156.59,1234.99,-78.4,0,5,12,3,2,5
2025-03-21,Maceoo PR,1903.85,2086.56,-23.83,-158.88,4,11,0,4,4
2025-03-21,Online Store,7636.16,13079.44,-4175.36,-1267.92,52,69,40,12,52
2025-03-21,Maceoo Resorts World Las Vegas,2276.93,2276.93,0,0,3,10,2,1,3
2025-03-21,Maceoo Tampa,2660.32,3291.66,-142.46,-488.88,7,13,4,2,7
2025-03-21,Maceoo MGM,3846.7,4766,-533.98,-385.32,12,49,4,2,7
2025-03-22,Maceoo MGM,10219.68,12020.5,-1800.82,0,12,61,8,2,11
2025-03-22,Maceoo Resorts World Las Vegas,2879.99,2879.99,0,0,3,13,2,1,3
2025-03-22,Maceoo Biloxi,340.78,536.4,-36.74,-158.88,4,5,1,2,3
2025-03-22,Maceoo Atlantic,5069.13,6556.89,0,-1487.76,11,47,1,7,9
2025-03-22,Maceoo PR,416.64,416.64,0,0,2,3,2,0,2
2025-03-22,Maceoo Cosmo,3351.98,3956.5,-305.64,-298.88,7,17,5,2,7
2025-03-22,Online Store,4584.44,4705.78,-121.34,0,23,26,12,11,23
2025-03-22,Venetian,203.72,203.72,0,0,1,1,1,0,1
2025-03-22,Maceoo Aria,2146,2279,-133,0,8,21,7,1,8
2025-03-22,Maceoo Tampa,2506.92,2515.42,-8.5,0,7,14,2,4,7
2025-03-22,Maceoo Hollywood FL,4601.86,4985.41,-103.21,-280.34,19,33,7,10,18
2025-03-23,Maceoo Aria,3166.03,3199.09,-33.06,0,5,17,2,3,5
2025-03-23,Maceoo Atlantic,2103.52,2103.52,0,0,5,10,2,3,5
2025-03-23,Maceoo Resorts World Las Vegas,100.86,100.86,0,0,1,2,1,0,1
2025-03-23,Online Store,-80.04,3919,-1723.75,-2275.29,18,9,7,10,17
2025-03-23,Maceoo PR,655.4,814.28,-158.88,0,4,6,1,3,4
2025-03-23,Maceoo Hollywood FL,3499.92,3747.01,-19.33,-227.76,6,24,3,2,6
2025-03-23,Maceoo MGM,3136.51,3344.46,-207.95,0,8,23,6,1,7
2025-03-23,Maceoo Tampa,5528.13,5741.53,-114.16,-99.24,8,25,4,4,7
2025-03-23,Maceoo Cosmo,453.92,501.92,-48,0,5,7,3,1,3
2025-03-24,Maceoo Aria,2019.92,2087.92,-68,0,4,77,1,2,3
2025-03-24,Online Store,4825.36,5756.06,-460.54,-470.16,23,22,18,4,22
2025-03-24,Maceoo Cosmo,1771.44,1861.44,-90,0,5,13,2,1,4
2025-03-24,Maceoo PR,347.2,495.52,-148.32,0,2,4,0,2,2
2025-03-24,Maceoo Tampa,1870.7,1968.36,-97.66,0,3,5,2,1,3
2025-03-24,Maceoo Hollywood FL,2753.02,2784.79,-31.77,0,7,20,3,3,7
2025-03-24,Maceoo Biloxi,662.64,662.64,0,0,1,12,1,0,1
2025-03-24,Maceoo Resorts World Las Vegas,451.8,451.8,0,0,3,5,2,1,3
2025-03-24,Maceoo Atlantic,1202.04,1202.04,0,0,6,8,2,3,5
2025-03-24,Maceoo MGM,586.5,586.5,0,0,1,2,1,0,1
2025-03-25,Online Store,4669.96,5289.83,-592.81,-27.06,20,19,13,5,17
2025-03-25,Maceoo Atlantic,459.22,965.86,-17.76,-488.88,3,6,1,1,3
2025-03-25,Maceoo Cosmo,1099.58,1148.46,-48.88,0,4,7,3,1,4
2025-03-25,Maceoo Biloxi,428.97,476.64,-47.67,0,1,3,1,0,1
2025-03-25,Maceoo MGM,924.66,1087.4,-162.74,0,6,11,3,0,4
2025-03-25,Maceoo PR,0,188.88,0,-188.88,0,0,0,0,0
2025-03-25,Maceoo Hollywood FL,3004.31,3248.88,-244.57,0,8,23,5,3,7
2025-03-25,Maceoo Tampa,1823.52,1823.52,0,0,2,4,1,1,2
2025-03-25,Maceoo Resorts World Las Vegas,811.88,913.68,-101.8,0,2,4,2,0,2
2025-03-25,Maceoo Aria,10865.45,12050.04,-1184.59,0,8,33,3,4,7
2025-03-26,Maceoo Resorts World Las Vegas,1592.2,1726.92,-134.72,0,5,11,5,0,5
2025-03-26,Maceoo Hollywood FL,3211.9,4204.3,-435.76,-556.64,15,33,6,7,12
2025-03-26,Online Store,1839.27,3228.49,-257.64,-1131.58,14,17,9,5,14
2025-03-26,Maceoo Atlantic,940.17,1337.2,-19.27,-377.76,7,13,4,2,7
2025-03-26,Maceoo MGM,3668.63,3725.29,-56.66,0,3,16,2,0,3
2025-03-26,Maceoo PR,3960.78,4122.44,-161.66,0,6,13,2,4,6
2025-03-26,Maceoo Biloxi,1380.2,1576.16,-195.96,0,10,10,4,6,10
2025-03-26,Maceoo Tampa,610.42,610.42,0,0,3,4,2,0,3
2025-03-26,Maceoo Aria,4641.39,6077.64,-1436.25,0,10,48,5,3,8
2025-03-26,Maceoo Cosmo,986.8,986.8,0,0,4,10,3,1,4
2025-03-27,Maceoo PR,1520.69,1715.52,-194.83,0,3,4,0,3,3
2025-03-27,Maceoo MGM,3094.55,3544.21,-449.66,0,7,20,5,1,7
2025-03-27,Maceoo Aria,3726.29,3843.88,-117.59,0,10,20,9,1,9
2025-03-27,Maceoo Hollywood FL,4079.07,4167.72,-88.65,0,13,40,6,6,13
2025-03-27,Online Store,2708.25,2812.92,-104.67,0,16,25,11,4,15
2025-03-27,Maceoo Cosmo,3161.67,3196.55,-34.88,0,7,15,5,1,6
2025-03-27,Maceoo Resorts World Las Vegas,2250.48,2250.48,0,0,2,5,2,0,2
2025-03-27,Maceoo Atlantic,2041.84,2041.84,0,0,5,15,0,3,4
2025-03-27,Maceoo Biloxi,897,996.64,-99.64,0,2,3,0,2,2
2025-03-27,Maceoo Tampa,4733.34,5272.02,-538.68,0,7,13,1,1,3
2025-03-28,Maceoo Cosmo,870.06,4318.86,-3448.8,0,6,16,4,2,6
2025-03-28,Maceoo MGM,1999.12,2253.05,-253.93,0,7,17,3,2,5
2025-03-28,Maceoo PR,1818.09,2025.72,-37.74,-169.89,9,17,6,3,8
2025-03-28,Maceoo Biloxi,8044.24,8148.68,-104.44,0,5,40,4,0,5
2025-03-28,Maceoo Atlantic,3166.98,4064.74,0,-897.76,9,17,4,2,7
2025-03-28,Maceoo Hollywood FL,5981.7,6650.16,-438.72,-229.74,18,43,11,6,17
2025-03-28,Maceoo Resorts World Las Vegas,131.46,131.46,0,0,1,2,1,0,1
2025-03-28,Online Store,4658.15,6891.27,-983.85,-1249.27,27,41,14,11,25
2025-03-28,Maceoo Aria,5315.1,6152.68,-837.58,0,16,40,9,7,16
2025-03-28,Maceoo Tampa,4563.53,8197.03,-992.66,-2640.84,12,30,4,6,10
2025-03-29,Maceoo Tampa,4319.26,4983.01,-73.33,-590.42,13,27,6,5,11
2025-03-29,Maceoo Aria,8983.01,9374.55,-391.54,0,15,43,9,5,15
2025-03-29,Maceoo MGM,2345.65,2710.77,-365.12,0,10,25,6,3,9
2025-03-29,Maceoo Biloxi,2678.36,2827.56,-149.2,0,5,12,1,3,3
2025-03-29,Online Store,3689.46,3968.34,-278.88,0,21,24,14,7,21
2025-03-29,Maceoo Hollywood FL,5696.86,6684.23,-171,-816.37,21,56,11,8,20
2025-03-29,Maceoo Cosmo,3234.92,3430.41,-195.49,0,10,25,6,3,9
2025-03-29,Maceoo PR,3737.9,3890.88,-152.98,0,10,26,6,4,10
2025-03-29,Maceoo Atlantic,4593.26,5112.2,-203.71,-315.23,19,32,11,7,16
2025-03-29,Maceoo Resorts World Las Vegas,3362.3,3462.3,-100,0,3,8,2,1,3
2025-03-29,Venetian,1080,1080,0,0,2,2,1,1,1
2025-03-30,Maceoo PR,6127.24,6706.2,-578.96,0,17,40,8,9,17
2025-03-30,Maceoo Cosmo,1608.5,1829.2,-220.7,0,3,5,3,0,3
2025-03-30,Maceoo Resorts World Las Vegas,242.52,242.52,0,0,1,3,1,0,1
2025-03-30,Maceoo Aria,4078.82,4399.92,-122.22,-198.88,12,40,6,3,8
2025-03-30,Online Store,7061.18,7111.18,-50,0,22,29,16,6,22
2025-03-30,Maceoo Atlantic,4961.76,5552.38,0,-590.62,11,25,4,6,9
2025-03-30,Maceoo Tampa,1390.56,3048.04,-293.32,-1364.16,7,9,1,3,4
2025-03-30,Maceoo Hollywood FL,6040.27,6098.91,-58.64,0,17,46,7,8,16
2025-03-30,Maceoo Biloxi,298.88,298.88,0,0,1,1,0,1,1
2025-03-30,Maceoo MGM,885,885,0,0,3,6,2,0,3
2025-03-31,Online Store,5764.52,9469.11,-1873.08,-1831.51,35,33,27,8,33
2025-03-31,Maceoo Tampa,5738.93,5818.36,-79.43,0,5,7,2,2,5
2025-03-31,Maceoo Atlantic,1575.8,1575.8,0,0,4,8,2,1,4
2025-03-31,Maceoo Hollywood FL,5638.24,5775.78,-137.54,0,20,50,8,8,17
2025-03-31,Maceoo PR,665.52,665.52,0,0,2,4,0,2,2
2025-03-31,Maceoo Aria,3545.98,5078.86,-1532.88,0,26,56,11,13,25
2025-03-31,Maceoo Cosmo,794.22,810.1,-15.88,0,5,10,3,2,5
2025-03-31,Maceoo MGM,1347.73,1867.8,-359.52,-160.55,4,8,2,1,3
2025-04-01,Maceoo Tampa,791.03,791.03,0,0,1,5,0,1,1
2025-04-01,Maceoo Biloxi,632.03,715.52,-83.49,0,2,4,0,1,2
2025-04-01,Maceoo PR,2526.52,2603.84,-77.32,0,7,18,2,5,7
2025-04-01,Online Store,4203.68,6355.52,-187.22,-1964.62,13,25,3,9,12
2025-04-01,Maceoo Aria,8639.33,8793.8,-154.47,0,14,61,7,6,13
2025-04-01,Maceoo Atlantic,1737.78,2112.76,0,-374.98,2,55,1,1,2
2025-04-01,Maceoo MGM,881.55,1121.1,-239.55,0,3,5,1,0,2
2025-04-01,Maceoo Hollywood FL,628.1,628.1,0,0,3,5,3,0,3
2025-04-01,Maceoo Resorts World Las Vegas,1448.15,1457.03,-8.88,0,4,10,3,1,4
2025-04-01,Maceoo Cosmo,2935.25,2935.25,0,0,6,17,5,0,6
2025-04-02,Maceoo MGM,2526.94,2721.82,-194.88,0,4,10,2,0,3
2025-04-02,Maceoo Hollywood FL,14045.15,14641.79,0,-596.64,9,22,6,2,8
2025-04-02,Maceoo Tampa,1611.62,1910.5,-298.88,0,2,7,0,2,2
2025-04-02,Online Store,840.82,2540.7,-1155.54,-544.34,13,3,4,9,13
2025-04-02,Maceoo Resorts World Las Vegas,657.7,677.7,-20,0,4,9,2,2,4
2025-04-02,Maceoo Cosmo,2085.82,2085.82,0,0,7,17,4,2,7
2025-04-02,Maceoo Atlantic,2991.53,3151.3,-159.77,0,8,11,2,4,6
2025-04-02,Maceoo Aria,3781.19,3907.08,-125.89,0,12,31,9,1,11
2025-04-02,Maceoo PR,2165.02,2325.32,-160.3,0,6,14,3,3,6
2025-04-02,Maceoo Biloxi,812.52,1082.16,-269.64,0,4,20,3,1,3
2025-04-03,Maceoo Hollywood FL,8346.55,9849.78,-171.6,-1331.63,21,37,7,9,17
2025-04-03,Maceoo Atlantic,457.76,457.76,0,0,2,3,2,0,2
2025-04-03,Maceoo Tampa,2458.86,2697.4,-38.66,-199.88,8,14,2,4,7
2025-04-03,Maceoo Biloxi,441.88,457.76,-15.88,0,2,2,0,1,1
2025-04-03,Maceoo MGM,7258.35,7552.14,-293.79,0,7,16,4,2,6
2025-04-03,Online Store,3438.35,5008.72,-307.22,-1263.15,19,19,10,8,18
2025-04-03,Maceoo Cosmo,1824.12,2323.56,-499.44,0,8,16,7,0,8
2025-04-03,Maceoo PR,884.52,885.4,-0.88,0,4,5,4,0,4
2025-04-03,Maceoo Resorts World Las Vegas,100.86,100.86,0,0,1,2,1,0,1
2025-04-03,Maceoo Aria,10566.9,10767.54,-1.76,-198.88,9,102,6,2,9
2025-04-04,Maceoo MGM,5091.38,5759.79,-668.41,0,9,37,3,3,7
2025-04-04,Online Store,2095.54,2155.43,-59.89,0,8,14,3,5,8
2025-04-04,Maceoo Resorts World Las Vegas,259.06,421.52,-63.58,-98.88,2,3,0,1,2
2025-04-04,Maceoo PR,863.28,863.28,0,0,4,6,2,2,4
2025-04-04,Maceoo Cosmo,3829.08,3929.08,-100,0,9,19,6,3,9
2025-04-04,Maceoo Biloxi,4736.54,6361.16,-1624.62,0,6,8,3,3,6
2025-04-04,Maceoo Hollywood FL,5221.9,5291.44,-69.54,0,15,35,11,4,15
2025-04-04,Maceoo Atlantic,828.76,828.76,0,0,4,7,3,1,4
2025-04-04,Maceoo Tampa,4052.51,4511.71,-459.2,0,7,21,2,3,5
2025-04-04,Maceoo Aria,11044.67,11766.29,-721.62,0,15,68,10,4,14
2025-04-05,Maceoo Aria,5672.38,6525.65,-853.27,0,19,69,10,7,18
2025-04-05,Online Store,7710.49,7913.11,-202.62,0,21,25,14,6,18
2025-04-05,Maceoo Hollywood FL,15015.4,21807.12,-223.32,-6568.4,31,69,12,12,24
2025-04-05,Maceoo Biloxi,6262.54,6976.4,-713.86,0,16,30,6,9,14
2025-04-05,Maceoo Cosmo,3274,3379,-105,0,10,24,4,3,8
2025-04-05,Maceoo MGM,3498.2,4796.47,-1144.14,-154.13,11,29,7,3,10
2025-04-05,Maceoo Atlantic,10170.18,10722.34,0,-552.16,24,63,11,10,21
2025-04-05,Maceoo PR,1170.92,1170.92,0,0,4,9,3,1,4
2025-04-05,Maceoo Resorts World Las Vegas,1645.55,1684.07,-38.52,0,5,13,4,1,4
2025-04-05,Maceoo Tampa,1441.48,4728.08,-651.24,-2635.36,9,11,1,4,5
2025-04-06,Maceoo Hollywood FL,4684.16,5037.56,-35.64,-317.76,20,73,13,4,18
2025-04-06,Maceoo Cosmo,1939.38,2044.9,-105.52,0,8,17,7,1,8
2025-04-06,Maceoo Resorts World Las Vegas,711.72,711.72,0,0,1,3,1,0,1
2025-04-06,Maceoo MGM,3132.31,4855.84,-1356.88,-366.65,9,16,4,2,7
2025-04-06,Maceoo Atlantic,3351.32,3351.32,0,0,8,14,5,3,7
2025-04-06,Maceoo Biloxi,2384.56,2685.96,-83.64,-217.76,9,18,5,2,8
2025-04-06,Maceoo Aria,8913.42,10439.07,-1525.65,0,12,64,7,5,11
2025-04-06,Maceoo PR,1217.65,1818.04,-600.39,0,4,11,2,2,4
2025-04-06,Maceoo Tampa,1698.77,1934.87,-48.22,-187.88,3,10,1,2,3
2025-04-06,Online Store,2498.2,2523.2,-25,0,11,15,3,7,10
2025-04-07,Maceoo Atlantic,4683.13,4979.77,0,-296.64,12,31,2,10,12
2025-04-07,Maceoo Biloxi,6449.29,7348.12,-409.95,-488.88,4,34,1,3,4
2025-04-07,Maceoo MGM,486.3,486.3,0,0,3,6,3,0,3
2025-04-07,Online Store,2378.72,3814.68,-332.88,-1103.08,14,22,10,4,13
2025-04-07,Maceoo Aria,1102.72,1131.04,-28.32,0,7,8,4,3,7
2025-04-07,Maceoo PR,257.76,287.76,-30,0,1,2,0,1,1
2025-04-07,Maceoo Cosmo,1612.48,1631.36,-18.88,0,8,17,6,1,8
2025-04-07,Maceoo Hollywood FL,162.06,162.06,0,0,1,2,1,0,1
2025-04-07,Maceoo Tampa,51.76,51.76,0,0,1,2,0,0,1
2025-04-07,Maceoo Resorts World Las Vegas,1637.64,1637.64,0,0,3,7,3,0,3
2025-04-08,Maceoo PR,854.4,854.4,0,0,1,5,0,1,1
2025-04-08,Maceoo Resorts World Las Vegas,382.26,382.26,0,0,2,4,1,1,2
2025-04-08,Maceoo Biloxi,178,376.64,-198.64,0,2,3,0,1,2
2025-04-08,Maceoo Atlantic,853.28,1169.92,0,-316.64,4,6,2,2,3
2025-04-08,Online Store,1239.67,1823.72,-75,-509.05,5,4,5,0,5
2025-04-08,Maceoo Cosmo,787.77,1128.78,-341.01,0,3,6,2,1,3
2025-04-08,Maceoo MGM,2204.27,2204.27,0,0,2,10,1,1,2
2025-04-08,Maceoo Hollywood FL,3680.73,4255.52,-574.79,0,7,15,4,1,6
2025-04-08,Maceoo Aria,10108.57,10708.57,-600,0,6,25,6,0,6
2025-04-08,Maceoo Tampa,1372.41,1599.36,-226.95,0,7,14,2,3,6
2025-04-09,Maceoo Hollywood FL,3888.66,3902.62,-13.96,0,13,28,4,6,11
2025-04-09,Maceoo Biloxi,151.88,164.76,-12.88,0,3,3,1,1,3
2025-04-09,Maceoo Aria,1869.79,2977.21,-108.54,-998.88,6,45,3,3,6
2025-04-09,Maceoo Atlantic,2170.91,2170.91,0,0,11,22,5,2,8
2025-04-09,Online Store,1012.01,2362.6,-1222.76,-127.83,7,5,3,3,6
2025-04-09,Maceoo MGM,6901.53,7870.64,-382.61,-586.5,14,29,12,1,13
2025-04-09,Maceoo Cosmo,436.7,455.58,-18.88,0,2,5,1,1,2
2025-04-09,Maceoo Tampa,485.08,634.74,-149.66,0,2,3,1,0,2
2025-04-10,Maceoo Atlantic,970.28,1069.16,0,-98.88,3,6,0,3,3
2025-04-10,Maceoo Resorts World Las Vegas,2093.72,2212.37,-118.65,0,3,14,2,1,3
2025-04-10,Maceoo Cosmo,933.87,1632.76,-0.01,-698.88,3,7,2,1,3
2025-04-10,Maceoo MGM,1698.63,2042.92,-344.29,0,5,10,3,0,4
2025-04-10,Maceoo PR,427.76,427.76,0,0,2,2,0,2,2
2025-04-10,Maceoo Biloxi,835.05,1565.8,-301.75,-429,5,7,2,2,4
2025-04-10,Maceoo Tampa,3576.44,6670.84,-462.32,-2632.08,9,20,2,4,6
2025-04-10,Online Store,1186.33,2786.94,-183.77,-1416.84,9,5,5,4,9
2025-04-10,Maceoo Aria,5652.6,6076.37,-423.77,0,9,30,4,5,8
2025-04-10,Maceoo Hollywood FL,9405.9,11345.57,-110.87,-1828.8,24,114,12,8,20
2025-04-11,Maceoo Biloxi,364.87,552.52,-44.65,-143,3,10,0,2,2
2025-04-11,Maceoo Cosmo,2060.68,2085.44,-24.76,0,6,14,2,3,6
2025-04-11,Maceoo Atlantic,689.44,689.44,0,0,6,8,2,1,4
2025-04-11,Maceoo PR,346.64,346.64,0,0,1,3,0,1,1
2025-04-11,Online Store,2352.97,2840.5,-487.53,0,16,17,8,8,16
2025-04-11,Maceoo MGM,1720.7,1720.7,0,0,6,13,3,1,5
2025-04-11,Maceoo Tampa,4618.36,5857.5,-220.28,-1018.86,7,18,2,3,6
2025-04-11,Maceoo Aria,6276.04,7009.06,-733.02,0,15,46,7,8,15
2025-04-11,Maceoo Resorts World Las Vegas,1317.65,1317.65,0,0,5,15,3,2,5
2025-04-11,Maceoo Hollywood FL,5185.98,6247.13,-471.82,-589.33,17,40,10,7,16
2025-04-12,Maceoo Atlantic,12952.55,13619.19,0,-666.64,12,27,3,7,10
2025-04-12,Maceoo Biloxi,3346.12,5073.28,-1727.16,0,13,34,8,5,13
2025-04-12,Maceoo Cosmo,3679.94,3829.38,-149.44,0,9,29,5,4,7
2025-04-12,Maceoo Hollywood FL,6421.27,6778.13,-197.98,-158.88,18,46,5,8,14
2025-04-12,Maceoo Tampa,7204.89,8770.29,-1392.74,-172.66,14,58,4,7,12
2025-04-12,Online Store,4205.1,4224.98,-19.88,0,12,15,7,5,12
2025-04-12,Maceoo MGM,9012.05,9637.26,-625.21,0,17,63,10,3,14
2025-04-12,Maceoo Aria,33862.24,34043.87,-181.63,0,20,83,7,9,17
2025-04-12,Maceoo PR,2080.72,2982.24,-712.64,-188.88,8,25,1,7,8
2025-04-12,Maceoo Resorts World Las Vegas,1302.84,1362.72,-59.88,0,4,9,3,0,4
2025-04-13,Maceoo Atlantic,1960.08,1960.08,0,0,6,12,4,2,6
2025-04-13,Maceoo Tampa,2825.03,2832.97,-7.94,0,8,12,6,2,8
2025-04-13,Maceoo Cosmo,7651.74,7796.47,-144.73,0,8,42,3,4,7
2025-04-13,Maceoo Biloxi,1300.79,1932.68,-135.25,-496.64,8,10,2,5,7
2025-04-13,Maceoo Aria,4537.58,5333.78,-796.2,0,10,22,5,5,9
2025-04-13,Maceoo MGM,2392.31,3787.32,-86.66,-1308.35,10,53,6,2,8
2025-04-13,Maceoo PR,199.88,199.88,0,0,1,1,1,0,1
2025-04-13,Maceoo Resorts World Las Vegas,962.76,962.76,0,0,2,5,2,0,2
2025-04-13,Online Store,4425.22,4719.98,-165.88,-128.88,14,27,11,3,14
2025-04-13,Maceoo Hollywood FL,7591.38,9389.14,0,-1797.76,11,39,4,4,9
2025-04-14,Maceoo Biloxi,158.29,380.98,-114.58,-108.11,4,3,1,3,4
2025-04-14,Maceoo Resorts World Las Vegas,2284.22,2284.22,0,0,2,11,2,0,2
2025-04-14,Maceoo Tampa,198.88,198.88,0,0,1,1,1,0,1
2025-04-14,Maceoo PR,575.52,605.52,-30,0,3,4,1,2,3
2025-04-14,Maceoo MGM,1650.28,1853.14,0,-202.86,5,14,3,2,4
2025-04-14,Maceoo Aria,6128.48,6928.48,-800,0,3,12,1,2,3
2025-04-14,Maceoo Atlantic,3221.53,5075.73,-22.77,-1831.43,8,12,4,2,5
2025-04-14,Maceoo Cosmo,3001.61,3088.13,-86.52,0,5,16,3,2,5
2025-04-14,Maceoo Hollywood FL,6767.68,6777.56,-9.88,0,5,24,1,2,4
2025-04-14,Online Store,4246.32,5283.26,-1036.94,0,19,30,10,8,18
2025-04-15,Maceoo Atlantic,1132.56,1132.56,0,0,3,4,1,1,3
2025-04-15,Maceoo Hollywood FL,7781.19,8109.97,-199.9,-128.88,12,50,0,10,10
2025-04-15,Maceoo Biloxi,266.87,296.52,-29.65,0,4,4,0,0,1
2025-04-15,Maceoo Cosmo,1936.55,2071.26,-134.71,0,3,9,3,0,3
2025-04-15,Maceoo PR,1178.61,1386.04,-207.43,0,2,7,1,1,2
2025-04-15,Maceoo MGM,2751.93,2751.93,0,0,8,19,3,1,4
2025-04-15,Maceoo Aria,4624.2,4626.84,-2.64,0,6,27,3,3,6
2025-04-15,Online Store,3414.91,6709.57,-357.25,-2937.41,19,23,10,9,19
2025-04-15,Maceoo Resorts World Las Vegas,131.46,131.46,0,0,1,2,1,0,1
2025-04-15,Maceoo Tampa,834.4,834.4,0,0,1,5,0,1,1
2025-04-16,Maceoo Atlantic,356.64,356.64,0,0,2,3,1,1,2
2025-04-16,Maceoo Biloxi,733.31,822.8,-89.49,0,3,6,0,2,3
2025-04-16,Maceoo Resorts World Las Vegas,93.18,162.06,0,-68.88,1,2,0,1,1
2025-04-16,Maceoo Hollywood FL,1079.95,1433.48,-5.77,-347.76,7,16,4,3,7
2025-04-16,Maceoo Aria,3633.57,3755.79,-122.22,0,7,17,3,4,6
2025-04-16,Online Store,2425.46,3228.08,-298.88,-503.74,16,19,7,8,15
2025-04-16,Maceoo Tampa,1362.46,1372.4,-9.94,0,4,9,1,1,3
2025-04-16,Maceoo Cosmo,2990.42,3070.94,-80.52,0,12,30,8,3,11
2025-04-16,Maceoo PR,455.43,507.76,-52.33,0,1,2,0,1,1
2025-04-16,Maceoo MGM,535.7,765.16,-30.58,-198.88,4,7,2,0,3
2025-04-17,Maceoo Atlantic,441.18,441.18,0,0,3,7,2,1,3
2025-04-17,Maceoo PR,1417.56,1606.44,-60,-128.88,6,12,2,4,5
2025-04-17,Maceoo Resorts World Las Vegas,447.65,486.18,-38.53,0,2,5,1,1,2
2025-04-17,Maceoo MGM,1602.12,2342.88,-343,-397.76,8,15,7,1,8
2025-04-17,Maceoo Aria,320.82,320.82,0,0,3,8,3,0,3
2025-04-17,Maceoo Cosmo,1680.71,2400.59,-400,-319.88,4,11,1,3,4
2025-04-17,Maceoo Tampa,162.06,320.94,0,-158.88,1,2,1,0,1
2025-04-17,Online Store,4777.08,4852.08,-75,0,10,16,6,3,9
2025-04-17,Maceoo Biloxi,1128.17,1258.92,-130.75,0,7,10,3,2,6
2025-04-17,Maceoo Hollywood FL,2999.43,5539.52,0,-2540.09,13,24,3,2,6
2025-04-18,Online Store,6034.58,7805.75,-1477.84,-293.33,12,27,4,8,12
2025-04-18,WEB - Quiet LLC,645.52,645.52,0,0,1,4,0,1,1
2025-04-18,Maceoo Biloxi,3237.02,3718.32,-481.3,0,12,16,3,6,10
2025-04-18,Maceoo Tampa,994.12,1118.84,-124.72,0,4,8,2,1,4
2025-04-18,Maceoo MGM,4857.2,5972.72,-668.88,-446.64,11,26,7,3,10
2025-04-18,Maceoo Atlantic,4512.56,4860.32,0,-347.76,9,24,4,5,9
2025-04-18,Maceoo Aria,5416.09,8548.79,-2534.65,-598.05,19,25,10,9,16
2025-04-18,Maceoo Cosmo,3857.91,3889.68,-31.77,0,12,32,8,3,12
2025-04-18,Maceoo Resorts World Las Vegas,3213.87,3288.59,-74.72,0,7,19,6,0,7
2025-04-18,Maceoo Hollywood FL,2288.93,3030.03,-741.1,0,6,20,3,2,5
2025-04-19,Maceoo Cosmo,5009.52,5447.28,-437.76,0,7,25,6,1,7
2025-04-19,Maceoo Aria,2528.31,3103.64,-197.57,-377.76,8,23,5,2,8
2025-04-19,Maceoo MGM,3072.95,3667.36,-594.41,0,8,22,6,1,8
2025-04-19,Online Store,3607.6,3845.31,-237.71,0,14,30,10,4,13
2025-04-19,Maceoo PR,2436.08,3047.6,-194.88,-416.64,11,17,8,2,10
2025-04-19,Maceoo Tampa,3678.89,4191.82,-512.93,0,8,14,2,3,6
2025-04-19,Maceoo Resorts World Las Vegas,2606.36,2879.47,-273.11,0,5,19,5,0,5
2025-04-19,Maceoo Atlantic,4349.82,4418.7,0,-68.88,13,41,7,4,12
2025-04-19,Maceoo Biloxi,1146.04,1491.56,-18.88,-326.64,7,10,5,2,7
2025-04-19,Maceoo Hollywood FL,892.63,912.63,-20,0,6,11,3,2,6
2025-04-20,Maceoo Cosmo,2021.12,2070,-48.88,0,7,11,6,1,6
2025-04-20,Maceoo MGM,5398.36,5713,-314.64,0,8,28,7,1,8
2025-04-20,Maceoo Atlantic,2655.92,3072.9,-118.1,-298.88,8,13,4,4,8
2025-04-20,Online Store,4297.06,4472.06,-175,0,19,33,14,5,19
2025-04-20,Maceoo Resorts World Las Vegas,886.08,1035.48,-149.4,0,4,7,3,1,3
2025-04-20,Maceoo Biloxi,1573.01,1736.8,-163.79,0,7,10,4,3,7
2025-04-20,Maceoo Aria,9284.28,10523.43,-481.73,-757.42,12,74,4,8,10
2025-04-20,Maceoo Hollywood FL,7308.09,8689.13,-1044.6,-336.44,9,19,3,3,7
2025-04-20,Maceoo Tampa,2744.48,2965,-220.52,0,9,19,5,3,9
2025-04-21,Maceoo Cosmo,2751.29,2811.17,-59.88,0,9,20,5,3,9
2025-04-21,Maceoo Hollywood FL,880.74,893.62,-12.88,0,4,15,1,1,3
2025-04-21,Maceoo Atlantic,3019.29,3019.29,0,0,7,19,5,2,7
2025-04-21,Maceoo Biloxi,1302.81,1814.32,-312.4,-199.11,6,13,2,3,5
2025-04-21,Online Store,1760.62,3801.34,-1642.96,-397.76,12,24,6,6,11
2025-04-21,Maceoo PR,1070.95,1123.28,-52.33,0,3,6,0,2,3
2025-04-21,Maceoo Tampa,908.13,1688.25,-415.2,-364.92,3,5,0,3,3
2025-04-21,Maceoo Aria,1852.52,1852.52,0,0,6,12,5,1,6
2025-04-21,Maceoo MGM,300.21,396.54,-96.33,0,2,4,2,0,2
2025-04-22,Maceoo MGM,1301.92,2299.48,-375.61,-621.95,7,12,3,1,5
2025-04-22,Maceoo PR,446.64,446.64,0,0,2,3,1,1,2
2025-04-22,Maceoo Hollywood FL,4476.46,4941.39,-464.93,0,10,30,3,3,7
2025-04-22,Online Store,2045.08,2182.96,-137.88,0,9,18,5,4,9
2025-04-22,Maceoo Resorts World Las Vegas,601.65,808.24,-90,-116.59,3,8,2,1,3
2025-04-22,Maceoo Cosmo,1570.97,1605.85,-34.88,0,4,11,2,1,4
2025-04-22,Maceoo Aria,2538.95,2578.95,-40,0,7,21,6,1,7
2025-04-22,Maceoo Tampa,3395.04,3712.8,0,-317.76,7,21,2,1,4
2025-04-22,Maceoo Atlantic,382.04,382.04,0,0,4,8,2,2,3
2025-04-22,Maceoo Biloxi,289.99,687.76,-48.89,-348.88,2,1,2,0,2
2025-04-23,Maceoo Aria,7282.83,8096,-813.17,0,11,25,6,4,10
2025-04-23,Maceoo PR,357.76,357.76,0,0,1,2,1,0,1
2025-04-23,Maceoo MGM,6693.61,7865.99,-1172.38,0,9,25,4,3,8
2025-04-23,Maceoo Tampa,2925.13,2969.83,-44.7,0,6,15,2,2,4
2025-04-23,Maceoo Hollywood FL,2403.36,2438.24,-34.88,0,8,19,2,4,7
2025-04-23,Online Store,2654.76,5216.72,-1156.67,-1405.29,16,11,4,11,15
2025-04-23,Maceoo Cosmo,2284.24,3331.64,-48.52,-998.88,4,11,2,2,4
2025-04-23,Maceoo Biloxi,1087.87,1490.04,-103.29,-298.88,7,9,4,0,5
2025-04-23,Maceoo Atlantic,2531.04,2828.8,0,-297.76,4,9,2,2,4
2025-04-24,Maceoo Atlantic,10557.44,18607.44,0,-8050,9,11,4,4,8
2025-04-24,Maceoo Biloxi,1884.71,2065.44,-180.73,0,9,13,4,3,7
2025-04-24,Maceoo Tampa,4275.65,4743.48,-467.83,0,8,26,2,5,8
2025-04-24,Maceoo Aria,8902.01,10441.94,-1539.93,0,14,89,9,5,14
2025-04-24,Maceoo Resorts World Las Vegas,812.98,812.98,0,0,2,11,2,0,2
2025-04-24,Maceoo PR,2157.68,2169.28,-11.6,0,4,8,3,1,4
2025-04-24,Maceoo MGM,2727.14,2740.28,-13.14,0,7,16,7,0,7
2025-04-24,Maceoo Hollywood FL,6295.44,6553.2,-68.88,-188.88,6,43,4,2,6
2025-04-24,Maceoo Cosmo,2748.57,2980.21,-72.76,-158.88,11,26,6,2,9
2025-04-24,Online Store,383.42,2642.08,-665.42,-1593.24,13,10,6,7,12
2025-04-25,Online Store,5264.83,5581.6,-117.89,-198.88,15,22,4,10,14
2025-04-25,Maceoo Resorts World Las Vegas,555.86,555.86,0,0,4,7,4,0,4
2025-04-25,Maceoo Tampa,2195.01,2382.24,-187.23,0,6,20,3,2,6
2025-04-25,Maceoo Aria,7906.74,8400.7,-493.96,0,15,81,10,5,14
2025-04-25,Maceoo Atlantic,2118.98,2154.72,-35.74,0,12,19,8,1,10
2025-04-25,Maceoo PR,812.16,912.16,-100,0,4,7,3,1,4
2025-04-25,Maceoo MGM,2020.25,2068.86,-48.61,0,8,14,5,0,6
2025-04-25,Maceoo Biloxi,2006.3,2705.72,-340.54,-358.88,6,17,3,1,5
2025-04-25,Maceoo Cosmo,1556.97,1556.97,0,0,6,14,5,1,6
2025-04-25,Maceoo Hollywood FL,5614.72,5920.15,-305.43,0,15,62,5,8,14
2025-04-26,Maceoo Biloxi,3424.44,3624.36,-199.92,0,11,34,6,2,9
2025-04-26,Maceoo Resorts World Las Vegas,1338.42,1338.42,0,0,6,14,3,3,5
2025-04-26,Maceoo Hollywood FL,10358.94,10855.9,-496.96,0,18,54,8,7,15
2025-04-26,Online Store,3382.37,4099.47,-717.1,0,14,24,6,7,12
2025-04-26,Maceoo MGM,2473.8,2622.39,-19.71,-128.88,10,17,7,0,8
2025-04-26,Maceoo PR,1199.92,1199.92,0,0,7,9,6,1,6
2025-04-26,Maceoo Atlantic,8643.58,8984.21,-102.87,-237.76,18,47,6,7,14
2025-04-26,Maceoo Tampa,3214.9,3214.9,0,0,11,20,5,3,9
2025-04-26,Maceoo Cosmo,7064.28,7318.16,-253.88,0,13,43,9,3,11
2025-04-26,Maceoo Aria,5540.46,5540.46,0,0,16,40,9,4,14
2025-04-27,Maceoo Tampa,2804.42,3168.36,-171.28,-192.66,8,15,2,4,6
2025-04-27,Maceoo MGM,1620.1,1971.04,-188.88,-162.06,12,24,8,0,9
2025-04-27,Online Store,5017.18,5255.29,-238.11,0,22,34,17,5,22
2025-04-27,Maceoo Hollywood FL,2460.59,2880.9,-121.43,-298.88,12,21,7,4,11
2025-04-27,Maceoo Atlantic,5375.13,5890.65,-31.77,-483.75,11,17,1,8,9
2025-04-27,Maceoo Resorts World Las Vegas,1218.68,1237.56,-18.88,0,4,10,4,0,4
2025-04-27,Maceoo Aria,9281.9,9700.02,-259.24,-158.88,8,31,3,4,8
2025-04-27,Maceoo Cosmo,3546.92,3677.24,0,-130.32,4,25,1,2,4
2025-04-27,Maceoo Biloxi,1015.19,1121.28,-106.09,0,8,8,2,5,7
2025-04-27,Maceoo PR,1652.48,2275.44,-216.32,-406.64,4,10,1,3,4
2025-04-28,Maceoo MGM,951.78,987.89,-36.11,0,5,12,2,1,4
2025-04-28,Maceoo Biloxi,1621.76,2211.92,-161.2,-428.96,4,18,3,1,4
2025-04-28,Maceoo Aria,4221.83,4691.46,-469.63,0,7,26,1,6,7
2025-04-28,Maceoo Tampa,1026.99,1226.63,-199.64,0,3,9,1,1,3
2025-04-28,Maceoo Hollywood FL,3586.49,4278.35,-691.86,0,10,23,4,2,6
2025-04-28,Online Store,2285.28,6404.96,-405.42,-3714.26,16,11,8,7,15
2025-04-28,Maceoo Atlantic,1582.14,1728.8,-146.66,0,5,7,4,1,5
2025-04-28,Maceoo PR,856.28,872.16,-15.88,0,4,7,3,1,4
2025-04-28,Maceoo Cosmo,2276.94,2286.82,-9.88,0,5,16,5,0,5
2025-04-28,Maceoo Resorts World Las Vegas,3895.41,4930.96,-1035.55,0,7,19,5,1,7
2025-04-29,Maceoo PR,129.88,129.88,0,0,1,1,1,0,1
2025-04-29,Maceoo MGM,741.17,741.17,0,0,1,4,1,0,1
2025-04-29,Maceoo Hollywood FL,2161.1,2843.77,-682.67,0,9,25,3,4,8
2025-04-29,Maceoo Biloxi,307.16,366.64,-59.48,0,3,3,0,0,1
2025-04-29,Online Store,3925.24,4862.56,-937.32,0,14,19,7,6,12
2025-04-29,Maceoo Cosmo,606.7,644.46,-37.76,0,3,7,2,0,3
2025-04-29,Maceoo Aria,1640.5,3653.63,-492.58,-1520.55,6,45,0,4,5
2025-04-29,Maceoo Atlantic,137.76,137.76,0,0,1,2,0,1,1
2025-04-29,Maceoo Resorts World Las Vegas,1374.72,1374.72,0,0,2,4,2,0,2
2025-04-29,Maceoo Tampa,357.76,357.76,0,0,1,2,1,0,1
2025-04-30,Maceoo PR,297.76,585.52,-30,-257.76,4,2,2,1,2
2025-04-30,Maceoo Cosmo,1025.64,1025.64,0,0,3,8,2,1,3
2025-04-30,Maceoo Aria,441.6,2393.88,-1952.28,0,16,36,6,9,15
2025-04-30,Maceoo MGM,324.12,681,-356.88,0,3,7,1,2,3
2025-04-30,Maceoo Biloxi,197.76,197.76,0,0,2,2,1,0,2
2025-04-30,Maceoo Atlantic,3759.09,3759.09,0,0,13,26,7,3,10
2025-04-30,Maceoo Tampa,3017.26,3773.78,-398.76,-357.76,4,10,0,2,2
2025-04-30,Online Store,1770.69,1811.58,-40.89,0,6,10,2,4,6
2025-04-30,Maceoo Hollywood FL,1562.48,1790.8,-228.32,0,5,11,0,2,3
2025-05-01,Maceoo Aria,6448.06,6882.16,-434.1,0,9,29,3,6,9
2025-05-01,Maceoo Cosmo,1898.99,1923.99,-25,0,4,16,4,0,4
2025-05-01,Maceoo Hollywood FL,8775.71,11003.42,-127.12,-2100.59,15,50,7,4,12
2025-05-01,Maceoo Biloxi,25.88,25.88,0,0,1,1,0,0,1
2025-05-01,Online Store,4920.9,5239.83,-318.93,0,16,31,5,11,15
2025-05-01,Maceoo Atlantic,5332.77,5332.77,0,0,14,38,8,2,11
2025-05-01,Maceoo PR,978.85,1054.4,-75.55,0,2,5,2,0,2
2025-05-01,Maceoo MGM,3427.85,4000.46,-413.73,-158.88,9,17,5,3,9
2025-05-01,Maceoo Tampa,1442.72,1631.6,0,-188.88,5,10,3,2,5
2025-05-01,Maceoo Resorts World Las Vegas,1176.35,1176.35,0,0,3,9,3,0,3
2025-05-02,Maceoo PR,843.95,863.28,-19.33,0,6,6,0,5,5
2025-05-02,Maceoo Cosmo,3781.2,3781.2,0,0,5,16,4,1,5
2025-05-02,Maceoo Biloxi,3066.84,3066.84,0,0,6,23,1,3,5
2025-05-02,Maceoo Resorts World Las Vegas,1047.5,1066.38,-18.88,0,6,11,5,0,6
2025-05-02,Maceoo Hollywood FL,10064.89,11238.32,-1173.43,0,23,70,10,9,20
2025-05-02,Maceoo Aria,8012.25,12083.12,-4070.87,0,12,26,3,9,12
2025-05-02,Online Store,3113.5,5385.97,-778.91,-1493.56,18,7,8,9,17
2025-05-02,Maceoo Tampa,931.28,1146.1,-55.94,-158.88,7,13,0,2,3
2025-05-02,Maceoo Atlantic,2698.01,3800.23,-52.77,-1049.45,18,20,6,2,9
2025-05-02,Maceoo MGM,5862.72,6952.57,-1089.85,0,17,41,8,2,11
2025-05-03,Maceoo Tampa,4274.21,4438.18,-163.97,0,14,33,5,8,14
2025-05-03,Maceoo Resorts World Las Vegas,606.25,653.46,-47.21,0,3,7,2,1,3
2025-05-03,Maceoo PR,2405.88,2818.96,-254.2,-158.88,12,17,4,7,11
2025-05-03,Maceoo Atlantic,8737.63,9189.09,-64.82,-386.64,26,76,8,8,17
2025-05-03,Maceoo Aria,7641.26,7831.91,-190.65,0,16,44,8,6,15
2025-05-03,Maceoo Hollywood FL,12717.76,14220.23,-438.95,-1063.52,24,82,5,12,17
2025-05-03,Maceoo Cosmo,3106.87,3754.38,-29.88,-617.63,11,20,5,2,8
2025-05-03,Maceoo Biloxi,1611.9,1769.56,-157.66,0,8,18,5,3,8
2025-05-03,Maceoo MGM,9894.94,11715,-1820.06,0,25,66,14,6,21
2025-05-03,Online Store,2800.38,3107.48,-307.1,0,10,21,3,5,8
2025-05-04,Maceoo Atlantic,4640.88,5287.52,0,-646.64,13,27,7,5,11
2025-05-04,Maceoo MGM,1774.87,1966.72,-191.85,0,6,14,2,1,4
2025-05-04,Maceoo Biloxi,1096.96,1202.16,-105.2,0,8,9,3,2,6
2025-05-04,Maceoo Tampa,4068.82,4303.96,-235.14,0,8,27,2,6,7
2025-05-04,Maceoo Hollywood FL,3116.03,3170.67,-54.64,0,13,28,6,2,9
2025-05-04,Maceoo Resorts World Las Vegas,563.4,563.4,0,0,1,6,1,0,1
2025-05-04,Maceoo Aria,1761.2,1761.2,0,0,4,15,3,1,4
2025-05-04,Maceoo Cosmo,4921.78,5199.72,-119.06,-158.88,9,27,5,4,8
2025-05-04,Online Store,4827.75,5033.64,-205.89,0,17,29,12,5,17
2025-05-04,Maceoo PR,1690.92,1834.8,-143.88,0,6,12,1,5,6
2025-05-05,Maceoo MGM,995.13,1184.01,-188.88,0,4,9,3,1,4
2025-05-05,Maceoo Resorts World Las Vegas,192.66,192.66,0,0,1,2,1,0,1
2025-05-05,Maceoo Biloxi,1067.06,1261.16,-194.1,0,5,8,4,1,5
2025-05-05,Maceoo Aria,3057.16,3057.16,0,0,10,19,6,3,9
2025-05-05,Maceoo Tampa,3311.25,4878.53,-1567.28,0,7,27,4,3,7
2025-05-05,Online Store,2459.06,2859.82,-211.88,-188.88,9,21,2,7,9
2025-05-05,Maceoo PR,1712.25,1907.8,-195.55,0,3,11,1,2,3
2025-05-05,Maceoo Cosmo,820.34,3712.67,-368.52,-2523.81,3,3,1,2,3
2025-05-05,Maceoo Hollywood FL,6220.69,6826.94,-606.25,0,10,36,3,3,7
2025-05-05,Maceoo Atlantic,6175.26,6256.19,-80.93,0,6,29,4,2,6
2025-05-06,Maceoo Atlantic,6691.62,7088.26,0,-396.64,10,36,3,5,8
2025-05-06,Maceoo Aria,6466.46,6663.86,-197.4,0,12,24,8,2,11
2025-05-06,Maceoo PR,2209.66,2383.2,-173.54,0,6,15,3,3,6
2025-05-06,Online Store,1306.1,2110.52,-804.42,0,10,10,4,6,10
2025-05-06,Maceoo Cosmo,4593.06,5893.06,-1300,0,4,7,3,0,4
2025-05-06,Maceoo Hollywood FL,3559.13,3603.06,-43.93,0,10,31,5,3,8
2025-05-06,Maceoo Tampa,430.88,943.36,-420.32,-92.16,4,5,2,1,3
2025-05-06,Maceoo MGM,567.78,587.04,-19.26,0,4,8,2,2,4
2025-05-06,Maceoo Biloxi,792.4,833.28,-40.88,0,6,7,2,3,5
2025-05-07,Maceoo MGM,711.94,854.28,-142.34,0,3,7,1,1,3
2025-05-07,Maceoo Cosmo,2002.07,2002.07,0,0,8,16,3,3,7
2025-05-07,Maceoo Aria,8967.07,9135.95,-168.88,0,10,232,7,3,10
2025-05-07,Maceoo Hollywood FL,3107.25,4273.27,-406.67,-759.35,12,27,7,3,10
2025-05-07,Maceoo Atlantic,563.8,563.8,0,0,3,5,3,0,3
2025-05-07,Online Store,6108.83,7029.68,-750.86,-169.99,19,36,8,11,17
2025-05-07,Maceoo Resorts World Las Vegas,1170.47,1359.26,-188.79,0,3,9,3,0,3
2025-05-07,Maceoo Biloxi,3914.77,4393.12,-299.36,-178.99,15,26,3,7,9
2025-05-07,Maceoo Tampa,450.22,450.22,0,0,2,4,0,2,2
2025-05-07,Maceoo PR,1638.71,1678.68,-39.97,0,5,11,3,2,5
2025-05-08,Maceoo Aria,2739.14,3989.31,-1250.17,0,8,29,3,5,8
2025-05-08,Maceoo Atlantic,1164.72,2046.12,-160.24,-721.16,5,13,1,3,4
2025-05-08,Maceoo Tampa,708.1,708.1,0,0,4,5,4,0,4
2025-05-08,Maceoo Resorts World Las Vegas,385.26,424.98,-39.72,0,2,5,2,0,2
2025-05-08,Maceoo PR,1020.61,1864.56,-39.55,-804.4,6,8,2,4,6
2025-05-08,Maceoo MGM,4022.09,4627.07,-604.98,0,6,20,1,1,3
2025-05-08,Online Store,5099,6219.44,-853.8,-266.64,25,41,12,12,24
2025-05-08,Maceoo Hollywood FL,2755.62,3594.5,-838.88,0,9,17,3,4,8
2025-05-08,Maceoo Biloxi,939.87,1415.92,-135.05,-341,6,9,2,3,5
2025-05-08,Maceoo Cosmo,1861.34,2039.54,-178.2,0,4,12,4,0,4
2025-05-09,Maceoo Resorts World Las Vegas,504.67,565.84,-61.17,0,3,7,1,2,3
2025-05-09,Maceoo Hollywood FL,3447.4,3526.04,-78.64,0,10,27,6,2,9
2025-05-09,Online Store,1530.54,4004.72,-284.4,-2189.78,14,14,6,7,13
2025-05-09,Maceoo PR,3067.68,3213,-145.32,0,11,25,9,2,11
2025-05-09,Maceoo Atlantic,3984.06,3984.06,0,0,11,25,5,4,9
2025-05-09,Maceoo MGM,2551.76,3058.06,-506.3,0,7,43,4,2,7
2025-05-09,Maceoo Tampa,1644.86,1674.52,-29.66,0,6,10,1,2,4
2025-05-09,Maceoo Aria,8343.63,9747.32,-758.17,-645.52,16,35,11,4,16
2025-05-09,Maceoo Cosmo,1608.95,1808.95,-200,0,6,14,5,1,6
2025-05-09,Maceoo Biloxi,3586.05,4250.44,-180.4,-483.99,9,18,3,5,8
2025-05-10,Maceoo Tampa,2467.56,2469.32,-1.76,0,9,21,1,3,5
2025-05-10,Online Store,2324.84,2399.84,-75,0,11,18,7,4,11
2025-05-10,Maceoo Aria,9164.26,9415.42,-251.16,0,15,43,5,9,15
2025-05-10,Maceoo Biloxi,3082.33,3335.96,-253.63,0,11,18,5,3,9
2025-05-10,Maceoo Resorts World Las Vegas,597.87,631.02,-33.15,0,3,7,3,0,3
2025-05-10,Maceoo Hollywood FL,17920.15,18577.24,-657.09,0,16,54,8,5,13
2025-05-10,Maceoo PR,2925.62,3116.72,-191.1,0,11,20,6,5,11
2025-05-10,Maceoo MGM,3474.38,3566.75,-92.37,0,7,33,4,2,7
2025-05-10,Maceoo Atlantic,2912.1,3210.98,0,-298.88,11,17,3,8,11
2025-05-10,Maceoo Cosmo,2142.54,3021.86,-879.32,0,8,19,6,1,8
2025-05-11,Online Store,4814.39,4974.17,-159.78,0,12,19,6,6,12
2025-05-11,Maceoo MGM,272.01,360.6,-19.71,-68.88,2,4,1,0,2
2025-05-11,Maceoo Aria,2756.11,2950.75,-194.64,0,9,29,2,6,8
2025-05-11,Maceoo Tampa,1641.14,1826.46,-185.32,0,9,16,5,3,9
2025-05-11,Maceoo Atlantic,6309.99,6309.99,0,0,10,32,5,4,10
2025-05-11,Maceoo Hollywood FL,2011.76,3420.52,-239.77,-1168.99,5,13,0,5,5
2025-05-11,Maceoo Biloxi,1477.34,1596.56,-119.22,0,5,12,1,0,2
2025-05-11,Maceoo Cosmo,2212.89,2392.37,-179.48,0,4,13,4,0,4
2025-05-12,Maceoo Resorts World Las Vegas,90.78,100.66,-9.88,0,1,2,1,0,1
2025-05-12,Maceoo MGM,3921.42,4151.51,-230.09,0,6,19,4,0,5
2025-05-12,Maceoo Biloxi,200.29,210.64,-10.35,0,2,3,0,0,1
2025-05-12,Maceoo Hollywood FL,5013.27,5669.97,-557.82,-98.88,7,25,2,3,6
2025-05-12,Maceoo Atlantic,2099.07,2099.07,0,0,8,18,3,4,8
2025-05-12,Maceoo Tampa,7638.34,7638.34,0,0,3,7,1,1,3
2025-05-12,Maceoo Cosmo,3405.29,3687.93,-282.64,0,5,16,2,2,5
2025-05-12,Online Store,1694.25,2754.32,-642.31,-417.76,11,11,3,7,10
2025-05-12,Maceoo PR,572.7,872.64,-101.06,-198.88,1,4,1,0,1
2025-05-12,Maceoo Aria,3668.38,4020.91,-352.53,0,6,14,3,2,6
2025-05-13,Maceoo Hollywood FL,7568.14,10512.52,-2944.38,0,3,23,0,2,3
2025-05-13,Maceoo Cosmo,198.88,198.88,0,0,1,1,1,0,1
2025-05-13,Maceoo Aria,3352.99,3729.7,-376.71,0,8,15,4,4,8
2025-05-13,Maceoo MGM,1657.83,2095.5,-437.67,0,6,12,2,3,5
2025-05-13,Maceoo Tampa,188.88,635.52,0,-446.64,4,1,1,2,3
2025-05-13,Online Store,2674.11,3066.54,-367.43,-25,13,15,6,7,13
2025-05-13,Maceoo PR,172.99,198.76,-25.77,0,2,2,1,1,2
2025-05-13,Maceoo Atlantic,1284.9,1284.9,0,0,6,8,2,3,6
2025-05-13,Maceoo Biloxi,1762.89,2409.92,-647.03,0,7,7,1,5,5
2025-05-14,Maceoo Resorts World Las Vegas,681.12,730.98,-49.86,0,3,6,3,0,3
2025-05-14,Maceoo Tampa,2203.77,2537.64,-174.99,-158.88,4,10,2,2,4
2025-05-14,Maceoo PR,257.76,257.76,0,0,2,2,1,1,2
2025-05-14,Maceoo Aria,2934.35,2934.35,0,0,9,19,4,4,9
2025-05-14,Maceoo MGM,4073.82,4315.81,-241.99,0,6,38,3,1,5
2025-05-14,Maceoo Cosmo,3785.07,4302.83,-517.76,0,7,26,1,3,5
2025-05-14,Online Store,1210.75,3661.46,-422.45,-2028.26,20,23,11,8,19
2025-05-14,Maceoo Atlantic,642.13,642.13,0,0,3,6,1,2,3
2025-05-14,Maceoo Hollywood FL,1537.64,1775.01,-237.37,0,3,6,2,1,3
2025-05-14,Maceoo Biloxi,835.4,937.58,-102.18,0,6,10,2,3,6
2025-05-15,Maceoo Atlantic,5442.71,5700.26,-58.67,-198.88,12,27,8,3,11
2025-05-15,Maceoo Tampa,721.42,934.15,-212.73,0,4,9,2,1,4
2025-05-15,Maceoo Hollywood FL,4394.23,4456.72,-62.49,0,7,30,0,6,6
2025-05-15,Maceoo Biloxi,228.76,427.64,-198.88,0,3,2,1,0,2
2025-05-15,Maceoo Resorts World Las Vegas,373.98,373.98,0,0,3,6,3,0,3
2025-05-15,Maceoo PR,118.88,237.76,0,-118.88,1,1,1,0,1
2025-05-15,Online Store,2149.79,2681.2,-531.41,0,14,16,5,7,12
2025-05-15,Maceoo Aria,3689.59,4269.87,-553.88,-26.4,10,63,4,4,9
2025-05-15,Maceoo Cosmo,1220.22,1696.86,-476.64,0,7,17,3,3,7
2025-05-15,Maceoo MGM,4193.88,4383.89,-132.01,-58,11,32,5,3,8
2025-05-16,Maceoo PR,476.64,635.52,0,-158.88,3,3,2,1,3
2025-05-16,Maceoo MGM,5629.61,5827.37,-197.76,0,11,29,8,2,11
2025-05-16,Online Store,2338.37,2338.37,0,0,16,16,10,6,16
2025-05-16,Maceoo Cosmo,3050.49,3050.49,0,0,8,20,4,2,7
2025-05-16,Maceoo Biloxi,1187.04,1196.92,-9.88,0,4,10,0,2,3
2025-05-16,Maceoo Atlantic,2772.44,2772.44,0,0,10,23,3,4,7
2025-05-16,Maceoo Aria,8643.1,8849.64,-47.66,-158.88,15,32,8,6,14
2025-05-16,Maceoo Hollywood FL,1601.37,1601.37,0,0,6,15,2,1,4
2025-05-16,Maceoo Tampa,4649.59,5207.16,-557.57,0,11,26,3,5,9
2025-05-16,Maceoo Resorts World Las Vegas,564.09,564.09,0,0,3,10,3,0,3
2025-05-17,Maceoo Hollywood FL,3146.7,3420.89,-274.19,0,11,27,5,3,9
2025-05-17,Maceoo Atlantic,26978.53,27921.81,0,-943.28,31,184,15,11,26
2025-05-17,Maceoo MGM,2905.77,3529.08,-114.45,-508.86,14,22,4,3,8
2025-05-17,Maceoo Tampa,3158.83,4088.11,-59.32,-869.96,14,28,5,6,11
2025-05-17,Maceoo Aria,8043.33,8141.87,-98.54,0,15,49,9,5,15
2025-05-17,Online Store,3584.07,3717.63,-133.56,0,17,29,14,3,17
2025-05-17,Maceoo Resorts World Las Vegas,3586,4017.87,-431.87,0,5,22,4,1,5
2025-05-17,Maceoo PR,6975.8,7552.32,-318.76,-257.76,15,39,8,7,14
2025-05-17,Maceoo Cosmo,2690.57,3488.89,-152.16,-646.16,14,29,6,5,10
2025-05-17,Maceoo Biloxi,1014.62,1101.04,-86.42,0,5,8,3,0,4
2025-05-18,Maceoo Cosmo,7184.7,7371.58,-108,-78.88,12,32,9,1,11
2025-05-18,Online Store,6477.36,8162.4,-1685.04,0,21,32,10,9,19
2025-05-18,Maceoo Resorts World Las Vegas,232.32,431.2,0,-198.88,2,4,2,0,2
2025-05-18,Maceoo MGM,8902.65,10011.82,-1109.17,0,13,35,5,6,11
2025-05-18,Maceoo Tampa,9761.77,10232.14,-128.15,-342.22,7,38,2,3,6
2025-05-18,Maceoo Atlantic,4027.26,4860.54,0,-833.28,17,27,7,8,15
2025-05-18,Maceoo Aria,15423.33,16423.33,-1000,0,19,36,10,9,18
2025-05-18,Maceoo Hollywood FL,2102.21,2187.63,-85.42,0,7,17,2,4,7
2025-05-18,Maceoo PR,3492,3720.88,-40,-188.88,4,26,1,2,4
2025-05-18,Maceoo Biloxi,1557.04,1591.92,-34.88,0,5,9,3,2,5
2025-05-19,Online Store,1275.16,1687.92,-412.76,0,8,10,5,3,8
2025-05-19,Maceoo Tampa,1890.89,2316.28,-108.51,-316.88,6,11,3,3,5
2025-05-19,Maceoo Resorts World Las Vegas,373.64,373.64,0,0,1,3,1,0,1
2025-05-19,Maceoo MGM,4779.16,5169.64,-390.48,0,14,43,10,2,13
2025-05-19,Maceoo Cosmo,1173.42,1173.42,0,0,5,11,4,1,5
2025-05-19,Maceoo Hollywood FL,4353.98,4931.84,-577.86,0,5,12,3,1,5
2025-05-19,Maceoo PR,1507.28,1576.16,0,-68.88,2,10,0,2,2
2025-05-19,Maceoo Atlantic,2219,2219,0,0,9,17,5,1,7
2025-05-19,Maceoo Biloxi,188.88,188.88,0,0,1,1,1,0,1
2025-05-19,Maceoo Aria,30282.58,31135.03,-547.59,-304.86,17,76,7,5,13
2025-05-20,Online Store,3240.19,3471.57,-75,-156.38,17,18,12,5,17
2025-05-20,Maceoo Tampa,1278.61,1355.16,-76.55,0,5,11,2,2,5
2025-05-20,Maceoo Biloxi,829.86,904.4,-74.54,0,4,5,3,1,4
2025-05-20,Maceoo Resorts World Las Vegas,247.26,247.26,0,0,3,8,3,0,3
2025-05-20,Maceoo Aria,24609.8,25747.44,-948.76,-188.88,11,49,5,4,10
2025-05-20,Maceoo Hollywood FL,2809.27,3263.46,-454.19,0,5,12,0,2,3
2025-05-20,Maceoo PR,764.4,764.4,0,0,3,5,0,2,2
2025-05-20,Maceoo MGM,2210.8,2363.4,-152.6,0,6,14,5,1,6
2025-05-20,Maceoo Cosmo,3273.34,3615.89,-342.55,0,5,16,3,1,5
2025-05-20,Maceoo Atlantic,3194.2,3194.2,0,0,11,17,4,5,10
2025-05-21,Online Store,5141.04,5656.64,-216.72,-298.88,19,27,11,7,18
2025-05-21,Maceoo Hollywood FL,1778.16,1778.16,0,0,8,16,1,2,4
2025-05-21,Maceoo Aria,5285.13,6021.64,-411.25,-325.26,9,32,7,2,9
2025-05-21,Maceoo Atlantic,686.9,686.9,0,0,4,5,2,1,4
2025-05-21,Maceoo PR,444.4,543.28,0,-98.88,1,5,0,1,1
2025-05-21,Maceoo MGM,1697.98,1758.52,-60.54,0,5,12,0,3,4
2025-05-21,Maceoo Biloxi,304.63,346.76,-42.13,0,3,4,0,2,3
2025-05-21,Maceoo Resorts World Las Vegas,462.83,462.83,0,0,4,7,2,2,4
2025-05-21,Maceoo Tampa,1576.09,2875.13,-47.3,-1251.74,6,5,1,2,4
2025-05-21,Maceoo Cosmo,1170.73,1217.01,-46.28,0,5,15,3,1,5
2025-05-22,Maceoo Aria,4736.81,4925.69,-188.88,0,14,39,9,4,12
2025-05-22,Maceoo Tampa,232.32,232.32,0,0,2,4,2,0,2
2025-05-22,Maceoo Resorts World Las Vegas,211.92,211.92,0,0,1,3,1,0,1
2025-05-22,Maceoo PR,664.64,664.64,0,0,2,4,1,1,2
2025-05-22,Maceoo MGM,3039.95,3316.22,-276.27,0,8,19,5,2,8
2025-05-22,Maceoo Biloxi,745.52,745.52,0,0,3,4,2,1,2
2025-05-22,Maceoo Hollywood FL,2291.45,2356.27,-64.82,0,11,23,3,4,8
2025-05-22,Maceoo Cosmo,2305.37,2380.93,-75.56,0,7,15,6,1,7
2025-05-22,Maceoo Atlantic,2863.05,5484.25,-2173.44,-447.76,15,39,7,7,13
2025-05-22,Online Store,2529.65,3470.06,-717.65,-222.76,14,14,9,5,14
2025-05-23,Maceoo MGM,1980.42,1980.42,0,0,10,21,6,1,8
2025-05-23,Maceoo Tampa,1971.98,2591.06,-349.86,-269.22,7,11,2,3,6
2025-05-23,Maceoo PR,455.52,455.52,0,0,4,4,2,2,4
2025-05-23,Maceoo Biloxi,1417.14,1464.8,-47.66,0,7,16,4,1,6
2025-05-23,Maceoo Resorts World Las Vegas,385.32,385.32,0,0,1,3,0,1,1
2025-05-23,Maceoo Hollywood FL,3478.79,3884.21,-405.42,0,8,25,4,4,8
2025-05-23,Maceoo Cosmo,907.62,2053.7,-1146.08,0,7,10,3,4,7
2025-05-23,Online Store,-547.52,1932.44,-506.41,-1973.55,11,3,5,6,11
2025-05-23,Maceoo Aria,15134.52,15433.56,-227.76,-71.28,19,57,9,5,11
2025-05-23,Maceoo Atlantic,2823.37,2823.37,0,0,9,16,4,5,9
2025-05-24,Maceoo Atlantic,12075.08,13422.89,-275.41,-1072.4,20,61,5,14,19
2025-05-24,Maceoo Resorts World Las Vegas,1765.27,2052.19,-286.92,0,7,18,6,1,7
2025-05-24,Maceoo Cosmo,3121.45,3323.41,-201.96,0,10,26,5,5,10
2025-05-24,Maceoo Biloxi,2010.89,2241.44,-98.33,-132.22,6,14,3,2,6
2025-05-24,Maceoo Hollywood FL,8907.35,9460.89,-243.36,-310.18,20,59,6,9,15
2025-05-24,Maceoo PR,2776.11,3063.87,0,-287.76,9,18,2,6,8
2025-05-24,Maceoo Tampa,3411.11,3411.11,0,0,11,24,4,5,9
2025-05-24,Maceoo Aria,8912.47,9487.93,-476.58,-98.88,15,71,11,2,13
2025-05-24,Online Store,1393.97,2415.41,-885.46,-135.98,13,10,3,8,10
2025-05-24,Maceoo MGM,5199.22,5385.93,-186.71,0,16,39,11,2,14
2025-05-25,Maceoo MGM,4512.89,5750.94,-72.54,-1165.51,11,39,8,3,10
2025-05-25,Maceoo Biloxi,1404.92,1404.92,0,0,4,10,1,3,4
2025-05-25,Maceoo Hollywood FL,10904.28,11695.67,-292.73,-498.66,19,63,9,5,15
2025-05-25,Online Store,1319.33,3012.06,-1116.04,-576.69,12,12,7,5,12
2025-05-25,Maceoo PR,436.64,694.4,0,-257.76,3,3,1,1,3
2025-05-25,Maceoo Resorts World Las Vegas,1648.73,1680.5,-31.77,0,4,9,3,0,4
2025-05-25,Maceoo Tampa,1536.58,1655.6,-119.02,0,8,13,2,2,5
2025-05-25,Maceoo Atlantic,17091.37,17538.01,0,-446.64,22,63,10,10,21
2025-05-25,Maceoo Aria,13442.83,14017.33,-574.5,0,16,32,8,7,15
2025-05-25,Maceoo Cosmo,3474.41,3584.82,-110.41,0,14,30,11,3,13
2025-05-26,Maceoo Aria,2289.48,2337.27,-47.79,0,7,17,5,1,7
2025-05-26,Maceoo MGM,1733.98,1797.78,-5.8,-58,6,10,3,0,4
2025-05-26,Maceoo Biloxi,2400.32,2599.2,0,-198.88,4,16,3,1,4
2025-05-26,Maceoo Cosmo,2078.69,2078.69,0,0,4,14,1,2,3
2025-05-26,Maceoo PR,158.88,158.88,0,0,1,1,0,1,1
2025-05-26,Online Store,1229.39,2693.2,-367.76,-1096.05,13,14,10,3,13
2025-05-26,Maceoo Tampa,6998.34,8455.8,-857.94,-599.52,11,24,7,4,10
2025-05-26,Maceoo Atlantic,2031.54,2230.42,0,-198.88,8,15,5,3,8
2025-05-26,Maceoo Resorts World Las Vegas,1236.78,1236.78,0,0,3,7,2,1,3
2025-05-26,Maceoo Hollywood FL,3335.1,3695.73,-259.77,-100.86,11,25,6,2,9
2025-05-27,Online Store,2419.95,4657.57,-2237.62,0,16,28,9,5,14
2025-05-27,Maceoo MGM,4703.81,5054.98,-351.17,0,9,30,4,3,8
2025-05-27,Maceoo Cosmo,391.74,391.74,0,0,2,3,1,1,2
2025-05-27,Maceoo Atlantic,14500.75,25219.92,-178.99,-10540.18,15,24,8,6,13
2025-05-27,Maceoo Aria,3356.16,3785,-428.84,0,2,9,0,2,2
2025-05-27,Maceoo Tampa,1119.63,2847.37,-1727.74,0,8,12,0,5,6
2025-05-27,Maceoo Resorts World Las Vegas,2189.1,2362.1,-173,0,4,14,3,1,4
2025-05-27,Maceoo Biloxi,1581.42,2107.68,-327.15,-199.11,8,11,1,5,7
2025-05-27,Maceoo Hollywood FL,3495.18,3495.18,0,0,5,26,2,3,5
2025-05-27,Maceoo PR,2676.56,2835.44,0,-158.88,6,17,2,3,5
2025-05-28,Maceoo PR,3125.44,4166.72,-1041.28,0,11,20,6,4,10
2025-05-28,Maceoo MGM,2268.91,2391,-122.09,0,5,34,3,1,5
2025-05-28,Maceoo Biloxi,127.11,158.88,-31.77,0,1,1,0,1,1
2025-05-28,Maceoo Aria,7783.87,10215.18,-2431.31,0,17,49,11,5,17
2025-05-28,Maceoo Atlantic,1019.16,1098.04,0,-78.88,7,7,1,4,5
2025-05-28,Maceoo Resorts World Las Vegas,1016.57,1016.57,0,0,1,4,1,0,1
2025-05-28,Online Store,4808.55,5373.48,-564.93,0,18,34,11,6,17
2025-05-28,Maceoo Tampa,3213.45,3312.33,0,-98.88,3,19,1,2,3
2025-05-28,Maceoo Cosmo,777.75,777.75,0,0,1,2,1,0,1
2025-05-28,Maceoo Hollywood FL,4103.09,4103.09,0,0,6,24,2,3,6
2025-05-29,Maceoo Cosmo,1650.83,1650.83,0,0,7,19,5,2,6
2025-05-29,Maceoo Aria,4978.6,6954.81,-1976.21,0,16,78,10,4,15
2025-05-29,Maceoo Resorts World Las Vegas,100.86,100.86,0,0,1,2,1,0,1
2025-05-29,Maceoo Hollywood FL,3509.62,3937.32,-427.7,0,6,46,5,1,6
2025-05-29,Maceoo Atlantic,9681.04,9681.04,0,0,6,9,2,4,6
2025-05-29,Maceoo Tampa,7441.47,9557.43,-1269.57,-846.39,10,19,4,5,8
2025-05-29,Online Store,2363.62,2570.62,-207,0,12,17,8,4,12
2025-05-29,Maceoo Biloxi,527.66,675.52,-147.86,0,3,4,2,1,3
2025-05-29,Maceoo PR,486.64,486.64,0,0,2,3,2,0,2
2025-05-29,Maceoo MGM,1969.06,2067.94,0,-98.88,11,26,5,1,7
2025-05-30,Maceoo Cosmo,1416.59,1416.59,0,0,7,17,6,1,7
2025-05-30,Maceoo Atlantic,1947.68,2284.56,0,-336.88,8,15,2,4,7
2025-05-30,Maceoo Tampa,4804.79,6534.73,-218.69,-1511.25,9,17,2,3,6
2025-05-30,Maceoo PR,1653.68,1666.56,-12.88,0,3,12,1,2,3
2025-05-30,Maceoo Resorts World Las Vegas,131.58,131.58,0,0,1,2,1,0,1
2025-05-30,Maceoo MGM,5760.65,7048.58,-1287.93,0,25,52,10,3,14
2025-05-30,Maceoo Aria,12205.23,14193.43,-1988.2,0,24,102,7,16,23
2025-05-30,Maceoo Biloxi,203.99,491.64,-48.54,-239.11,4,4,1,3,4
2025-05-30,Maceoo Hollywood FL,2549.2,2549.2,0,0,3,19,1,2,3
2025-05-30,Online Store,1975.28,3286.32,-157.22,-1153.82,13,4,8,5,13
2025-05-31,Online Store,5781.08,6093.84,-213.88,-98.88,19,26,15,4,19
2025-05-31,Maceoo Tampa,12039.02,16376.35,-2079.62,-2257.71,19,50,8,8,17
2025-05-31,Maceoo Cosmo,4606.1,4904.98,-200,-98.88,10,25,6,3,10
2025-05-31,Maceoo Resorts World Las Vegas,1442.37,1497.12,-54.75,0,3,9,3,0,3
2025-05-31,Maceoo Atlantic,11366.64,13453.26,-29.35,-2057.27,32,70,11,15,27
2025-05-31,Maceoo Hollywood FL,4543.33,4756.98,-213.65,0,10,29,4,4,9
2025-05-31,Maceoo Biloxi,2835.43,3217.05,-182.74,-198.88,13,21,4,3,8
2025-05-31,Venetian,2320.64,2515.67,-195.03,0,8,18,1,2,4
2025-05-31,Maceoo PR,1730.92,1770.92,-40,0,6,12,3,3,6
2025-05-31,Maceoo MGM,5550.98,6561.11,-1010.13,0,13,29,8,2,11
2025-05-31,Maceoo Aria,14328.35,15111.45,-783.1,0,23,124,13,5,19
2025-06-01,Online Store,10630.94,12211.82,-1580.88,0,43,80,13,30,43
2025-06-01,Maceoo PR,2439.96,2598.84,0,-158.88,4,18,2,2,4
2025-06-01,Maceoo Atlantic,19231.12,23028.63,-15.88,-3781.63,21,52,7,13,19
2025-06-01,Maceoo Aria,5794.56,6207.66,-413.1,0,10,27,4,4,8
2025-06-01,Maceoo MGM,1989.74,2046.4,-56.66,0,6,17,5,0,6
2025-06-01,Maceoo Biloxi,2164.1,2355.32,-191.22,0,6,17,2,2,5
2025-06-01,Maceoo Cosmo,4046.64,4816.64,-196.25,-573.75,7,14,6,1,6
2025-06-01,Maceoo Hollywood FL,2295.43,2419.44,-124.01,0,10,17,2,4,7
2025-06-01,Maceoo Tampa,1337.19,2032.52,-17.83,-677.5,6,8,1,2,4
2025-06-02,Online Store,2788.74,3732,-943.26,0,20,27,5,15,20
2025-06-02,Maceoo Tampa,5961.06,6240.55,-279.49,0,13,31,2,6,9
2025-06-02,Maceoo PR,1248.4,2131.92,0,-883.52,8,8,1,4,4
2025-06-02,Maceoo Resorts World Las Vegas,128.88,128.88,0,0,1,1,1,0,1
2025-06-02,Maceoo Hollywood FL,1436.38,1436.38,0,0,3,7,2,0,3
2025-06-02,Maceoo Atlantic,3978.1,3978.1,0,0,8,62,3,3,6
2025-06-02,Maceoo Cosmo,1883.75,1902.63,-18.88,0,3,12,3,0,3
2025-06-02,Maceoo Aria,2840.85,3085.92,-245.07,0,6,17,0,5,6
2025-06-02,Maceoo MGM,3221.26,4014.8,-793.54,0,5,36,2,2,5
2025-06-02,Maceoo Biloxi,568.98,616.64,-47.66,0,3,3,2,1,3
2025-06-03,Maceoo Cosmo,481.02,481.02,0,0,4,9,2,1,4
2025-06-03,Maceoo Aria,4577.92,5076.46,-498.54,0,8,18,5,2,8
2025-06-03,Maceoo MGM,1344.01,1534.45,-143.85,-46.59,5,15,3,1,5
2025-06-03,Maceoo Biloxi,230.22,286.88,-56.66,0,2,2,0,0,1
2025-06-03,Maceoo Hollywood FL,290.46,449.46,-159,0,3,4,1,1,3
2025-06-03,Maceoo Tampa,8695.82,13293.58,0,-4597.76,8,629,4,3,6
2025-06-03,Maceoo PR,814.52,1370.04,0,-555.52,5,5,3,2,4
2025-06-03,Maceoo Atlantic,1453.44,1752.32,0,-298.88,6,15,3,3,6
2025-06-03,Online Store,4670.61,5389.74,-719.13,0,22,38,10,11,21
2025-06-03,Maceoo Resorts World Las Vegas,121.26,121.26,0,0,1,2,0,1,1
2025-06-04,Maceoo Tampa,3133.21,7360,-68.88,-4157.91,10,13,0,5,6
2025-06-04,Maceoo MGM,981.14,1978.06,-996.92,0,7,20,4,1,6
2025-06-04,Maceoo Atlantic,4355.13,4355.13,0,0,10,24,6,4,9
2025-06-04,Maceoo Resorts World Las Vegas,371.8,373.98,-2.18,0,2,5,1,1,2
2025-06-04,Maceoo Hollywood FL,3525.19,3643.63,-118.44,0,8,22,4,3,7
2025-06-04,Maceoo Cosmo,1248.8,1255.68,-6.88,0,6,14,6,0,6
2025-06-04,Maceoo Biloxi,1936.8,1936.8,0,0,4,12,1,1,3
2025-06-04,Maceoo PR,1111.28,1429.04,0,-317.76,4,7,1,2,2
2025-06-04,Venetian,1515.31,1515.31,0,0,1,1,1,0,1
2025-06-04,Online Store,3642.6,3976.48,-333.88,0,13,24,6,7,13
2025-06-04,Maceoo Aria,4991.22,5087.22,-96,0,15,40,10,4,13
2025-06-05,Online Store,4059.36,4175.36,-116,0,12,22,7,5,11
2025-06-05,Maceoo Hollywood FL,3776.23,3846.15,-69.92,0,12,32,5,4,9
2025-06-05,Maceoo MGM,1922.54,2468.95,-546.41,0,4,12,3,1,4
2025-06-05,Maceoo Aria,11773.69,13368.57,-1396,-198.88,11,53,9,2,11
2025-06-05,Maceoo PR,1857.92,1857.92,0,0,5,11,1,4,4
2025-06-05,Maceoo Tampa,5615.15,7140.67,0,-1525.52,8,21,4,3,7
2025-06-05,Maceoo Biloxi,972.83,1073.16,-100.33,0,2,7,1,1,2
2025-06-05,Maceoo Cosmo,2435.61,2475.07,-39.46,0,6,15,3,2,6
2025-06-05,Maceoo Resorts World Las Vegas,2270.4,2300.4,-30,0,5,14,2,3,5
2025-06-05,Maceoo Atlantic,2367.68,2367.68,0,0,7,11,5,1,7
2025-06-06,Maceoo Cosmo,2589.26,2621.02,-31.76,0,9,19,6,3,9
2025-06-06,Maceoo Aria,22534.36,26654.35,-2803.35,-1316.64,17,72,5,10,15
2025-06-06,Maceoo Tampa,3464.59,3741.44,-14.83,-262.02,11,22,3,4,8
2025-06-06,Maceoo Hollywood FL,2477.31,2832.03,0,-354.72,13,25,6,5,11
2025-06-06,Maceoo Biloxi,1401.36,1505.44,-104.08,0,5,13,2,2,5
2025-06-06,Maceoo PR,603.52,1425.8,-345.64,-476.64,6,8,3,2,5
2025-06-06,Maceoo MGM,1826.05,1889.6,-63.55,0,10,20,8,1,10
2025-06-06,Maceoo Atlantic,3023.41,3084.38,-60.97,0,11,21,7,1,9
2025-06-06,Online Store,2960.18,5744.16,-1680.7,-1103.28,19,25,7,12,19
2025-06-06,Maceoo Resorts World Las Vegas,2159.21,2458.3,-299.09,0,4,17,1,2,3
2025-06-07,Maceoo Atlantic,13981.49,13981.49,0,0,26,69,10,9,18
2025-06-07,Maceoo Resorts World Las Vegas,896.99,1026.63,-129.64,0,4,11,2,2,4
2025-06-07,Maceoo Tampa,6471.85,7675.57,-1014.84,-188.88,18,35,4,6,10
2025-06-07,Maceoo Cosmo,2037.95,2070.71,-32.76,0,7,11,6,1,7
2025-06-07,Maceoo PR,5411.6,5639.92,-228.32,0,17,35,6,9,15
2025-06-07,Maceoo MGM,1948.49,2173.48,-224.99,0,14,22,7,2,10
2025-06-07,Maceoo Aria,10845.45,12474.33,-1628.88,0,21,108,13,7,21
2025-06-07,Maceoo Hollywood FL,2954.66,2954.66,0,0,11,28,8,1,10
2025-06-07,Maceoo Biloxi,2621.7,2967.96,-346.26,0,13,21,4,6,10
2025-06-07,Online Store,6689.09,6882.97,-193.88,0,25,37,16,9,25
2025-06-07,WEB - Quiet LLC,107,118.88,-11.88,0,1,1,0,1,1
2025-06-08,Maceoo Aria,2641.62,2641.62,0,0,9,24,5,3,9
2025-06-08,Maceoo Resorts World Las Vegas,3256.26,3804.67,-548.41,0,4,14,2,2,4
2025-06-08,Maceoo Hollywood FL,4060.28,4280.93,-31.77,-188.88,11,31,3,7,10
2025-06-08,Online Store,4072.58,4331.46,-258.88,0,19,28,10,9,19
2025-06-08,Maceoo Atlantic,5911.28,6045.85,-134.57,0,11,32,0,8,9
2025-06-08,Maceoo PR,5253.33,5646.44,-75.35,-317.76,13,39,3,8,10
2025-06-08,Maceoo Cosmo,1665.03,1683.91,-18.88,0,7,17,6,1,7
2025-06-08,Maceoo MGM,2601.78,3088.89,-487.11,0,10,23,8,2,9
2025-06-08,Maceoo Tampa,4313.11,6453.32,-628.63,-1511.58,11,30,1,3,5
2025-06-08,Maceoo Biloxi,202.76,202.76,0,0,3,3,0,1,2
2025-06-09,Maceoo MGM,5577.85,5724.21,-146.36,0,9,26,4,2,7
2025-06-09,Maceoo Cosmo,298.88,298.88,0,0,1,1,1,0,1
2025-06-09,Maceoo Aria,4821.38,4821.38,0,0,11,31,6,5,11
2025-06-09,Maceoo Resorts World Las Vegas,524.25,524.25,0,0,2,5,2,0,2
2025-06-09,Maceoo Biloxi,944.74,1356.04,-411.3,0,7,10,1,4,5
2025-06-09,Maceoo Atlantic,2006.42,2753.06,0,-746.64,8,14,3,4,8
2025-06-09,Maceoo Hollywood FL,907.07,1344.66,-437.59,0,5,7,2,0,3
2025-06-09,Maceoo PR,675.52,675.52,0,0,2,4,0,1,1
2025-06-09,Maceoo Tampa,1164.38,1353.26,0,-188.88,5,7,2,1,4
2025-06-09,Online Store,6113.39,6463.92,-350.53,0,28,39,16,12,28
2025-06-10,Maceoo Aria,912.36,912.36,0,0,4,8,3,1,4
2025-06-10,Maceoo PR,704.4,704.4,0,0,5,5,2,3,5
2025-06-10,Maceoo Hollywood FL,1410.18,1895.7,-485.52,0,7,19,4,2,7
2025-06-10,Maceoo Biloxi,13646.89,15036.52,-793.87,-595.76,35,80,7,12,20
2025-06-10,Maceoo Cosmo,202.86,202.86,0,0,1,2,1,0,1
2025-06-10,Maceoo Tampa,2781.38,4247.76,-663.26,-803.12,11,25,2,5,7
2025-06-10,Maceoo Atlantic,1019.28,1178.16,0,-158.88,5,9,3,2,5
2025-06-10,Maceoo Resorts World Las Vegas,417.22,417.22,0,0,2,5,1,1,2
2025-06-10,Maceoo MGM,983.4,983.4,0,0,4,27,2,1,4
2025-06-10,Online Store,5157.59,5627.85,-470.26,0,24,38,13,11,24
2025-06-11,Maceoo Tampa,1308.19,1412.25,-104.06,0,5,8,4,1,5
2025-06-11,Maceoo Atlantic,1354.24,1743.12,-100,-288.88,6,12,3,2,6
2025-06-11,Maceoo Resorts World Las Vegas,1699.61,1699.61,0,0,6,15,4,2,6
2025-06-11,Maceoo Cosmo,179,198.88,-19.88,0,1,1,1,0,1
2025-06-11,Maceoo Hollywood FL,1599.29,1797.06,-197.77,0,4,7,3,1,4
2025-06-11,Maceoo Biloxi,8753.51,9407.68,-455.29,-198.88,30,70,10,8,18
2025-06-11,Maceoo MGM,1456.87,1662.85,-205.98,0,7,36,4,3,7
2025-06-11,Maceoo Aria,6135.28,9281.88,-2865.08,-281.52,15,40,6,8,13
2025-06-11,Online Store,1720.41,2746.37,-622.92,-403.04,17,11,8,9,17
2025-06-11,Maceoo PR,3339.72,3339.72,0,0,11,19,3,8,11
2025-06-12,Maceoo Cosmo,1601.25,1657.5,-56.25,0,4,9,4,0,4
2025-06-12,Maceoo Atlantic,2471.46,2471.46,0,0,11,16,5,1,7
2025-06-12,Maceoo Resorts World Las Vegas,70.26,70.26,0,0,1,2,1,0,1
2025-06-12,Maceoo MGM,1187.22,1187.22,0,0,8,17,4,2,7
2025-06-12,Maceoo Hollywood FL,3614.66,3930.19,-216.65,-98.88,10,28,6,4,10
2025-06-12,Maceoo Biloxi,5862.87,7278.84,-1129.98,-285.99,22,49,11,7,17
2025-06-12,Maceoo Aria,6087.73,6807.61,-521,-198.88,15,100,7,6,14
2025-06-12,Online Store,2011.32,3321.36,-1310.04,0,17,25,7,8,15
2025-06-12,Maceoo Tampa,2614.38,3543.41,-369.75,-559.28,13,21,3,6,9
2025-06-12,Maceoo PR,2772.6,4309.88,-30,-1507.28,15,21,5,7,12
2025-06-13,Online Store,1797.22,4026.76,-1884.28,-345.26,14,17,5,7,12
2025-06-13,Maceoo Biloxi,5673.09,5981.92,-308.83,0,21,36,7,6,14
2025-06-13,Maceoo PR,5312.68,5312.68,0,0,18,37,4,11,15
2025-06-13,Maceoo Cosmo,504.76,534.76,-30,0,2,2,2,0,2
2025-06-13,Maceoo Aria,5954.25,6542.31,-588.06,0,15,43,9,5,14
2025-06-13,Maceoo Tampa,2882.76,3013.24,-130.48,0,6,18,3,3,5
2025-06-13,Maceoo Resorts World Las Vegas,1866.94,4814.04,-641.18,-2305.92,7,12,3,1,4
2025-06-13,Maceoo Atlantic,3067.78,3256.66,0,-188.88,15,31,4,5,10
2025-06-13,Maceoo MGM,572.64,572.64,0,0,4,9,2,0,3
2025-06-13,Maceoo Hollywood FL,4267.87,4598.52,-31.77,-298.88,11,36,4,5,10
2025-06-14,Maceoo PR,4924.92,5773.2,-143.88,-704.4,27,36,10,14,23
2025-06-14,Maceoo Resorts World Las Vegas,160.92,160.92,0,0,1,3,0,1,1
2025-06-14,Maceoo Cosmo,2107.1,2144.86,-37.76,0,4,13,4,0,4
2025-06-14,Maceoo Aria,4909.65,5952.34,-1042.69,0,6,13,2,2,5
2025-06-14,Maceoo Tampa,4377.96,8346.24,-632.46,-3335.82,10,21,3,3,6
2025-06-14,Maceoo Hollywood FL,5761.95,5829.71,-67.76,0,20,45,5,11,16
2025-06-14,Maceoo Atlantic,3339.37,4323.82,-885.57,-98.88,20,35,9,8,18
2025-06-14,Maceoo Biloxi,14822.67,16959.12,-1110.93,-1025.52,38,113,20,14,34
2025-06-14,Online Store,698.51,1359.03,-660.52,0,8,12,3,5,8
2025-06-14,Maceoo MGM,9083.83,9897.71,-715,-98.88,10,18,7,2,9
2025-06-15,Maceoo Cosmo,4621.26,4821.26,-200,0,7,21,5,1,6
2025-06-15,Maceoo Aria,5949.99,6647.75,-498.88,-198.88,15,90,5,7,13
2025-06-15,Maceoo Resorts World Las Vegas,26.4,26.4,0,0,1,2,0,1,1
2025-06-15,Maceoo Atlantic,19004.79,19925.65,-212.48,-708.38,20,45,6,7,14
2025-06-15,Maceoo Tampa,1550.66,1962.04,-153.62,-257.76,8,17,2,4,7
2025-06-15,Maceoo Biloxi,6090.75,6732.88,-96.61,-545.52,28,56,11,12,22
2025-06-15,Maceoo MGM,1187.52,1211.52,-24,0,8,14,1,3,5
2025-06-15,Online Store,7379.57,7718.45,-338.88,0,30,35,20,9,29
2025-06-15,WEB - Quiet LLC,0,188.88,-188.88,0,1,1,0,1,1
2025-06-15,Maceoo Hollywood FL,2874.85,3183.5,-308.65,0,10,22,3,6,10
2025-06-16,Maceoo Atlantic,2657.74,5173.44,-438.98,-2076.72,9,20,4,2,7
2025-06-16,Maceoo PR,539.75,724.4,-55.77,-128.88,3,4,2,1,3
2025-06-16,Maceoo Aria,16175.72,16501.32,-325.6,0,9,64,7,2,9
2025-06-16,Maceoo Resorts World Las Vegas,1201.51,1220.84,-19.33,0,3,10,2,1,3
2025-06-16,Maceoo MGM,1366.35,1465.35,-0.12,-98.88,6,14,4,1,6
2025-06-16,Maceoo Cosmo,2856,2922,-66,0,8,19,3,4,7
2025-06-16,Online Store,1903.78,2494.99,-531.88,-59.33,11,13,6,5,11
2025-06-16,Maceoo Tampa,1086.64,1086.64,0,0,3,3,1,1,3
2025-06-16,Maceoo Biloxi,0,348.88,-5.7,-343.18,0,0,0,0,0
2025-06-16,Maceoo Hollywood FL,728.3,728.3,0,0,5,10,1,1,3
2025-06-17,Maceoo Tampa,2806.67,4076.08,-746.64,-522.77,12,29,7,3,9
2025-06-17,Maceoo Atlantic,1782.79,3793.44,-515.52,-1495.13,6,24,1,5,5
2025-06-17,Maceoo MGM,498.99,587.04,-88.05,0,3,7,3,0,3
2025-06-17,Maceoo PR,324.64,2301.2,0,-1976.56,6,6,2,3,5
2025-06-17,Maceoo Hollywood FL,2117.17,2494.16,-376.99,0,5,13,4,0,5
2025-06-17,Maceoo Cosmo,2198.77,2351.35,-152.58,0,5,12,3,2,5
2025-06-17,Online Store,6682.91,6778.47,-95.56,0,19,36,12,7,19
2025-06-17,Maceoo Resorts World Las Vegas,192.66,192.66,0,0,1,2,0,1,1
2025-06-17,Maceoo Aria,5493.29,5712.2,-218.91,0,11,29,9,2,11
2025-06-17,Maceoo Biloxi,287.76,486.64,0,-198.88,2,2,1,1,1
2025-06-18,Online Store,4539.22,4903.98,-364.76,0,16,35,13,3,16
2025-06-18,Maceoo PR,2294.24,2488.56,-194.32,0,6,13,1,4,5
2025-06-18,Maceoo Atlantic,1614.48,1680.48,-66,0,7,30,2,5,7
2025-06-18,Maceoo MGM,2248.67,2406.36,-157.69,0,7,14,4,2,7
2025-06-18,Maceoo Aria,40265.46,40430.27,-164.81,0,18,471,10,5,14
2025-06-18,Maceoo Cosmo,1264.85,1343.94,-79.09,0,5,11,4,1,5
2025-06-18,Maceoo Resorts World Las Vegas,389.74,389.74,0,0,2,3,0,1,2
2025-06-18,Maceoo Tampa,4050,4789.58,-739.58,0,2,2,1,0,2
2025-06-18,WEB - Quiet LLC,170,188.88,-18.88,0,1,1,0,1,1
2025-06-18,Maceoo Biloxi,450.86,495.52,-44.66,0,3,4,1,1,3
2025-06-18,Maceoo Hollywood FL,1233.57,1334.88,-101.31,0,4,14,2,1,4
2025-06-19,Maceoo Atlantic,2856.62,2856.62,0,0,9,24,4,5,9
2025-06-19,Maceoo MGM,2630.29,3038.05,-407.76,0,7,38,4,3,7
2025-06-19,Maceoo Biloxi,1255.51,1260.68,-5.17,0,5,12,4,0,5
2025-06-19,WEB - Quiet LLC,143,158.88,-15.88,0,1,1,0,1,1
2025-06-19,Maceoo PR,586.64,715.52,0,-128.88,2,3,0,2,2
2025-06-19,Maceoo Tampa,1777.28,2176,-93.86,-304.86,6,9,3,2,6
2025-06-19,Maceoo Hollywood FL,5384.01,5618.65,-234.64,0,7,27,5,2,7
2025-06-19,Maceoo Resorts World Las Vegas,302.48,354.81,-52.33,0,1,2,1,0,1
2025-06-19,Online Store,3813.92,4450.56,-636.64,0,15,26,8,7,15
2025-06-19,Maceoo Aria,4316.29,5274.48,-89.31,-868.88,7,25,2,4,7
2025-06-19,Maceoo Cosmo,1746.12,1746.12,0,0,4,8,4,0,4
2025-06-20,Maceoo Biloxi,423.3,455.52,-32.22,0,4,4,2,2,3
2025-06-20,Maceoo Hollywood FL,2191.54,2261.3,-69.76,0,7,19,4,2,7
2025-06-20,Maceoo Cosmo,10920.41,11225.27,0,-304.86,9,18,8,1,9
2025-06-20,Maceoo MGM,2651.96,2927.51,-275.55,0,12,26,8,3,11
2025-06-20,Maceoo PR,696.4,855.28,0,-158.88,5,5,2,3,4
2025-06-20,Maceoo Atlantic,2438.22,2537.1,0,-98.88,11,16,2,7,10
2025-06-20,Maceoo Resorts World Las Vegas,344.52,344.52,0,0,1,3,1,0,1
2025-06-20,Maceoo Tampa,3271.66,3759.8,-289.26,-198.88,11,30,2,8,11
2025-06-20,Maceoo Aria,8546.04,8794.2,-248.16,0,18,95,7,8,16
2025-06-20,Online Store,3762.67,4809.76,-597.93,-449.16,14,26,7,7,14
2025-06-21,Maceoo Cosmo,2615.63,3833.34,-34.88,-1182.83,10,18,4,3,7
2025-06-21,Maceoo Hollywood FL,2118.44,2166.08,-47.64,0,4,15,2,1,4
2025-06-21,Maceoo Aria,8006.08,8170.22,-164.14,0,18,48,8,8,16
2025-06-21,Maceoo PR,1845.04,2540.56,0,-695.52,5,11,3,2,5
2025-06-21,Online Store,1092.16,1142.16,-50,0,7,7,4,3,7
2025-06-21,Maceoo Atlantic,5434.94,5434.94,0,0,19,45,7,8,16
2025-06-21,Maceoo Tampa,2639.49,3140.15,-47.66,-453,12,21,4,4,9
2025-06-21,Maceoo Resorts World Las Vegas,1657.32,1657.32,0,0,8,14,7,1,8
2025-06-21,Maceoo MGM,7959.75,9520.05,-394.69,-1165.61,18,68,7,5,13
2025-06-21,Maceoo Biloxi,2302.68,2414.6,-111.92,0,9,19,7,1,9
2025-06-22,Maceoo Aria,7582.5,7621.3,-38.8,0,11,67,8,2,10
2025-06-22,Maceoo Cosmo,1265.43,2403.94,-154.43,-984.08,5,12,1,3,4
2025-06-22,Maceoo Biloxi,548.88,812.4,-25.76,-237.76,4,4,4,0,4
2025-06-22,Maceoo Resorts World Las Vegas,1211.52,1211.52,0,0,1,3,0,1,1
2025-06-22,Maceoo PR,1141.04,1299.92,0,-158.88,6,8,4,2,6
2025-06-22,Online Store,6252.59,7867.47,-216,-1398.88,28,45,22,6,28
2025-06-22,Maceoo Tampa,3918.39,4280.69,-251.08,-111.22,8,18,1,7,8
2025-06-22,Maceoo Hollywood FL,1627.6,1691.68,-64.08,0,7,15,5,0,6
2025-06-22,Maceoo MGM,6212.16,6470.42,-120.5,-137.76,7,15,4,1,6
2025-06-22,Maceoo Atlantic,3765.47,3864.35,0,-98.88,14,26,5,9,14
2025-06-23,Maceoo MGM,2220.62,2743.3,-522.68,0,3,7,1,1,3
2025-06-23,Maceoo PR,1022.4,1321.28,0,-298.88,1,6,0,1,1
2025-06-23,Maceoo Cosmo,899.29,949.01,-49.72,0,4,10,4,0,4
2025-06-23,Maceoo Biloxi,556.64,575.52,-18.88,0,4,5,3,1,4
2025-06-23,Maceoo Atlantic,4793.14,4856.28,-63.14,0,11,34,4,5,9
2025-06-23,Online Store,1626.3,3028.2,-89.84,-1312.06,12,13,8,4,11
2025-06-23,Maceoo Aria,6581.77,6710.52,-128.75,0,11,32,4,6,10
2025-06-23,Maceoo Tampa,2514.98,3395.37,-47.66,-832.73,5,21,1,3,3
2025-06-23,Maceoo Resorts World Las Vegas,319.52,344.52,-25,0,2,5,1,1,2
2025-06-23,Maceoo Hollywood FL,5128.75,5848.77,-720.02,0,7,30,2,4,7
2025-06-24,Online Store,3159.88,5399.43,-1268.61,-970.94,18,21,7,11,17
2025-06-24,Maceoo Aria,1874.87,2092.87,-218,0,4,19,1,3,4
2025-06-24,Maceoo PR,1095.68,1403.44,0,-307.76,3,12,1,2,3
2025-06-24,Maceoo Hollywood FL,0,158.88,0,-158.88,1,0,0,0,1
2025-06-24,Maceoo Cosmo,1601.87,1601.9,-0.03,0,5,6,1,1,1
2025-06-24,Maceoo MGM,1020.51,1029.21,-8.7,0,5,12,3,1,5
2025-06-24,Maceoo Atlantic,4633.32,4633.32,0,0,11,45,5,2,7
2025-06-24,Maceoo Tampa,1174.04,1379.68,-166.64,-39,7,14,0,3,4
2025-06-24,Maceoo Biloxi,330.76,604.4,-273.64,0,4,5,2,2,4
2025-06-25,Maceoo Aria,9617.94,10551.06,-933.12,0,7,129,4,3,7
2025-06-25,Maceoo Tampa,162.06,162.06,0,0,1,2,1,0,1
2025-06-25,Maceoo MGM,5648.59,5723.38,-74.79,0,7,23,2,2,5
2025-06-25,Maceoo PR,1888.8,2116.56,0,-227.76,6,11,2,3,5
2025-06-25,Maceoo Atlantic,2571.42,2977.18,0,-405.76,10,15,2,6,8
2025-06-25,Maceoo Biloxi,175.87,187.76,-11.89,0,2,2,0,2,2
2025-06-25,Maceoo Cosmo,677.54,677.54,0,0,2,3,2,0,2
2025-06-25,Maceoo Resorts World Las Vegas,726.76,726.76,0,0,1,3,1,0,1
2025-06-25,Maceoo Hollywood FL,739.88,746.86,-6.98,0,5,7,1,0,2
2025-06-25,Online Store,3523.08,3674.88,-57.88,-93.92,14,21,6,8,14
2025-06-26,Maceoo Resorts World Las Vegas,388.62,388.62,0,0,3,4,2,1,3
2025-06-26,Maceoo Aria,4294.59,5996.47,-403,-1298.88,7,12,4,3,6
2025-06-26,Maceoo Tampa,2984.06,3547.7,-264.88,-298.76,15,25,5,7,11
2025-06-26,Maceoo MGM,1690.42,4239.47,0,-2549.05,5,16,4,0,5
2025-06-26,Maceoo PR,635.52,635.52,0,0,2,4,1,1,2
2025-06-26,Maceoo Cosmo,12024.85,12024.85,0,0,9,27,8,1,8
2025-06-26,Maceoo Hollywood FL,2739.82,3028.75,-259.55,-29.38,8,16,7,1,8
2025-06-26,Maceoo Atlantic,1951,1951,0,0,9,18,3,5,8
2025-06-26,Online Store,-4633.35,4426.56,-1509.83,-7550.08,17,-4,10,7,17
2025-06-26,Maceoo Biloxi,525.52,525.52,0,0,3,4,3,0,3
2025-06-27,Maceoo MGM,2035.47,2261.1,-67.63,-158,6,14,5,1,6
2025-06-27,Maceoo PR,386.64,386.64,0,0,2,3,2,0,2
2025-06-27,Maceoo Tampa,867.74,1593.28,-57.78,-667.76,4,4,1,3,3
2025-06-27,Maceoo Hollywood FL,6147.29,6147.29,0,0,18,45,6,7,13
2025-06-27,Maceoo Cosmo,1057.14,1057.14,0,0,3,9,3,0,3
2025-06-27,Maceoo Aria,12226.44,13067.73,-841.29,0,15,43,10,4,15
2025-06-27,Maceoo Resorts World Las Vegas,1836.03,2042.04,-206.01,0,5,14,4,1,5
2025-06-27,Online Store,3780.7,4173.34,-392.64,0,18,26,4,14,17
2025-06-27,Maceoo Atlantic,5449.42,5548.3,0,-98.88,16,71,6,3,10
2025-06-27,Maceoo Biloxi,3744.29,4241.48,-119.43,-377.76,11,21,7,2,10
2025-06-28,Maceoo Biloxi,1269.04,1489.68,-50.65,-169.99,7,12,3,2,6
2025-06-28,Maceoo Hollywood FL,5001.21,5278.39,-277.18,0,14,41,8,4,13
2025-06-28,Online Store,3269.48,3394.48,-125,0,16,22,6,10,16
2025-06-28,Maceoo Resorts World Las Vegas,2264.49,2294.32,-29.83,0,9,18,5,1,7
2025-06-28,Maceoo Cosmo,2502.84,2767.72,-66,-198.88,8,19,6,1,8
2025-06-28,Maceoo Tampa,2760.44,2760.44,0,0,7,16,3,3,7
2025-06-28,Maceoo Aria,19817.18,25418.66,-5601.48,0,27,106,13,12,26
2025-06-28,Maceoo Atlantic,9424.4,9832.16,0,-407.76,24,49,8,7,16
2025-06-28,Maceoo MGM,8107.74,8705.53,-597.79,0,16,43,12,1,14
2025-06-28,Maceoo PR,1700.8,1879.68,0,-178.88,6,14,3,3,6
2025-06-29,Maceoo Tampa,2945.42,3050.08,-104.66,0,9,20,0,6,7
2025-06-29,Online Store,3930.45,8179.13,-2561.52,-1687.16,44,38,15,27,42
2025-06-29,Maceoo PR,1387.92,1962.56,0,-574.64,7,10,3,4,6
2025-06-29,Maceoo Biloxi,2369.88,2703.08,-134.32,-198.88,8,15,4,2,7
2025-06-29,Maceoo Aria,3629.13,3826.01,-196.88,0,7,28,4,3,7
2025-06-29,Maceoo Resorts World Las Vegas,1434.93,1652.34,-217.41,0,4,11,4,0,4
2025-06-29,Maceoo Cosmo,2873.16,2873.16,0,0,7,19,5,2,7
2025-06-29,WEB - Quiet LLC,0,0,0,0,0,-1,0,0,0
2025-06-29,Maceoo Hollywood FL,3312.41,3364.78,-52.37,0,9,29,2,4,7
2025-06-29,Maceoo MGM,6296.47,6358.02,-61.55,0,13,28,9,3,13
2025-06-29,Maceoo Atlantic,1696.9,3881.78,-50,-2134.88,16,26,6,5,12
2025-06-30,Maceoo Cosmo,2532.95,2861.83,-328.88,0,3,10,1,2,2
2025-06-30,Maceoo Resorts World Las Vegas,2529.92,2529.92,0,0,2,9,2,0,2
2025-06-30,Maceoo Tampa,3074.9,3261.29,-117.17,-69.22,7,16,6,0,7
2025-06-30,Maceoo Hollywood FL,1226.86,1312.91,-86.05,0,3,5,1,0,2
2025-06-30,Maceoo PR,795.4,1153.16,-158.88,-198.88,3,7,2,1,3
2025-06-30,Maceoo Biloxi,644.28,644.28,0,0,4,7,3,0,4
2025-06-30,Maceoo Aria,465.62,490.62,-25,0,3,4,3,0,3
2025-06-30,Online Store,4776.09,5922.24,-1001.64,-144.51,18,25,8,10,18
2025-06-30,Maceoo Atlantic,2475.97,2517.56,-41.59,0,7,15,4,3,7
2025-06-30,Maceoo MGM,2769.65,3171.51,-401.86,0,5,12,4,1,5
2025-07-01,Online Store,5518.01,5759.01,-241,0,19,32,11,8,19
2025-07-01,Maceoo Resorts World Las Vegas,297.2,327.62,-30.42,0,3,4,2,0,3
2025-07-01,Maceoo Atlantic,2287.33,2365.29,-77.96,0,9,22,6,1,8
2025-07-01,Maceoo Hollywood FL,767.31,1581.83,-814.52,0,5,13,3,1,5
2025-07-01,Maceoo MGM,946.81,1178.99,-103.3,-128.88,3,6,2,1,3
2025-07-01,Maceoo Aria,1394.74,1394.74,0,0,2,3,1,0,2
2025-07-01,Maceoo Cosmo,2256.92,2467.68,-210.76,0,5,17,0,5,5
2025-07-01,Maceoo Tampa,1730.1,2280.72,-262.86,-287.76,7,14,1,4,6
2025-07-01,Maceoo PR,765.28,923.28,0,-158,5,6,0,3,3
2025-07-01,Maceoo Biloxi,1395.39,1670.92,-275.53,0,6,9,3,3,6
2025-07-02,Online Store,1418.79,2536.48,-1117.69,0,10,21,5,5,10
2025-07-02,Maceoo Tampa,1556.99,1694.32,-137.33,0,5,8,2,3,4
2025-07-02,Maceoo PR,1409.8,1568.68,0,-158.88,3,10,1,2,3
2025-07-02,Maceoo Biloxi,771.64,801.28,-29.64,0,3,7,3,0,3
2025-07-02,Maceoo Aria,2309.69,2976.49,-666.8,0,7,14,1,5,7
2025-07-02,Maceoo MGM,3741.2,5411.49,-1670.29,0,7,15,3,1,5
2025-07-02,Maceoo Resorts World Las Vegas,975.97,1033.28,-57.31,0,4,6,2,0,3
2025-07-02,Maceoo Atlantic,8394.68,9150.32,-477.76,-277.88,16,27,9,5,14
2025-07-02,Maceoo Cosmo,5233.17,5331.7,-98.53,0,5,27,2,2,5
2025-07-02,Maceoo Hollywood FL,3997.48,4067.12,-69.64,0,8,30,4,4,8
2025-07-03,Maceoo Tampa,1225.61,1468.18,-242.57,0,3,10,2,1,2
2025-07-03,Maceoo Atlantic,25260.5,34417.38,0,-9156.88,15,25,7,5,13
2025-07-03,WEB - Quiet LLC,170,188.88,-18.88,0,1,1,0,1,1
2025-07-03,Online Store,1203.61,3241.29,-1689.92,-347.76,11,22,5,6,11
2025-07-03,Maceoo Biloxi,867.98,1064.14,-196.16,0,4,4,3,0,4
2025-07-03,Maceoo Resorts World Las Vegas,1203.24,1203.24,0,0,3,7,1,0,2
2025-07-03,Maceoo Hollywood FL,2716.77,3043.99,-327.22,0,8,29,2,3,6
2025-07-03,Maceoo Cosmo,269.4,269.4,0,0,2,4,1,0,2
2025-07-03,Maceoo Aria,3074.26,3144.15,-69.89,0,12,28,5,6,12
2025-07-03,Maceoo MGM,1217.05,1303.43,-86.38,0,5,31,4,1,5
2025-07-03,Maceoo PR,505.52,505.52,0,0,2,4,0,2,2
2025-07-04,Maceoo Cosmo,4730.4,5787.04,-1056.64,0,10,33,7,3,10
2025-07-04,Maceoo Hollywood FL,2823.71,3603.22,-225.51,-554,12,29,6,6,11
2025-07-04,Maceoo Atlantic,5802.85,7537.41,-1407.92,-326.64,13,35,8,2,11
2025-07-04,Online Store,5728.96,6599.15,-870.19,0,33,53,17,13,30
2025-07-04,Maceoo Biloxi,1822.26,1925.68,-103.42,0,9,13,6,3,8
2025-07-04,Maceoo Tampa,4411,4791.87,-242.43,-138.44,12,34,4,5,9
2025-07-04,Maceoo MGM,357.86,447.46,-89.6,0,2,4,1,0,2
2025-07-04,Maceoo Aria,4118.25,4491.57,-373.32,0,12,50,6,3,10
2025-07-04,Maceoo PR,990.28,1319.04,0,-328.76,6,8,4,2,5
2025-07-04,Maceoo Resorts World Las Vegas,1695.8,1720.8,-25,0,7,18,7,0,7
2025-07-05,Maceoo Hollywood FL,3982.55,4063,-80.45,0,10,24,6,3,10
2025-07-05,Maceoo PR,366.64,366.64,0,0,2,3,2,0,2
2025-07-05,Maceoo MGM,4950.51,5491.85,-278.42,-262.92,16,28,8,0,9
2025-07-05,Maceoo Resorts World Las Vegas,3127.15,3306.03,0,-178.88,5,19,2,2,5
2025-07-05,Online Store,3580.67,6474.6,-906.77,-1987.16,26,26,12,14,26
2025-07-05,Maceoo Aria,2442.16,2909.7,-348.54,-119,10,22,4,6,10
2025-07-05,Maceoo Tampa,1206.02,1307.34,-101.32,0,6,12,2,2,5
2025-07-05,Maceoo Atlantic,13468.87,13968.87,-500,0,27,79,13,9,22
2025-07-05,Maceoo Biloxi,4131.23,4521.28,-390.05,0,13,34,6,5,10
2025-07-05,Maceoo Cosmo,2671.89,3187.89,-516,0,7,22,4,3,7
2025-07-06,Maceoo Cosmo,5795.45,6954.52,-727.17,-431.9,11,32,8,3,11
2025-07-06,WEB - Quiet LLC,143,158.88,-15.88,0,1,1,0,1,1
2025-07-06,Online Store,2993.71,3317.72,-324.01,0,16,20,6,9,14
2025-07-06,Maceoo Biloxi,333.64,476.64,0,-143,1,3,0,1,1
2025-07-06,Maceoo MGM,3832.07,3846.07,-14,0,11,25,4,3,7
2025-07-06,Maceoo PR,1968.56,2097.44,0,-128.88,3,12,2,1,3
2025-07-06,Maceoo Tampa,1389.35,1653.63,-264.28,0,5,13,4,1,5
2025-07-06,Maceoo Atlantic,6095.33,6827.09,0,-731.76,23,66,11,7,19
2025-07-06,Maceoo Aria,935.44,941.88,-6.44,0,7,11,3,3,7
2025-07-06,Maceoo Hollywood FL,1215.79,1215.79,0,0,4,52,1,3,4
2025-07-07,Maceoo Aria,550.59,594.66,-44.07,0,3,6,2,1,3
2025-07-07,Maceoo PR,543.76,642.64,0,-98.88,4,5,1,2,3
2025-07-07,Maceoo Cosmo,146.18,162.06,-15.88,0,1,2,1,0,1
2025-07-07,Maceoo Tampa,138.88,138.88,0,0,2,2,0,0,1
2025-07-07,Maceoo Atlantic,1297.68,1297.68,0,0,9,14,5,3,8
2025-07-07,Maceoo MGM,876.52,876.52,0,0,6,10,1,0,2
2025-07-07,Online Store,2354.09,4873.1,-2287.01,-232,13,28,4,9,13
2025-07-07,Maceoo Biloxi,772.96,816.6,-43.64,0,6,7,2,3,6
2025-07-07,Maceoo Hollywood FL,974.4,1112.28,-137.88,0,2,6,1,1,2
2025-07-07,Maceoo Resorts World Las Vegas,130.29,162.06,-31.77,0,1,2,1,0,1
2025-07-08,Maceoo Resorts World Las Vegas,131.46,131.46,0,0,1,2,1,0,1
2025-07-08,Maceoo Atlantic,925.5,1612.44,-94.44,-592.5,7,11,2,4,7
2025-07-08,Online Store,2476.13,2673.08,-196.95,0,12,18,5,7,12
2025-07-08,Maceoo PR,1132.16,1132.16,0,0,3,7,0,3,3
2025-07-08,Maceoo Hollywood FL,852.56,852.56,0,0,2,6,1,1,2
2025-07-08,Maceoo Tampa,4099,4622.08,-71.32,-451.76,5,16,1,3,5
2025-07-08,Maceoo MGM,2258.06,2596.01,-337.95,0,6,33,2,1,4
2025-07-08,Maceoo Biloxi,347.76,477.64,-129.88,0,2,3,1,1,2
2025-07-08,Maceoo Aria,28564.3,31293.31,-2729.01,0,6,104,4,2,6
2025-07-08,Maceoo Cosmo,917.51,924.39,-6.88,0,4,12,3,1,4
2025-07-09,Maceoo Atlantic,1537.9,1570.31,-32.41,0,5,15,3,2,5
2025-07-09,Maceoo Hollywood FL,2521.04,2902.08,-25.76,-355.28,4,12,1,3,4
2025-07-09,Maceoo MGM,1090.34,1100.48,-10.14,0,6,12,2,0,3
2025-07-09,Maceoo Biloxi,548.54,825.52,-88.1,-188.88,2,3,1,1,2
2025-07-09,Maceoo Aria,1412.75,1544.67,-131.92,0,6,20,2,2,5
2025-07-09,Maceoo Cosmo,804.02,804.02,0,0,5,9,2,2,5
2025-07-09,Maceoo Resorts World Las Vegas,1912.16,1912.16,0,0,1,7,1,0,1
2025-07-09,Maceoo PR,516.52,516.52,0,0,3,4,1,2,3
2025-07-09,Maceoo Tampa,2201.22,2349.34,-148.12,0,6,16,3,2,6
2025-07-09,Online Store,2164.2,3743.76,-1579.56,0,19,30,11,7,18
2025-07-10,Maceoo Atlantic,7275.3,7977.94,-66,-636.64,12,28,6,5,12
2025-07-10,Maceoo Tampa,1637.3,2067.24,0,-429.94,8,16,3,2,6
2025-07-10,Maceoo MGM,1714.68,1714.68,0,0,4,9,1,2,4
2025-07-10,Online Store,4344.11,4990.16,-675.29,29.24,21,35,6,14,20
2025-07-10,Maceoo Cosmo,719.71,752.71,-33,0,4,8,1,1,3
2025-07-10,Maceoo Biloxi,317.76,317.76,0,0,2,2,2,0,2
2025-07-10,Maceoo Aria,3371.75,3579.75,-208,0,12,71,7,5,12
2025-07-10,Maceoo PR,466.64,595.52,0,-128.88,2,3,1,1,2
2025-07-10,Maceoo Hollywood FL,2494.44,2899.02,-404.58,0,6,17,1,2,4
2025-07-10,Maceoo Resorts World Las Vegas,449.74,449.74,0,0,2,3,1,1,2
2025-07-11,Maceoo Cosmo,2704.55,3809.43,-1104.88,0,8,21,6,2,8
2025-07-11,Maceoo Aria,10058.88,12114.47,-1744.25,-311.34,22,74,9,10,19
2025-07-11,Online Store,4014.06,4368.94,-354.88,0,12,22,9,3,12
2025-07-11,Maceoo Tampa,1208.98,1741.86,-33.88,-499,6,12,4,2,6
2025-07-11,Maceoo Resorts World Las Vegas,867.45,1042.7,-46.37,-128.88,4,11,3,0,4
2025-07-11,Maceoo Hollywood FL,4521.15,4695.77,-174.62,0,12,27,3,3,7
2025-07-11,Maceoo MGM,2906.07,3129.32,-223.25,0,8,18,6,2,7
2025-07-11,Maceoo Atlantic,4008.27,4169.56,-32.41,-128.88,14,38,8,5,13
2025-07-11,Maceoo Biloxi,966.36,1235.24,-80,-188.88,8,9,3,3,6
2025-07-11,Maceoo PR,1468.04,1468.04,0,0,5,10,4,1,5
2025-07-12,Maceoo MGM,4098.84,4399.84,-301,0,5,17,3,1,5
2025-07-12,Maceoo Tampa,4923.61,4923.61,0,0,8,17,3,3,7
2025-07-12,Maceoo Biloxi,1354.1,1429.68,-75.58,0,11,13,6,5,11
2025-07-12,Maceoo PR,5133.52,5153.4,-19.88,0,9,33,5,4,9
2025-07-12,Maceoo Atlantic,4170.86,4345.74,-16,-158.88,18,39,7,5,12
2025-07-12,Online Store,1621.49,1805.37,-183.88,0,11,13,5,6,11
2025-07-12,Maceoo Aria,9242.12,9312.02,-69.9,0,20,145,11,7,18
2025-07-12,Maceoo Cosmo,1861.44,1877.32,-15.88,0,7,19,4,2,7
2025-07-12,Maceoo Resorts World Las Vegas,1865.56,1895.39,-29.83,0,6,16,5,1,6
2025-07-12,Maceoo Hollywood FL,4223.77,4467.06,-243.29,0,17,45,4,3,8
2025-07-13,Maceoo Tampa,1036.89,1345.74,-78.45,-230.4,7,12,5,1,5
2025-07-13,Maceoo Atlantic,3478.64,4075.28,0,-596.64,12,25,3,7,10
2025-07-13,Maceoo MGM,3157.53,3334.18,-176.65,0,9,27,5,2,7
2025-07-13,Online Store,5487.21,9550.63,-2134.84,-1928.58,22,16,11,11,22
2025-07-13,Maceoo Biloxi,222.2,356.76,-45.56,-89,2,2,1,1,2
2025-07-13,Maceoo Resorts World Las Vegas,26.4,26.4,0,0,1,2,1,0,1
2025-07-13,Maceoo PR,1854.32,2254.08,0,-399.76,7,15,1,5,5
2025-07-13,Maceoo Cosmo,1929.32,1968.87,-39.55,0,5,13,3,2,5
2025-07-13,WEB - Quiet LLC,0,158.88,-158.88,0,1,1,0,1,1
2025-07-13,Maceoo Hollywood FL,1065.84,1155.94,-90.1,0,4,8,2,2,4
2025-07-13,Maceoo Aria,6044.07,6280.83,-37.88,-198.88,8,17,5,3,8
2025-07-14,Maceoo MGM,1587.32,1885.92,-298.6,0,3,9,2,1,3
2025-07-14,Maceoo Hollywood FL,1088.94,1277.85,-188.91,0,3,15,1,1,3
2025-07-14,Maceoo Tampa,1728.59,2035.34,-306.75,0,4,9,2,1,3
2025-07-14,Maceoo Cosmo,0,576.64,-327.76,-248.88,2,2,2,0,2
2025-07-14,Maceoo Atlantic,1568.29,1568.29,0,0,7,11,3,3,7
2025-07-14,Maceoo Aria,3605.6,3655.47,-49.87,0,11,17,6,4,9
2025-07-14,Maceoo Resorts World Las Vegas,302.48,354.81,-52.33,0,1,2,1,0,1
2025-07-14,Online Store,3401.53,3756.47,-354.94,0,19,27,9,9,15
2025-07-14,Maceoo Biloxi,69.88,69.88,0,0,1,1,0,1,1
2025-07-14,Maceoo PR,495.4,495.4,0,0,2,5,1,1,2
2025-07-15,Maceoo Tampa,513.64,513.64,0,0,3,3,1,1,3
2025-07-15,Maceoo Resorts World Las Vegas,202.86,202.86,0,0,1,2,0,1,1
2025-07-15,Maceoo PR,919.92,919.92,0,0,3,9,1,1,2
2025-07-15,Maceoo Aria,7935.99,7977.51,-41.52,0,10,33,7,1,9
2025-07-15,Maceoo Cosmo,436.32,628.98,0,-192.66,3,4,2,0,3
2025-07-15,Maceoo MGM,666.59,706.14,-39.55,0,5,11,2,1,4
2025-07-15,Maceoo Atlantic,1452.5,1751.38,-298.88,0,8,12,1,4,6
2025-07-15,Online Store,2597.05,2933.17,-336.12,0,11,20,3,6,9
2025-07-15,Maceoo Hollywood FL,2878.85,3788.89,-554.18,-355.86,9,18,5,3,8
2025-07-15,Maceoo Biloxi,4330.82,4432.28,-22.35,-79.11,18,30,9,7,16
2025-07-16,Online Store,4278.21,4562.09,-150,-133.88,16,29,9,7,16
2025-07-16,Maceoo Biloxi,4128.67,4494.76,-193.33,-172.76,18,27,6,8,15
2025-07-16,Maceoo PR,1774.4,2162.16,0,-387.76,4,6,2,2,4
2025-07-16,Maceoo Tampa,2567.09,2567.09,0,0,3,8,0,3,3
2025-07-16,Maceoo Aria,3886.85,3966.29,-79.44,0,9,21,5,3,9
2025-07-16,Maceoo Cosmo,1285.12,1872.62,0,-587.5,6,10,3,3,5
2025-07-16,Maceoo Atlantic,3905.71,3998.78,-66,-27.07,8,27,3,1,5
2025-07-16,Maceoo Hollywood FL,3609.62,3785.86,-176.24,0,11,28,1,3,5
2025-07-17,Maceoo PR,843.28,843.28,0,0,6,7,5,1,5
2025-07-17,Maceoo Aria,4558.54,4735.42,-176.88,0,10,25,5,5,10
2025-07-17,Maceoo Hollywood FL,1496.86,1496.86,0,0,5,12,4,1,5
2025-07-17,Maceoo Biloxi,1792.38,2058.68,-128.42,-137.88,11,18,7,4,11
2025-07-17,Maceoo Resorts World Las Vegas,1724.41,1859.26,-134.85,0,4,12,1,2,3
2025-07-17,Maceoo Tampa,962.68,1209.22,-47.66,-198.88,4,5,2,0,3
2025-07-17,Online Store,1105.28,1805.8,-700.52,0,9,12,2,7,9
2025-07-17,Maceoo Cosmo,2566.88,2566.88,0,0,6,16,4,2,6
2025-07-17,Maceoo MGM,5325.29,5672.95,-148.78,-198.88,8,21,5,2,8
2025-07-17,Maceoo Atlantic,2177.94,2177.94,0,0,12,19,7,4,11
2025-07-18,Maceoo Aria,13049.74,14381.25,-1331.51,0,17,89,11,6,16
2025-07-18,Maceoo MGM,6443.44,6997.51,-554.07,0,20,53,16,3,19
2025-07-18,Maceoo Tampa,16716.97,20445.69,-3728.72,0,11,38,3,6,10
2025-07-18,Maceoo Hollywood FL,3775.2,4270.72,0,-495.52,13,33,10,2,12
2025-07-18,WEB - Quiet LLC,348.88,348.88,0,0,1,1,0,1,1
2025-07-18,Maceoo Cosmo,1467.84,1467.84,0,0,5,14,5,0,5
2025-07-18,Maceoo Biloxi,5784.12,6116.72,-114.72,-217.88,19,59,5,11,17
2025-07-18,Maceoo PR,631.52,644.4,-12.88,0,2,5,1,1,2
2025-07-18,Maceoo Resorts World Las Vegas,2055.3,2157.18,-101.88,0,5,17,2,3,5
2025-07-18,Online Store,9106.13,9594,-487.87,0,23,59,6,15,20
2025-07-18,Maceoo Atlantic,15911.18,16704.67,-293.49,-500,16,47,5,11,16
2025-07-19,Maceoo Biloxi,9943.83,10416.48,-472.65,0,36,77,15,12,26
2025-07-19,Maceoo Hollywood FL,4056.04,4056.04,0,0,12,37,5,4,10
2025-07-19,Maceoo Atlantic,29543.37,43552.25,-108.88,-13900,27,50,7,16,22
2025-07-19,Maceoo Tampa,7649.95,9727.26,-647.39,-1429.92,20,51,3,5,9
2025-07-19,Online Store,3747.2,7451.08,-2211.12,-1492.76,19,46,8,11,19
2025-07-19,Maceoo Cosmo,5989.8,6262.6,-220,-52.8,21,51,11,9,17
2025-07-19,Maceoo MGM,12825.94,18082.29,-2900.15,-2356.2,21,89,8,5,14
2025-07-19,Maceoo PR,2736.04,2736.04,0,0,6,10,5,1,6
2025-07-19,Maceoo Resorts World Las Vegas,2488.24,2829.81,-341.57,0,5,19,3,2,5
2025-07-19,Maceoo Aria,17452.55,23687.73,-6235.18,0,24,91,10,8,19
2025-07-20,Maceoo Resorts World Las Vegas,1460.58,1509.91,-49.33,0,5,16,1,3,4
2025-07-20,Maceoo Hollywood FL,1556.38,2055.26,0,-498.88,5,6,3,1,5
2025-07-20,Maceoo Cosmo,2255.26,2986.66,-731.4,0,8,23,6,2,8
2025-07-20,Maceoo Tampa,1482.64,1492.52,-9.88,0,6,11,1,3,5
2025-07-20,Maceoo MGM,2592.65,2692.65,-100,0,5,10,2,1,4
2025-07-20,Maceoo PR,3458.64,3458.64,0,0,5,28,2,2,4
2025-07-20,Online Store,2588.51,3301.15,-712.64,0,15,23,7,8,15
2025-07-20,Maceoo Aria,4639.5,4960.44,-158.88,-162.06,10,31,7,3,10
2025-07-20,Maceoo Atlantic,13912.13,13942.3,-30.17,0,17,55,5,9,15
2025-07-20,Maceoo Biloxi,4996.73,5346.68,-117.95,-232,17,36,7,8,15
2025-07-21,Maceoo PR,1275.52,1291.4,-15.88,0,5,8,3,2,5
2025-07-21,Maceoo MGM,100.86,100.86,0,0,1,2,0,0,1
2025-07-21,Maceoo Aria,2289.9,2886.54,0,-596.64,11,28,1,5,7
2025-07-21,Maceoo Tampa,3275.24,3864.12,-100,-488.88,9,21,5,3,9
2025-07-21,Online Store,2401.1,3403,-522.76,-479.14,15,20,5,9,14
2025-07-21,Maceoo Cosmo,1323.72,1323.72,0,0,1,3,1,0,1
2025-07-21,Maceoo Atlantic,1727.68,1846.68,0,-119,11,16,5,4,9
2025-07-21,Maceoo Hollywood FL,727.02,845.9,-118.88,0,3,6,1,1,3
2025-07-21,Maceoo Biloxi,434.7,515.52,-80.82,0,3,5,1,2,3
2025-07-22,Maceoo Atlantic,4572.6,5042.59,-64.27,-405.72,13,24,2,6,8
2025-07-22,Maceoo Tampa,487.88,487.88,0,0,1,2,0,0,1
2025-07-22,Maceoo Hollywood FL,3764.01,4501.81,-234.06,-503.74,10,28,1,4,6
2025-07-22,Maceoo MGM,1320.39,1387.25,-66.86,0,4,13,2,1,4
2025-07-22,Maceoo PR,1469.92,1469.92,0,0,5,10,3,1,4
2025-07-22,Maceoo Biloxi,170,347.76,-34.76,-143,1,1,0,1,1
2025-07-22,Maceoo Resorts World Las Vegas,872.62,956.25,-83.63,0,3,6,3,0,3
2025-07-22,Maceoo Cosmo,262.92,262.92,0,0,2,4,2,0,2
2025-07-22,Online Store,4786.5,5194.26,-407.76,0,17,28,8,9,17
2025-07-22,Maceoo Aria,5419.71,6360,-741.41,-198.88,8,24,2,5,8
2025-07-23,Maceoo Aria,2289.81,2535.56,-245.75,0,6,40,2,4,6
2025-07-23,Maceoo Resorts World Las Vegas,121.26,121.26,0,0,1,2,0,1,1
2025-07-23,WEB - Quiet LLC,348.88,348.88,0,0,1,1,0,0,1
2025-07-23,Maceoo PR,506.88,794.64,-158.88,-128.88,2,2,1,1,2
2025-07-23,Maceoo Atlantic,409.91,430.08,-20.17,0,4,6,3,1,4
2025-07-23,Maceoo Tampa,2061.88,2130.76,-68.88,0,6,16,0,4,5
2025-07-23,Online Store,3055.88,3320.08,-264.2,0,12,17,4,7,11
2025-07-23,Maceoo MGM,1012.08,1261.8,-249.72,0,3,5,1,0,2
2025-07-23,Maceoo Hollywood FL,3216.44,3397.96,-181.52,0,7,14,1,3,5
2025-07-23,Maceoo Biloxi,214.76,214.76,0,0,2,2,2,0,2
2025-07-23,Maceoo Cosmo,1121.13,1121.13,0,0,2,6,2,0,2
2025-07-24,Maceoo MGM,2372.95,3131.05,-758.1,0,3,10,2,0,3
2025-07-24,Maceoo PR,885.4,885.4,0,0,5,5,1,4,5
2025-07-24,Maceoo Hollywood FL,8357.48,8357.48,0,0,5,7,1,2,4
2025-07-24,Maceoo Resorts World Las Vegas,1023.81,1123.4,-99.59,0,3,5,2,0,3
2025-07-24,Maceoo Atlantic,1716.66,1905.54,0,-188.88,7,14,4,2,7
2025-07-24,Maceoo Aria,2286.6,2336.44,-49.84,0,7,16,5,2,7
2025-07-24,Maceoo Tampa,719.08,748.74,-29.66,0,4,8,2,1,4
2025-07-24,Online Store,2213.24,2735.77,-484.76,-37.77,9,13,6,3,9
2025-07-24,Maceoo Cosmo,6827.72,28958.6,-22130.88,0,9,24,8,1,9
2025-07-24,Maceoo Biloxi,1253.82,1339.28,-85.46,0,5,9,2,3,5
2025-07-25,Maceoo Aria,8926.67,9723.56,-796.89,0,16,46,5,10,15
2025-07-25,Maceoo Tampa,1759.33,2048.99,-289.66,0,4,14,1,2,3
2025-07-25,Maceoo Resorts World Las Vegas,1215.05,1215.05,0,0,3,6,3,0,3
2025-07-25,Maceoo Biloxi,537.52,537.52,0,0,2,4,1,1,2
2025-07-25,Maceoo PR,896.28,1075.16,0,-178.88,6,6,3,2,6
2025-07-25,Online Store,2769.11,5412.41,-1111.4,-1531.9,25,36,7,18,25
2025-07-25,Maceoo Hollywood FL,9945.55,10814.32,-868.77,0,16,44,5,6,12
2025-07-25,Maceoo MGM,2131,2296.26,-165.26,0,5,18,3,2,5
2025-07-25,Maceoo Atlantic,5363.17,5560.93,0,-197.76,15,44,7,6,13
2025-07-25,Maceoo Cosmo,1751.79,2359.55,0,-607.76,6,16,4,2,6
2025-07-26,Online Store,5146.56,5393.04,-246.48,0,20,33,6,12,17
2025-07-26,Maceoo Aria,4469.23,4469.23,0,0,10,34,7,3,9
2025-07-26,Maceoo PR,3022.96,3558.48,0,-535.52,12,22,8,4,10
2025-07-26,Maceoo Tampa,4064.63,4622.44,-557.81,0,13,28,8,4,12
2025-07-26,Maceoo Atlantic,5909.8,6195.32,0,-285.52,18,43,7,5,11
2025-07-26,Maceoo Hollywood FL,5877.2,6490.96,0,-613.76,21,47,8,4,12
2025-07-26,Maceoo Resorts World Las Vegas,98.88,98.88,0,0,1,1,1,0,1
2025-07-26,Maceoo Biloxi,1509.9,1518.56,-8.66,0,8,13,4,3,6
2025-07-26,Maceoo Cosmo,2901.41,3641.93,-143.88,-596.64,9,22,5,4,9
2025-07-26,Maceoo MGM,7097.85,7312.4,-214.55,0,13,35,9,1,11
2025-07-27,Maceoo Atlantic,3399.12,3806.88,-30,-377.76,14,21,8,2,10
2025-07-27,Maceoo Biloxi,555.8,820.28,-75.6,-188.88,6,8,2,3,5
2025-07-27,Maceoo Tampa,1541.58,1541.58,0,0,6,11,3,1,5
2025-07-27,Maceoo Resorts World Las Vegas,324.12,324.12,0,0,2,4,2,0,2
2025-07-27,Online Store,3778.16,4078.87,-300.71,0,22,30,14,8,21
2025-07-27,Maceoo Hollywood FL,3116.84,3149.48,-32.64,0,11,23,1,3,5
2025-07-27,Maceoo Cosmo,2312.45,2312.45,0,0,6,19,5,1,6
2025-07-27,Maceoo Aria,1742.76,1846.36,-103.6,0,7,18,2,3,6
2025-07-27,Maceoo MGM,1904.86,2156.06,-251.2,0,3,13,1,1,3
2025-07-27,Maceoo PR,1552.92,1552.92,0,0,7,11,6,1,7
2025-07-28,Maceoo MGM,841.02,980.75,-139.73,0,3,8,1,1,3
2025-07-28,Maceoo PR,687.64,687.64,0,0,3,4,2,1,3
2025-07-28,Maceoo Resorts World Las Vegas,1038.22,1114.03,-75.81,0,2,8,2,0,2
2025-07-28,Online Store,4760.54,5204.16,-194.64,-248.98,19,30,13,6,19
2025-07-28,Maceoo Biloxi,555.16,755.16,-200,0,5,9,0,4,5
2025-07-28,Maceoo Tampa,2344.32,2570.2,0,-225.88,6,18,3,1,5
2025-07-28,Maceoo Aria,8819.32,9008.2,-188.88,0,9,43,3,4,8
2025-07-28,Maceoo Cosmo,2107.25,2707.25,-600,0,5,15,4,1,5
2025-07-28,Maceoo Hollywood FL,1136.08,1212.02,-75.94,0,6,10,2,2,5
2025-07-28,Maceoo Atlantic,1105.44,1105.44,0,0,6,12,4,2,6
2025-07-29,Maceoo Atlantic,3394.13,3489.79,-95.66,0,11,27,8,1,10
2025-07-29,Maceoo Aria,11219.21,14194.58,-920.97,-2054.4,9,138,2,5,8
2025-07-29,Maceoo Cosmo,324.12,513,-188.88,0,3,5,2,1,3
2025-07-29,Maceoo Resorts World Las Vegas,2331.9,2597.67,-265.77,0,3,12,1,2,3
2025-07-29,Maceoo Hollywood FL,430.54,430.54,0,0,2,4,2,0,2
2025-07-29,Maceoo Tampa,1426.5,1494.82,-68.32,0,4,9,0,3,4
2025-07-29,Maceoo MGM,1088.31,1170.46,-82.15,0,5,8,2,1,4
2025-07-29,Maceoo PR,437.44,556.76,-119.32,0,3,3,2,1,3
2025-07-29,Maceoo Biloxi,203.87,223.64,-19.77,0,2,3,2,0,2
2025-07-29,Online Store,3599.33,4621.34,-355.59,-666.42,12,27,4,7,11
2025-07-30,Maceoo Cosmo,1450.78,1450.78,0,0,2,11,2,0,2
2025-07-30,Maceoo Hollywood FL,1417.62,2022,0,-604.38,8,29,3,4,7
2025-07-30,Maceoo Aria,6107.18,6791.91,-368.09,-316.64,10,38,3,5,9
2025-07-30,Maceoo MGM,1174.94,1206.71,-31.77,0,3,9,1,0,2
2025-07-30,Maceoo Atlantic,26602.57,26761.45,0,-158.88,12,37,8,2,11
2025-07-30,Maceoo PR,1059.4,1059.4,0,0,3,8,2,1,3
2025-07-30,Online Store,3892.98,4136.76,-243.78,0,19,25,10,9,19
2025-07-30,Maceoo Tampa,2302.79,2393.9,-91.11,0,9,16,1,5,7
2025-07-31,Maceoo Cosmo,867.72,887.72,-20,0,4,8,2,2,4
2025-07-31,Maceoo PR,199.88,199.88,0,0,1,1,1,0,1
2025-07-31,Maceoo Atlantic,3673.68,3802.56,-128.88,0,13,29,7,4,12
2025-07-31,Online Store,2552.24,5379.16,-2826.92,0,27,37,5,21,26
2025-07-31,Maceoo Resorts World Las Vegas,2227.48,2227.48,0,0,3,11,2,1,3
2025-07-31,Maceoo Aria,87936.39,90668.99,-2732.6,0,20,55,1,16,17
2025-07-31,Maceoo MGM,5968.15,7017.1,-1048.95,0,7,54,4,1,6
2025-07-31,Maceoo Tampa,902.22,1418.86,0,-516.64,5,10,2,3,5
2025-07-31,Maceoo Hollywood FL,1810.12,1810.12,0,0,8,19,3,4,7
2025-08-01,Maceoo Resorts World Las Vegas,192.66,192.66,0,0,1,2,1,0,1
2025-08-01,Maceoo Cosmo,1380.6,1393.74,-13.14,0,4,9,2,1,3
2025-08-01,Maceoo Hollywood FL,1915.61,2107.18,-72.57,-119,15,24,9,3,13
2025-08-01,Online Store,2006.86,3757.58,-649.7,-1101.02,15,10,4,11,15
2025-08-01,Maceoo Biloxi,2750.54,2986.38,-235.84,0,14,26,7,4,11
2025-08-01,Maceoo Atlantic,4346.33,4346.33,0,0,16,31,3,6,10
2025-08-01,Maceoo MGM,4400.23,5790.53,-1207.84,-182.46,7,21,2,4,7
2025-08-01,Maceoo Aria,7000.35,7016.35,-16,0,14,74,6,6,12
2025-08-01,Maceoo PR,674.4,674.4,0,0,3,5,0,3,3
2025-08-01,Maceoo Tampa,4101.9,4188.22,-86.32,0,12,25,4,4,8
2025-08-02,Maceoo Cosmo,2077.98,2586.22,-508.24,0,11,23,7,4,10
2025-08-02,Maceoo Biloxi,10222.41,11621.24,-826.86,-571.97,35,77,16,15,30
2025-08-02,Maceoo PR,844.4,844.4,0,0,2,5,1,1,2
2025-08-02,Maceoo Hollywood FL,12756.14,12970.01,-213.87,0,15,63,3,9,12
2025-08-02,Online Store,2506.65,2610.96,-104.31,0,9,17,2,7,9
2025-08-02,Maceoo Aria,4204.76,4793.76,-132.41,-456.59,13,26,5,5,10
2025-08-02,Maceoo Resorts World Las Vegas,5668.69,5726.45,-57.76,0,6,26,4,2,5
2025-08-02,Maceoo Tampa,7812.35,9150.62,-1338.27,0,11,38,4,5,10
2025-08-02,Maceoo MGM,5702.07,7064.26,-780.79,-581.4,14,27,7,3,10
2025-08-02,Maceoo Atlantic,6903.84,7137.22,-71.32,-162.06,23,50,7,7,15
2025-08-03,Maceoo Tampa,3563.07,3982.59,-219.64,-199.88,13,31,5,5,10
2025-08-03,Online Store,3888.71,3989.47,-100.76,0,13,25,7,6,12
2025-08-03,Maceoo PR,720.72,736.52,-15.8,0,5,5,4,1,4
2025-08-03,Maceoo Aria,4426.28,4707.39,-83.35,-197.76,12,25,2,4,7
2025-08-03,Maceoo Atlantic,3054.36,3351.55,-39.43,-257.76,14,28,8,4,12
2025-08-03,Maceoo Hollywood FL,1885.17,2239.71,-354.54,0,4,11,0,3,4
2025-08-03,Maceoo Resorts World Las Vegas,162.06,162.06,0,0,1,2,1,0,1
2025-08-03,Maceoo Cosmo,13366.92,14002.24,-250,-385.32,11,29,5,4,8
2025-08-03,Maceoo Biloxi,3455.58,4119.4,-342.83,-320.99,15,32,8,7,15
2025-08-03,Maceoo MGM,1141.76,1182.33,-40.57,0,3,7,0,1,2
2025-08-04,Maceoo Biloxi,1976.09,2168.48,-192.39,0,8,23,4,4,8
2025-08-04,Maceoo Hollywood FL,551.58,576.58,-25,0,2,6,0,2,2
2025-08-04,Maceoo MGM,1145.36,1661.44,-516.08,0,4,9,2,1,4
2025-08-04,Maceoo PR,1280.28,1280.28,0,0,4,8,3,1,4
2025-08-04,Maceoo Atlantic,2111.56,2111.56,0,0,9,17,5,3,9
2025-08-04,Maceoo Tampa,4275.88,4275.88,0,0,8,24,2,3,6
2025-08-04,Maceoo Aria,1896.88,2240.65,-44.77,-299,6,14,3,3,6
2025-08-04,Maceoo Cosmo,4246.6,4306.26,-59.66,0,8,21,7,0,8
2025-08-04,Online Store,2620.2,3516.48,-896.28,0,12,24,6,6,11
2025-08-04,Maceoo Resorts World Las Vegas,88.37,88.37,0,0,1,4,0,1,1
2025-08-05,Maceoo Tampa,717.87,780.36,-62.49,0,4,8,1,3,4
2025-08-05,Maceoo PR,1030.4,1030.4,0,0,4,7,3,1,4
2025-08-05,Maceoo MGM,2725.03,2883.91,-158.88,0,4,9,2,1,4
2025-08-05,Maceoo Hollywood FL,911.15,911.15,0,0,2,8,1,0,2
2025-08-05,Maceoo Atlantic,2001.18,2112.12,-110.94,0,11,21,4,1,6
2025-08-05,Maceoo Resorts World Las Vegas,2956.82,3051.82,-95,0,4,19,3,1,4
2025-08-05,Maceoo Aria,3168.68,3168.68,0,0,7,11,2,2,5
2025-08-05,Maceoo Cosmo,1650.39,1650.39,0,0,5,11,4,1,5
2025-08-05,Maceoo Biloxi,609.69,811.4,-201.71,0,3,5,0,2,2
2025-08-05,Online Store,1668.13,1848.72,-95.59,-85,9,19,4,4,8
2025-08-06,WEB - Quiet LLC,62,68.88,-6.88,0,1,1,0,1,1
2025-08-06,Maceoo Biloxi,1601.11,2069.4,-343.3,-124.99,3,5,2,1,3
2025-08-06,Maceoo Resorts World Las Vegas,129,129,0,0,1,1,0,0,1
2025-08-06,Maceoo Tampa,2415.68,2613.44,-98.88,-98.88,7,18,1,3,5
2025-08-06,Maceoo Hollywood FL,1575.3,1891.16,-126.98,-188.88,7,7,0,0,1
2025-08-06,Online Store,3374.73,3486.27,-111.54,0,13,19,9,3,11
2025-08-06,Maceoo MGM,1013.28,1243.02,-128.88,-100.86,7,14,2,2,4
2025-08-06,Maceoo Aria,1604.91,1604.91,0,0,9,15,3,4,8
2025-08-06,Maceoo Atlantic,1239.58,1239.58,0,0,5,11,3,2,5
2025-08-06,Maceoo PR,2623.08,2623.08,0,0,3,16,2,1,3
2025-08-06,Maceoo Cosmo,1340.86,1340.86,0,0,5,11,1,4,5
2025-08-07,Maceoo Hollywood FL,4877.99,5940.04,-53.77,-1008.28,14,39,5,8,12
2025-08-07,Maceoo Resorts World Las Vegas,446.4,446.4,0,0,2,5,1,0,2
2025-08-07,Maceoo Biloxi,68.88,68.88,0,0,1,1,0,1,1
2025-08-07,Maceoo Aria,6385.24,6503.07,-117.83,0,17,58,8,8,16
2025-08-07,Maceoo MGM,1595.81,1653.18,-57.37,0,6,13,3,1,5
2025-08-07,Maceoo Cosmo,680.33,1178.2,-173.75,-324.12,4,6,1,2,3
2025-08-07,Online Store,4629.53,4954.94,-325.41,0,18,31,7,10,17
2025-08-07,Maceoo PR,575.52,575.52,0,0,1,4,0,1,1
2025-08-07,Maceoo Atlantic,1683.42,1683.42,0,0,10,17,7,0,8
2025-08-07,Maceoo Tampa,485.03,485.03,0,0,1,5,0,1,1
2025-08-08,Online Store,3351.78,4572.3,-1220.52,0,14,20,4,10,14
2025-08-08,Maceoo MGM,4938.02,5601.49,-663.47,0,7,52,3,1,5
2025-08-08,Maceoo Hollywood FL,8596.52,9269.39,0,-672.87,15,55,4,9,13
2025-08-08,Maceoo Aria,11269.94,11427.82,-157.88,0,20,41,13,7,18
2025-08-08,Maceoo Resorts World Las Vegas,1813.25,1813.25,0,0,7,18,3,1,5
2025-08-08,Maceoo Cosmo,3230.83,3280.83,-50,0,12,27,4,5,10
2025-08-08,Maceoo PR,1315.32,1315.32,0,0,2,14,1,1,2
2025-08-08,Maceoo Tampa,2203.51,2629.68,-377.95,-48.22,8,10,2,4,7
2025-08-08,Maceoo Atlantic,3225.26,3225.26,0,0,12,29,4,7,11
2025-08-08,Maceoo Biloxi,942.85,1021.28,-78.43,0,4,7,2,2,4
2025-08-09,Maceoo MGM,6507.33,8044.97,-1537.64,0,17,39,8,3,9
2025-08-09,WEB - Quiet LLC,0,484.4,-484.4,0,1,5,0,1,1
2025-08-09,Maceoo Tampa,5916.56,6099.38,-13.77,-169.05,15,30,8,4,12
2025-08-09,Maceoo Hollywood FL,2528.38,2998.23,-469.85,0,9,23,3,3,7
2025-08-09,Maceoo Aria,8225.02,8225.02,0,0,8,60,3,4,7
2025-08-09,Maceoo Cosmo,1787.8,2045.74,-257.94,0,8,16,7,1,8
2025-08-09,Maceoo Biloxi,3812.12,4231.24,-419.12,0,17,28,8,9,17
2025-08-09,Maceoo PR,1906.68,1906.68,0,0,4,12,1,3,4
2025-08-09,Maceoo Resorts World Las Vegas,834.53,834.53,0,0,5,13,2,1,4
2025-08-09,Maceoo Atlantic,4819.8,5525.66,0,-705.86,16,47,5,10,16
2025-08-09,Online Store,2740.96,3118.72,-377.76,0,13,19,8,5,13
2025-08-10,Maceoo Atlantic,14420.24,14678,0,-257.76,17,33,8,5,13
2025-08-10,Maceoo Biloxi,673.4,673.4,0,0,5,6,3,2,5
2025-08-10,Maceoo PR,1090.16,1090.16,0,0,5,8,5,0,5
2025-08-10,Maceoo Tampa,4871.02,5206.93,-177.91,-158,13,33,6,4,11
2025-08-10,Maceoo Hollywood FL,2614.01,2693.26,-77.37,-1.88,9,19,3,5,9
2025-08-10,Maceoo Cosmo,1312.92,1312.92,0,0,8,16,7,0,8
2025-08-10,Online Store,3720.96,4273.84,-552.88,0,15,21,10,5,14
2025-08-10,Maceoo MGM,1761.22,1963.22,-202,0,5,10,5,0,5
2025-08-10,Maceoo Resorts World Las Vegas,314,348.88,-34.88,0,1,1,1,0,1
2025-08-10,Maceoo Aria,1363.78,1563.78,-200,0,5,9,1,4,5
2025-08-11,Maceoo Aria,4410.18,4861.06,-450.88,0,11,27,5,4,10
2025-08-11,Maceoo Tampa,940.74,1026.86,-86.12,0,6,10,1,3,5
2025-08-11,Maceoo PR,2478.56,4269.6,0,-1791.04,6,12,3,2,5
2025-08-11,Maceoo Atlantic,4583.84,4692.72,-10,-98.88,13,37,3,5,9
2025-08-11,Maceoo Biloxi,691.64,691.64,0,0,4,4,1,3,4
2025-08-11,Online Store,-1187.25,2545.91,-277.98,-3455.18,12,3,6,6,11
2025-08-11,Maceoo Resorts World Las Vegas,145.92,211.92,-66,0,1,3,0,1,1
2025-08-11,WEB - Quiet LLC,0,198.88,-198.88,0,1,1,0,1,1
2025-08-11,Maceoo MGM,1810.88,2838.68,-1027.8,0,3,8,1,1,3
2025-08-11,Maceoo Cosmo,3846.19,4170.07,-125,-198.88,5,15,5,0,5
2025-08-11,Maceoo Hollywood FL,1079.24,1126.88,-47.64,0,6,12,4,0,5
2025-08-12,Maceoo MGM,1485.29,1701.16,-215.87,0,3,36,1,1,3
2025-08-12,Maceoo Resorts World Las Vegas,1046.62,1107.59,-60.97,0,4,12,3,0,4
2025-08-12,WEB - Quiet LLC,250.1,277.88,-27.78,0,2,2,0,2,2
2025-08-12,Maceoo Biloxi,161.11,198.88,-37.77,0,2,2,0,2,2
2025-08-12,Online Store,2157.92,3029.56,-871.64,0,12,18,9,3,12
2025-08-12,Maceoo Tampa,1075.62,1075.62,0,0,4,11,1,3,4
2025-08-12,Maceoo Atlantic,570.69,631.2,-60.51,0,4,9,3,1,3
2025-08-12,Maceoo Aria,1711.02,2165.62,-454.6,0,6,125,2,1,4
2025-08-12,Maceoo Cosmo,418.2,418.2,0,0,1,2,1,0,1
2025-08-12,Maceoo Hollywood FL,1958.95,1978.83,-19.88,0,7,20,2,4,7
2025-08-12,Maceoo PR,587.64,587.64,0,0,2,3,1,1,2
2025-08-13,Maceoo Cosmo,3041.89,3041.89,0,0,9,18,6,0,7
2025-08-13,Maceoo Resorts World Las Vegas,4102.76,4375.18,-272.42,0,4,22,1,2,4
2025-08-13,Maceoo MGM,1095.56,1200.56,-105,0,2,5,1,0,2
2025-08-13,Online Store,2631.21,2807.53,-176.32,0,10,17,5,4,9
2025-08-13,Maceoo Tampa,926.76,1744.52,-817.76,0,7,11,4,3,7
2025-08-13,Maceoo Atlantic,2454.82,2553.7,0,-98.88,9,16,7,1,9
2025-08-13,Maceoo PR,644.4,644.4,0,0,2,5,0,2,2
2025-08-13,Maceoo Biloxi,116,128.88,-12.88,0,1,1,0,1,1
2025-08-13,Maceoo Hollywood FL,1900.42,1900.42,0,0,6,41,4,2,6
2025-08-13,Maceoo Aria,1023.71,1271.28,-247.57,0,3,7,2,1,3
2025-08-14,Maceoo Cosmo,2581.21,2631.21,-50,0,5,12,4,1,5
2025-08-14,Maceoo MGM,1181.58,1246.4,-64.82,0,7,13,5,2,7
2025-08-14,Maceoo Resorts World Las Vegas,4880.86,5161.65,-280.79,0,3,19,1,1,3
2025-08-14,Online Store,3584.84,4136.48,-551.64,0,19,21,9,10,19
2025-08-14,Maceoo Atlantic,12908.27,12960.9,-52.63,0,15,27,8,4,12
2025-08-14,Maceoo PR,599.64,599.64,0,0,3,3,3,0,3
2025-08-14,Maceoo Biloxi,436.42,525.64,-89.22,0,3,4,3,0,3
2025-08-14,Maceoo Aria,4763.12,9659.64,-4896.52,0,15,32,13,2,15
2025-08-14,Maceoo Hollywood FL,6466.71,6675.03,-79.44,-128.88,13,60,5,7,13
2025-08-14,Maceoo Tampa,1186.2,1443.74,-57.66,-199.88,5,9,4,0,5
2025-08-15,Maceoo Aria,10043.98,14800.32,-1824.35,-2931.99,14,52,8,6,12
2025-08-15,Maceoo Cosmo,2642.76,2881.14,-238.38,0,9,23,4,3,8
2025-08-15,Online Store,3436.09,6217.62,-874.97,-1906.56,23,15,10,11,21
2025-08-15,Maceoo Hollywood FL,2468.38,2468.38,0,0,6,12,1,5,6
2025-08-15,Maceoo Resorts World Las Vegas,1081.89,1148.1,-66.21,0,5,10,3,1,5
2025-08-15,Maceoo Atlantic,4262.6,4262.6,0,0,10,29,5,2,8
2025-08-15,Maceoo Biloxi,1362.61,1654.44,-229.83,-62,8,13,1,6,7
2025-08-15,Maceoo MGM,2650.05,2789.27,-139.22,0,8,16,6,1,8
2025-08-15,Maceoo Tampa,2989.08,3555.99,-79.03,-487.88,11,20,3,3,7
2025-08-15,Maceoo PR,766.4,766.4,0,0,4,5,3,1,4
2025-08-16,Online Store,5800.42,6165.95,-365.53,0,26,41,15,11,26
2025-08-16,Maceoo Aria,4569.44,4781.67,-212.23,0,15,36,9,5,15
2025-08-16,Maceoo MGM,6097.71,6759.87,-662.16,0,14,37,11,1,12
2025-08-16,Maceoo Biloxi,1932.48,2000.56,-68.08,0,10,15,4,3,7
2025-08-16,Maceoo Tampa,3464.72,3753.6,-156.66,-132.22,12,18,6,4,11
2025-08-16,Maceoo PR,2339.2,2497.2,0,-158,10,14,6,4,10
2025-08-16,Maceoo Atlantic,6847.99,7146.87,0,-298.88,16,46,6,6,13
2025-08-16,Maceoo Cosmo,6786.16,6978.82,0,-192.66,10,29,8,2,9
2025-08-16,Maceoo Hollywood FL,5279.33,5894.8,-305.65,-309.82,15,38,10,3,13
2025-08-16,Maceoo Resorts World Las Vegas,3601.57,4085.45,-325,-158.88,4,15,3,0,4
2025-08-17,Online Store,10085.53,10320.74,-235.21,0,25,52,20,5,23
2025-08-17,Maceoo Aria,3562.66,3562.66,0,0,6,12,4,2,6
2025-08-17,Maceoo Atlantic,4533.19,5254.83,-97.84,-623.8,17,41,6,7,14
2025-08-17,Maceoo Hollywood FL,2374.63,2471.13,-96.5,0,5,18,4,0,5
2025-08-17,Maceoo Biloxi,869.84,1043.28,-54.56,-118.88,6,77,3,3,6
2025-08-17,Maceoo Cosmo,162.06,350.94,-188.88,0,2,3,2,0,2
2025-08-17,WEB - Quiet LLC,178,197.76,-19.76,0,1,2,0,1,1
2025-08-17,Maceoo MGM,749.03,794.59,-45.56,0,5,11,5,0,5
2025-08-17,Maceoo Tampa,1564.65,1913.75,-151.1,-198,8,13,6,2,8
2025-08-17,Maceoo Resorts World Las Vegas,582.84,582.84,0,0,5,10,5,0,5
2025-08-18,Maceoo Resorts World Las Vegas,446.52,446.52,0,0,3,6,3,0,3
2025-08-18,Maceoo Atlantic,1929.08,1929.08,0,0,8,25,7,1,8
2025-08-18,Maceoo Biloxi,459.31,653.28,-33.09,-160.88,4,4,3,1,3
2025-08-18,Maceoo Hollywood FL,1153.26,1730.76,0,-577.5,5,8,1,2,4
2025-08-18,Maceoo PR,516.76,516.76,0,0,3,3,3,0,3
2025-08-18,Online Store,4205.62,4280.62,-75,0,14,20,12,2,14
2025-08-18,Maceoo Aria,12868.54,12935.82,-67.28,0,6,25,4,2,5
2025-08-18,Maceoo Tampa,914.32,1072.32,0,-158,5,10,2,0,3
2025-08-18,Maceoo MGM,3869.71,4402.73,-533.02,0,8,28,4,3,8
2025-08-18,Maceoo Cosmo,291.54,291.54,0,0,2,3,2,0,2
2025-08-19,Maceoo Atlantic,9502.4,9502.4,0,0,4,11,2,2,4
2025-08-19,Maceoo PR,2655.68,3668.08,-1012.4,0,5,23,3,2,5
2025-08-19,Maceoo Aria,2032.86,2203.92,-171.06,0,4,12,2,2,4
2025-08-19,Online Store,6838.6,7061.96,-223.36,0,18,41,9,8,16
2025-08-19,Maceoo Cosmo,553.26,553.26,0,0,4,7,4,0,4
2025-08-19,Maceoo Resorts World Las Vegas,898.12,898.12,0,0,3,7,1,1,3
2025-08-19,Maceoo Tampa,1784.83,2712.69,-498.88,-428.98,8,17,2,3,6
2025-08-19,Maceoo MGM,3734.23,4848.73,-1114.5,0,4,7,2,0,3
2025-08-19,Maceoo Biloxi,116.62,317.76,-40.77,-160.37,1,1,0,1,1
2025-08-19,Maceoo Hollywood FL,1298.8,1423.83,-125.03,0,5,14,3,2,5
2025-08-20,Maceoo Atlantic,1981.44,2017.1,-35.66,0,6,15,3,2,5
2025-08-20,Maceoo Cosmo,162.06,162.06,0,0,1,2,1,0,1
2025-08-20,Maceoo MGM,1088.22,1088.22,0,0,3,6,1,0,2
2025-08-20,Maceoo Resorts World Las Vegas,192.66,192.66,0,0,1,2,1,0,1
2025-08-20,Maceoo Biloxi,101.78,228.88,-15.88,-111.22,2,2,1,1,2
2025-08-20,Maceoo PR,317.76,317.76,0,0,1,2,0,1,1
2025-08-20,Maceoo Tampa,1984.46,2439.43,-454.97,0,5,11,2,2,5
2025-08-20,Online Store,4661.76,4801.36,-139.6,0,14,24,5,8,13
2025-08-20,Maceoo Aria,7955.65,9752.08,-1796.43,0,11,22,5,4,10
2025-08-20,Maceoo Hollywood FL,1124.22,1171.44,-47.22,0,6,12,2,0,3
2025-08-21,Maceoo Biloxi,1036.76,1066.4,-29.64,0,6,10,0,5,5
2025-08-21,Maceoo Cosmo,1259.34,1259.34,0,0,3,8,2,1,3
2025-08-21,Maceoo Atlantic,2974.24,3036.14,-61.9,0,5,21,1,3,5
2025-08-21,Maceoo MGM,1254.7,1267.64,-12.94,0,7,15,3,1,5
2025-08-21,Maceoo Tampa,4234.73,4532.71,-139.1,-158.88,10,15,3,5,9
2025-08-21,Online Store,2184.56,2462.32,-277.76,0,8,15,2,6,8
2025-08-21,Maceoo Resorts World Las Vegas,808.16,958.16,-150,0,2,7,1,0,2
2025-08-21,Maceoo Aria,3431,4008,-379.24,-197.76,9,37,5,4,9
2025-08-21,Maceoo PR,587.52,587.52,0,0,4,4,3,1,3
2025-08-21,Maceoo Hollywood FL,4025.37,4090.2,-64.83,0,12,27,5,5,11
2025-08-22,Maceoo Atlantic,-714.77,2117.64,-32.41,-2800,11,18,7,3,9
2025-08-22,Maceoo Biloxi,815.41,1293.28,-278.99,-198.88,4,6,3,1,4
2025-08-22,Maceoo MGM,3383.45,3808.7,-425.25,0,11,24,7,1,9
2025-08-22,Maceoo Cosmo,5674.46,5734.46,-60,0,12,32,6,5,11
2025-08-22,Maceoo Aria,10072.66,11357.54,-1284.88,0,17,50,10,5,16
2025-08-22,Maceoo Hollywood FL,4429.4,4823.99,-394.59,0,13,32,6,5,12
2025-08-22,Maceoo Tampa,3551.7,3988.22,-436.52,0,16,37,7,3,11
2025-08-22,Online Store,-6797.56,1607.51,-680.57,-7724.5,13,-17,5,8,13
2025-08-22,Maceoo Resorts World Las Vegas,1942.07,2006.8,-64.73,0,8,27,5,1,7
2025-08-22,Maceoo PR,423.52,522.4,0,-98.88,4,5,2,2,4
2025-08-23,Maceoo PR,4122.56,4439.44,0,-316.88,8,16,4,2,6
2025-08-23,Maceoo MGM,3543.78,3867.94,-120.28,-203.88,11,28,4,3,7
2025-08-23,Maceoo Atlantic,3034.67,3131.44,-96.77,0,15,32,7,8,15
2025-08-23,Maceoo Tampa,1691.62,2425.5,-98.36,-635.52,9,16,2,4,7
2025-08-23,Online Store,6509.1,7189.18,-491.2,-188.88,18,40,7,8,15
2025-08-23,Maceoo Cosmo,10234.73,10602.49,0,-367.76,20,66,13,6,19
2025-08-23,Maceoo Biloxi,2190.23,2488.44,-209.05,-89.16,11,18,7,3,10
2025-08-23,Maceoo Resorts World Las Vegas,1731.16,1731.16,0,0,6,22,6,0,6
2025-08-23,Maceoo Aria,9363.34,11858.05,-2494.71,0,22,70,16,6,22
2025-08-23,Maceoo Hollywood FL,7449.85,8112.48,-662.63,0,13,54,5,4,10
2025-08-24,Maceoo Hollywood FL,644.16,644.16,0,0,4,7,2,1,4
2025-08-24,Maceoo MGM,1065.3,1065.3,0,0,4,11,2,1,4
2025-08-24,Maceoo Cosmo,5203.79,5231.79,-28,0,10,34,7,3,10
2025-08-24,Maceoo PR,2752.08,2870.96,0,-118.88,6,17,1,5,6
2025-08-24,Maceoo Atlantic,5951.98,6070.98,0,-119,14,60,8,3,12
2025-08-24,Maceoo Biloxi,445.76,445.76,0,0,3,4,2,1,3
2025-08-24,Online Store,5167.76,5311.64,-143.88,0,14,33,7,7,14
2025-08-24,Maceoo Aria,1005.62,1005.62,0,0,4,8,2,1,4
2025-08-24,Maceoo Tampa,1362.22,1409.88,-47.66,0,7,11,1,2,4
2025-08-24,Maceoo Resorts World Las Vegas,565.16,575.49,-10.33,0,3,8,2,1,3
2025-08-25,Maceoo Aria,7259.03,7486.84,-227.81,0,15,39,8,6,15
2025-08-25,Maceoo Atlantic,1215.02,1244.68,-29.66,0,8,11,4,3,8
2025-08-25,Maceoo PR,1224.49,1490.92,-77.55,-188.88,3,8,1,2,3
2025-08-25,Maceoo MGM,3439.59,4101.21,-661.62,0,4,17,0,2,3
2025-08-25,Maceoo Biloxi,238.88,257.76,-18.88,0,2,2,0,2,2
2025-08-25,Maceoo Resorts World Las Vegas,270.19,278.23,-8.04,0,2,4,1,1,2
2025-08-25,Maceoo Cosmo,1099.94,1099.94,0,0,5,9,4,1,5
2025-08-25,Maceoo Hollywood FL,881.81,937.46,-55.65,0,5,10,2,2,5
2025-08-25,Maceoo Tampa,263.74,320.4,-56.66,0,2,3,2,0,2
2025-08-25,Online Store,2203.66,2228.66,-25,0,12,14,12,0,12
2025-08-26,Maceoo Biloxi,1337.16,1337.16,0,0,6,9,1,3,4
2025-08-26,Maceoo Aria,6591.22,9401.52,-2413.42,-396.88,16,54,7,7,15
2025-08-26,Maceoo Atlantic,3464.96,4078.6,0,-613.64,10,26,2,7,9
2025-08-26,Maceoo Cosmo,1102.34,1102.34,0,0,2,8,0,2,2
2025-08-26,Maceoo MGM,4669.29,7166.68,-2497.39,0,5,12,4,0,5
2025-08-26,Online Store,4145.63,4767.15,-522.64,-98.88,17,29,8,8,16
2025-08-26,Maceoo Hollywood FL,1943.62,2001.13,-57.51,0,7,20,5,0,6
2025-08-26,WEB - Quiet LLC,142.2,158,-15.8,0,1,1,0,1,1
2025-08-26,Maceoo Tampa,441.5,868.2,-204.26,-222.44,3,6,1,0,2
2025-08-27,Maceoo Hollywood FL,1980.43,1980.43,0,0,4,17,3,1,3
2025-08-27,Maceoo Biloxi,2068.31,2233.68,-165.37,0,3,13,2,1,3
2025-08-27,Maceoo Aria,1508.75,1726.51,-40,-177.76,7,15,3,3,6
2025-08-27,Maceoo Atlantic,559.46,559.46,0,0,4,7,3,0,4
2025-08-27,Maceoo PR,1673.27,2129.68,-257.53,-198.88,5,10,4,1,5
2025-08-27,Maceoo MGM,793.52,793.52,0,0,3,8,2,0,3
2025-08-27,Maceoo Resorts World Las Vegas,257.76,257.76,0,0,2,2,1,1,2
2025-08-27,Online Store,387.32,3390.86,-1797.16,-1206.38,10,10,4,6,10
2025-08-27,Maceoo Cosmo,525.18,525.18,0,0,2,5,2,0,2
2025-08-27,Maceoo Tampa,1735.62,2073.36,-148.86,-188.88,7,16,2,4,7
2025-08-28,Maceoo Hollywood FL,1356.74,1660.62,-303.88,0,5,9,3,2,5
2025-08-28,Maceoo Tampa,3435.12,3449.95,-14.83,0,6,23,1,4,5
2025-08-28,Maceoo MGM,861.31,1044.12,-182.81,0,5,10,3,1,5
2025-08-28,Online Store,2549.55,3037.31,-487.76,0,10,18,3,7,10
2025-08-28,Maceoo Cosmo,697.44,697.44,0,0,4,8,3,1,4
2025-08-28,Maceoo Aria,5221.54,7202.88,-500,-1481.34,9,25,8,1,9
2025-08-28,Maceoo Atlantic,2474.6,2637.44,-3.96,-158.88,9,22,4,4,9
2025-08-28,Maceoo PR,546.76,546.76,0,0,3,3,3,0,3
2025-08-28,Maceoo Biloxi,1285.52,1358.04,-72.52,0,8,10,3,5,8
2025-08-29,Maceoo Hollywood FL,7688.27,8827.32,-586.33,-552.72,20,46,9,9,18
2025-08-29,Online Store,2143.49,3278.89,-1135.4,0,13,20,9,4,13
2025-08-29,Maceoo Atlantic,3349.96,3418.84,0,-68.88,10,26,3,7,10
2025-08-29,Maceoo Tampa,2954.85,2984.73,-29.88,0,12,21,4,2,7
2025-08-29,WEB - Quiet LLC,108,108,0,0,1,1,0,1,1
2025-08-29,Maceoo Aria,7381.26,8242.59,-861.33,0,13,70,5,6,11
2025-08-29,Maceoo MGM,3816.17,4507.16,-690.99,0,13,31,6,0,7
2025-08-29,Maceoo Biloxi,446.64,446.64,0,0,2,3,0,2,2
2025-08-29,Maceoo Resorts World Las Vegas,430.76,446.64,-15.88,0,3,3,2,0,3
2025-08-29,Maceoo PR,388.76,388.76,0,0,2,2,2,0,2
2025-08-29,Maceoo Cosmo,1265.86,1352.14,-86.28,0,5,30,3,2,5
2025-08-30,Online Store,4513.5,4663.5,-150,0,18,21,12,6,18
2025-08-30,Maceoo MGM,4553.37,5186.05,-632.68,0,7,22,2,2,5
2025-08-30,Maceoo Cosmo,3727.24,3754.62,-27.38,0,11,29,7,3,10
2025-08-30,Maceoo Biloxi,702.87,722.64,-19.77,0,5,6,3,2,5
2025-08-30,Maceoo Hollywood FL,11707.96,13252.65,-516.41,-1028.28,30,79,16,10,27
2025-08-30,Maceoo PR,1003.28,1003.28,0,0,2,6,2,0,2
2025-08-30,Maceoo Atlantic,5483.94,5483.94,0,0,16,39,3,11,15
2025-08-30,Maceoo Tampa,1479.98,1751.96,-93.1,-178.88,6,13,0,3,4
2025-08-30,Maceoo Aria,3628.58,12514.62,-8687.16,-198.88,27,109,8,18,27
2025-08-30,Maceoo Resorts World Las Vegas,1202.02,1212.1,-10.08,0,7,13,4,2,7
2025-08-31,Maceoo Resorts World Las Vegas,997.03,1080.12,-83.09,0,4,12,3,1,3
2025-08-31,Maceoo Hollywood FL,8093.36,10123.35,-427.6,-1602.39,24,57,12,6,18
2025-08-31,Maceoo Biloxi,955.78,1041.04,-85.26,0,4,8,0,4,4
2025-08-31,Online Store,7002.66,9231.53,-2228.87,0,27,53,10,16,26
2025-08-31,Maceoo PR,-158.88,158.88,0,-317.76,1,0,0,1,1
2025-08-31,Maceoo Cosmo,3887.57,3986.45,0,-98.88,10,26,9,1,9
2025-08-31,Maceoo Aria,3230.91,3442.33,-211.42,0,10,23,4,4,9
2025-08-31,Maceoo Atlantic,3805.1,3903.98,0,-98.88,10,19,4,4,9
2025-08-31,Maceoo MGM,5255.37,5379.42,-124.05,0,13,40,5,2,7
2025-08-31,Maceoo Tampa,4532.47,4691.22,-158.75,0,12,49,3,6,10
2025-09-01,Maceoo Tampa,1098.32,1098.32,0,0,4,7,1,0,2
2025-09-01,Online Store,4829.87,5751.31,-353.42,-568.02,13,20,8,5,13
2025-09-01,Maceoo Biloxi,213.32,352.87,-139.55,0,4,4,2,1,3
2025-09-01,Maceoo Hollywood FL,5655.27,6112.81,-457.54,0,11,36,5,2,8
2025-09-01,Maceoo Resorts World Las Vegas,5236.57,5850.99,-296.66,-317.76,3,17,3,0,3
2025-09-01,Maceoo PR,2347.62,2486.68,-139.06,0,4,12,2,2,4
2025-09-01,Maceoo Cosmo,1566.57,1670.57,-104,0,6,16,4,2,6
2025-09-01,Maceoo MGM,3104.12,3859.97,-755.85,0,9,21,2,2,5
2025-09-01,Maceoo Atlantic,5941.86,6077.72,-6.98,-128.88,11,24,1,6,8
2025-09-01,Maceoo Aria,8625.01,9704.64,-1079.63,0,7,23,5,2,7
2025-09-02,Maceoo Cosmo,1192.43,1192.43,0,0,4,11,3,1,4
2025-09-02,Maceoo PR,3022.32,3022.32,0,0,3,20,2,1,3
2025-09-02,Maceoo Atlantic,2847.13,2989.47,-142.34,0,7,14,5,2,7
2025-09-02,Maceoo MGM,51,69.88,-18.88,0,1,2,0,0,1
2025-09-02,Maceoo Aria,4401.87,6875.15,-486.64,-1986.64,7,19,1,6,7
2025-09-02,Maceoo Tampa,0,198.88,-198.88,0,1,1,0,1,1
2025-09-02,Maceoo Hollywood FL,3010.5,3040.38,-29.88,0,4,7,4,0,4
2025-09-02,Online Store,5500.94,6991.77,-338.04,-1152.79,16,28,10,6,15
2025-09-02,Maceoo Biloxi,248.4,286.88,-38.48,0,2,2,0,2,2
2025-09-02,Maceoo Resorts World Las Vegas,3238.22,3623.96,-385.74,0,4,12,3,1,3
2025-09-03,Maceoo Resorts World Las Vegas,546.64,546.64,0,0,3,3,2,1,3
2025-09-03,Maceoo Tampa,384.76,483.64,-98.88,0,3,3,0,2,3
2025-09-03,Maceoo Atlantic,1025.6,1025.6,0,0,3,8,2,1,3
2025-09-03,Maceoo Aria,9599.7,9845.1,-245.4,0,9,44,4,4,9
2025-09-03,Maceoo Hollywood FL,845.95,929.93,-83.98,0,3,10,2,1,3
2025-09-03,Maceoo Biloxi,1324.84,1875.04,-247,-303.2,4,11,1,2,2
2025-09-03,Online Store,3253.48,4112,-858.52,0,14,30,5,9,14
2025-09-03,Maceoo Cosmo,223.26,223.26,0,0,2,4,2,0,2
2025-09-03,Maceoo PR,854.52,854.52,0,0,3,5,3,0,3
2025-09-03,Maceoo MGM,1633.61,1851.61,-60,-158,2,9,2,0,2
2025-09-04,Maceoo Tampa,2547,3485.32,-356.84,-581.48,9,20,2,2,5
2025-09-04,Maceoo Biloxi,814.52,903.28,-88.76,0,2,6,1,1,2
2025-09-04,Maceoo PR,477.88,654.64,-17.88,-158.88,2,3,0,2,2
2025-09-04,Maceoo Resorts World Las Vegas,1171.94,1171.94,0,0,3,7,3,0,3
2025-09-04,Maceoo MGM,4492.92,5181.63,-527.55,-161.16,8,17,4,2,7
2025-09-04,Maceoo Aria,4265.8,4633.62,-367.82,0,8,27,6,2,8
2025-09-04,Maceoo Atlantic,1933.18,3138.18,0,-1205,7,15,4,1,6
2025-09-04,Maceoo Hollywood FL,1576.24,1576.24,0,0,5,13,3,2,5
2025-09-04,Maceoo Cosmo,1723.61,1988.03,-264.42,0,6,14,4,2,6
2025-09-04,Online Store,6195.14,9810.38,-1466.72,-2148.52,20,35,10,9,19
2025-09-05,Online Store,2491.56,2660.56,-169,0,12,20,8,4,12
2025-09-05,Maceoo MGM,2990.47,3291.35,-300.88,0,8,20,6,0,7
2025-09-05,Maceoo Atlantic,1824.86,2222.62,0,-397.76,6,20,3,3,6
2025-09-05,Maceoo Cosmo,816.5,927.1,-110.6,0,6,11,2,3,5
2025-09-05,Maceoo Biloxi,1582.33,1824.87,-242.54,0,5,12,4,1,5
2025-09-05,Maceoo Hollywood FL,902.35,1092.61,0,-190.26,3,9,0,2,2
2025-09-05,Maceoo Tampa,1929.1,2122.09,-192.99,0,8,15,3,4,8
2025-09-05,Maceoo PR,247.88,257.76,-9.88,0,2,2,2,0,2
2025-09-05,Maceoo Resorts World Las Vegas,770.24,795.12,-24.88,0,4,8,1,3,4
2025-09-05,Maceoo Aria,3120.87,3259.71,-88.84,-50,8,21,6,1,8
2025-09-06,Online Store,3264.07,3502.95,-238.88,0,13,20,8,5,13
2025-09-06,Maceoo Resorts World Las Vegas,847.92,847.92,0,0,4,8,2,2,4
2025-09-06,Maceoo Hollywood FL,2651.05,2651.05,0,0,10,27,4,3,8
2025-09-06,Maceoo Aria,14394.06,15165.86,-579.14,-192.66,23,79,11,10,21
2025-09-06,Maceoo MGM,3734.61,5711.93,-577.57,-1399.75,12,27,3,2,5
2025-09-06,Maceoo Atlantic,34661.84,37230.15,-339.77,-2228.54,30,168,11,16,26
2025-09-06,Maceoo Biloxi,1108.76,1182.16,-73.4,0,7,10,4,3,7
2025-09-06,Maceoo Tampa,3452.29,3616.84,-164.55,0,13,30,1,8,10
2025-09-06,Maceoo PR,2492.98,2771.08,-89.22,-188.88,12,16,5,7,11
2025-09-06,Maceoo Cosmo,3974.15,3974.15,0,0,14,31,10,4,12
2025-09-07,Maceoo Hollywood FL,1387.44,1387.44,0,0,6,14,3,2,6
2025-09-07,Maceoo PR,1969.92,1969.92,0,0,4,9,3,1,4
2025-09-07,Maceoo Aria,7112.64,8603.62,-1490.98,0,11,41,1,7,9
2025-09-07,Maceoo Cosmo,6149,6721.05,-85,-487.05,16,45,11,4,15
2025-09-07,Online Store,5836.12,6754.16,-918.04,0,24,37,9,15,24
2025-09-07,Maceoo MGM,2862.84,2959.17,-96.33,0,6,11,3,2,5
2025-09-07,Maceoo Resorts World Las Vegas,192.66,192.66,0,0,1,2,0,1,1
2025-09-07,Maceoo Atlantic,10792.96,10792.96,0,0,13,29,6,4,11
2025-09-07,Maceoo Biloxi,994.4,994.4,0,0,4,10,2,1,3
2025-09-07,Maceoo Tampa,4028.1,4223.52,-195.42,0,12,28,2,4,6
2025-09-07,WEB - Quiet LLC,62,68.88,-6.88,0,1,1,0,1,1
2025-09-08,Maceoo Cosmo,3732.13,3890.13,-158,0,3,18,1,1,2
2025-09-08,Maceoo Resorts World Las Vegas,599.04,599.04,0,0,3,8,3,0,3
2025-09-08,Maceoo PR,1559.8,1559.8,0,0,4,10,3,1,4
2025-09-08,Maceoo Biloxi,227.76,227.76,0,0,1,2,1,0,1
2025-09-08,Maceoo Atlantic,1744.78,1744.78,0,0,3,10,2,1,2
2025-09-08,Maceoo Hollywood FL,1019.79,1051.56,-31.77,0,6,10,2,3,5
2025-09-08,Maceoo Aria,1819.51,5815.74,-96.23,-3900,6,16,2,3,6
2025-09-08,Maceoo MGM,3056.82,3423.48,-366.66,0,6,11,2,1,4
2025-09-08,Online Store,7742.22,8015.12,-272.9,0,17,28,9,5,14
2025-09-08,Maceoo Tampa,966.5,987.46,-20.96,0,5,9,1,3,5
2025-09-09,Maceoo Biloxi,62,68.88,-6.88,0,2,2,1,1,2
2025-09-09,Maceoo Atlantic,13105.42,13483.18,0,-377.76,8,27,2,5,7
2025-09-09,Maceoo Aria,1442.02,3834.86,-2392.84,0,6,15,1,5,6
2025-09-09,Online Store,9553.09,10088.63,-535.54,0,12,38,5,7,12
2025-09-09,Maceoo Hollywood FL,1379.26,1428.64,-49.38,0,9,16,5,1,7
2025-09-09,Maceoo Cosmo,4106.45,4106.45,0,0,4,16,1,1,2
2025-09-09,Maceoo Resorts World Las Vegas,948.89,948.89,0,0,3,9,3,0,3
2025-09-09,Maceoo PR,358.76,358.76,0,0,2,2,2,0,2
2025-09-09,Maceoo Tampa,2527.92,2947.6,-419.68,0,9,14,2,7,9
2025-09-09,Maceoo MGM,4093.95,4581.78,-325.77,-162.06,8,17,4,1,6
2025-09-10,Maceoo Biloxi,1502.14,1960.04,-33.68,-424.22,6,11,2,3,5
2025-09-10,Maceoo Atlantic,2700.99,2903.85,-202.86,0,14,31,5,7,13
2025-09-10,Maceoo Cosmo,430.32,430.32,0,0,3,6,3,0,3
2025-09-10,Online Store,3555.3,4810.12,-1254.82,0,13,26,8,5,13
2025-09-10,Maceoo PR,2424.32,2424.32,0,0,3,15,2,1,3
2025-09-10,Maceoo MGM,4889.4,5597.83,-708.43,0,9,85,4,0,5
2025-09-10,Maceoo Tampa,1635.91,2833.43,-68.65,-1128.87,5,8,1,3,4
2025-09-10,Maceoo Aria,1052.58,1052.58,0,0,5,9,2,2,5
2025-09-10,Maceoo Resorts World Las Vegas,1433.1,1562.17,-129.07,0,5,12,5,0,5
2025-09-10,Maceoo Hollywood FL,1260.74,1260.74,0,0,4,8,1,2,4
2025-09-11,Maceoo Atlantic,1701.46,1720.79,-19.33,0,8,32,4,2,7
2025-09-11,Maceoo Aria,3168.75,3366.75,-198,0,10,24,4,4,9
2025-09-11,Maceoo Biloxi,446.64,446.64,0,0,1,3,1,0,1
2025-09-11,Maceoo Hollywood FL,1422.68,1422.68,0,0,6,11,5,1,5
2025-09-11,Maceoo PR,385.76,385.76,0,0,3,3,1,2,3
2025-09-11,Maceoo MGM,5617.2,6879.89,-470.81,-791.88,6,17,2,0,3
2025-09-11,Maceoo Tampa,3453.17,4435.97,-717.96,-264.84,11,40,3,7,10
2025-09-11,Maceoo Cosmo,2299.42,2344.81,-45.39,0,7,16,3,3,7
2025-09-11,Online Store,1791.35,2102.32,-239.64,-71.33,8,14,3,5,8
2025-09-11,Maceoo Resorts World Las Vegas,782.49,982.49,-200,0,2,6,2,0,2
2025-09-12,Maceoo Resorts World Las Vegas,1461.42,1551.42,-90,0,3,5,2,1,3
2025-09-12,Maceoo MGM,12284.77,13563.72,-1278.95,0,30,65,7,4,12
2025-09-12,Maceoo Aria,4487.6,4973.57,-485.97,0,13,26,7,5,12
2025-09-12,Maceoo PR,2950.32,2950.32,0,0,6,16,4,2,6
2025-09-12,Maceoo Cosmo,3599.25,3963.07,-363.82,0,12,34,6,4,11
2025-09-12,Online Store,-1098.34,2669.44,-622.76,-3145.02,8,3,3,5,8
2025-09-12,Maceoo Tampa,1499.6,1661.78,0,-162.18,7,8,0,1,2
2025-09-12,Maceoo Hollywood FL,4629.93,5127.59,-497.66,0,5,18,3,2,5
2025-09-12,Maceoo Biloxi,760.63,760.63,0,0,5,6,3,2,5
2025-09-12,Maceoo Atlantic,2508.36,2508.36,0,0,5,14,4,1,5
2025-09-13,Maceoo Tampa,11190.73,11961.12,-770.39,0,17,58,3,7,11
2025-09-13,Maceoo Hollywood FL,11702.35,14583.84,-308.97,-2572.52,15,62,6,8,14
2025-09-13,Online Store,5534.79,5979.43,-442.64,-2,15,20,8,6,14
2025-09-13,Maceoo MGM,9847.19,10395.63,-548.44,0,29,66,11,2,14
2025-09-13,Maceoo Resorts World Las Vegas,3239.97,3467.73,-227.76,0,11,25,7,2,9
2025-09-13,Maceoo Atlantic,9135.7,9851.4,-153.2,-562.5,20,45,5,10,15
2025-09-13,Maceoo Aria,22981.44,28001.13,-5019.69,0,36,110,20,11,31
2025-09-13,Maceoo Biloxi,603.76,654.4,-50.64,0,4,5,3,0,4
2025-09-13,Maceoo Cosmo,10869.82,10947.42,-77.6,0,23,89,20,3,21
2025-09-13,Maceoo PR,1250.16,1429.04,0,-178.88,4,8,2,2,4
2025-09-14,Maceoo Biloxi,601.96,697.28,-95.32,0,5,7,4,1,5
2025-09-14,Maceoo Atlantic,3388.72,3388.72,0,0,5,21,2,2,5
2025-09-14,Maceoo Tampa,5270.14,5701.02,-108,-322.88,9,24,2,3,6
2025-09-14,Maceoo Resorts World Las Vegas,678.7,678.7,0,0,3,5,2,1,3
2025-09-14,Maceoo MGM,5185.41,5639.7,-295.41,-158.88,13,39,5,3,9
2025-09-14,Maceoo Aria,2678.3,2810.3,-132,0,9,14,4,4,9
2025-09-14,Maceoo Hollywood FL,8456.69,8916.74,-277.59,-182.46,13,43,5,2,8
2025-09-14,Maceoo Cosmo,5498.81,5498.81,0,0,14,42,10,2,13
2025-09-14,Maceoo PR,1580.48,2025.04,-315.68,-128.88,7,10,3,4,7
2025-09-14,Online Store,4590.92,5758.96,-1168.04,0,13,20,6,6,12
2025-09-15,Maceoo Aria,3772.22,5804.85,-707.77,-1324.86,12,26,7,5,12
2025-09-15,Maceoo PR,1291.04,1291.04,0,0,3,8,1,2,3
2025-09-15,Maceoo Biloxi,315.99,347.76,-31.77,0,2,2,1,1,2
2025-09-15,WEB - Quiet LLC,62,68.88,-6.88,0,1,1,0,1,1
2025-09-15,Maceoo Hollywood FL,4828.91,5705.97,-371.42,-505.64,4,15,1,2,3
2025-09-15,Online Store,2039.7,5168.36,-3043.66,-85,17,27,3,13,16
2025-09-15,Maceoo Cosmo,2550.12,2589.58,-39.46,0,8,23,6,2,8
2025-09-15,Maceoo Tampa,1365.42,1422.08,-56.66,0,4,9,1,3,4
2025-09-15,Maceoo MGM,2691.11,2844.69,-153.58,0,8,17,6,0,7
2025-09-15,Maceoo Atlantic,4826.87,6371.27,-200,-1344.4,13,49,4,8,11
2025-09-15,Maceoo Resorts World Las Vegas,847.94,1059.92,-211.98,0,1,9,0,1,1
2025-09-16,Maceoo MGM,3076.53,3466.19,-389.66,0,7,20,2,3,6
2025-09-16,Maceoo Tampa,933.12,2856.3,-68.54,-1854.64,5,10,1,3,4
2025-09-16,Maceoo Aria,2278.62,2594.36,-126.86,-188.88,8,25,3,4,8
2025-09-16,Maceoo Hollywood FL,761.8,761.8,0,0,3,6,2,0,3
2025-09-16,Maceoo Resorts World Las Vegas,105.39,139.83,-34.44,0,1,3,1,0,1
2025-09-16,Maceoo Atlantic,-502.24,296.64,0,-798.88,2,3,0,0,1
2025-09-16,Maceoo Cosmo,2836.43,2836.43,0,0,8,20,6,2,8
2025-09-16,Maceoo PR,505.76,663.76,-158,0,3,4,1,2,3
2025-09-16,Maceoo Biloxi,1093.28,1093.28,0,0,2,6,1,1,2
2025-09-16,Online Store,2231.25,2521.84,-290.59,0,11,19,6,5,11
2025-09-17,Maceoo Hollywood FL,2266.17,2425.05,0,-158.88,7,21,6,1,7
2025-09-17,Maceoo PR,834.4,1597.92,-415.76,-347.76,3,7,2,1,3
2025-09-17,Maceoo Resorts World Las Vegas,1306.22,1479.22,-173,0,3,9,2,0,3
2025-09-17,Maceoo Aria,1269.02,1487.58,-218.56,0,6,12,3,3,6
2025-09-17,Online Store,4938.28,5735.35,-797.07,0,21,35,7,13,20
2025-09-17,Maceoo MGM,1558.98,1607.86,-48.88,0,5,14,4,0,5
2025-09-17,Maceoo Atlantic,774.64,1549.28,0,-774.64,2,5,0,1,1
2025-09-17,Maceoo Cosmo,931.8,931.8,0,0,3,8,2,1,3
2025-09-17,Maceoo Tampa,1371.06,1371.06,0,0,6,12,0,2,3
2025-09-17,Maceoo Biloxi,679.52,689.4,-9.88,0,5,6,3,2,5
2025-09-18,Maceoo Aria,8543.49,8705.01,-161.52,0,8,30,3,5,8
2025-09-18,Maceoo PR,2050.12,2471.44,-64.44,-356.88,6,13,3,2,6
2025-09-18,Maceoo Tampa,3045.56,3045.56,0,0,2,15,1,1,2
2025-09-18,Maceoo Atlantic,1919.6,1930.13,-10.53,0,7,18,5,2,7
2025-09-18,Maceoo Hollywood FL,3371.76,3413.83,-42.07,0,7,15,3,4,7
2025-09-18,Maceoo MGM,880.56,880.56,0,0,6,11,4,0,5
2025-09-18,Maceoo Cosmo,3594.86,3801.07,-206.21,0,9,19,5,4,7
2025-09-18,Online Store,3004.56,3448.08,-443.52,0,12,25,3,9,12
2025-09-18,Maceoo Biloxi,993.5,1050.16,-56.66,0,7,8,5,2,6
2025-09-19,Maceoo PR,1651.16,2814.68,0,-1163.52,5,8,4,1,4
2025-09-19,Online Store,4035.2,4354.08,-318.88,0,13,25,7,6,13
2025-09-19,Maceoo Resorts World Las Vegas,1554.9,1949.56,-394.66,0,3,9,3,0,3
2025-09-19,Maceoo Hollywood FL,2576.41,3040.16,-334.87,-128.88,5,12,2,2,5
2025-09-19,Maceoo Aria,5384.63,6015.03,-441.52,-188.88,17,51,12,4,17
2025-09-19,Maceoo Cosmo,6031.47,6203.23,-12.88,-158.88,10,30,7,2,8
2025-09-19,Maceoo Tampa,2354.44,2390.1,-35.66,0,7,19,1,3,5
2025-09-19,Maceoo Atlantic,1323.94,1323.94,0,0,9,14,1,4,6
2025-09-19,Maceoo Biloxi,708.2,954.04,-94.86,-150.98,4,7,3,1,4
2025-09-19,Maceoo MGM,4560.58,4777.93,-18.47,-198.88,15,32,8,3,11
2025-09-20,Maceoo PR,2173.68,2173.68,0,0,10,14,5,5,8
2025-09-20,Maceoo Hollywood FL,3602.37,3711.78,-109.41,0,14,56,6,5,12
2025-09-20,Maceoo Tampa,8653.29,8945.02,-291.73,0,12,25,3,7,11
2025-09-20,Maceoo Aria,12759.83,14658.72,-1127.14,-771.75,20,59,9,7,17
2025-09-20,Maceoo Biloxi,1424.94,1472.16,-47.22,0,5,8,1,4,5
2025-09-20,Online Store,-3016.18,4134.96,-2405.04,-4746.1,16,-10,3,12,15
2025-09-20,Maceoo Atlantic,6210.96,6399.84,0,-188.88,18,40,3,8,12
2025-09-20,Maceoo Cosmo,1754.1,2352.1,-400,-198,8,19,6,2,8
2025-09-20,Maceoo MGM,6268.71,7452.01,-984.42,-198.88,11,69,6,4,10
2025-09-20,Maceoo Resorts World Las Vegas,2030.99,2201.19,-170.2,0,7,24,4,3,7
2025-09-21,Maceoo Aria,1952.04,2827.01,-19.26,-855.71,9,17,4,3,7
2025-09-21,Maceoo Cosmo,4867.3,6321.12,-266,-1187.82,14,35,10,2,13
2025-09-21,Maceoo Tampa,4260.32,5284.62,-895.42,-128.88,9,37,1,6,8
2025-09-21,Maceoo PR,1578.16,1578.16,0,0,4,10,3,1,4
2025-09-21,Maceoo Atlantic,7196.02,7252.68,-56.66,0,10,57,5,3,9
2025-09-21,Maceoo MGM,783.86,859.74,-75.88,0,3,4,1,1,3
2025-09-21,Maceoo Hollywood FL,2622.1,2677.86,-55.76,0,8,16,2,2,5
2025-09-21,Online Store,6837.16,7110.16,-273,0,14,40,6,6,12
2025-09-21,Maceoo Resorts World Las Vegas,858.35,1006.68,-148.33,0,1,2,0,1,1
2025-09-21,Maceoo Biloxi,569.59,600.4,-30.81,0,7,8,1,4,5
2025-09-22,Maceoo Hollywood FL,8421.53,14450.94,-593.73,-5435.68,11,31,5,4,8
2025-09-22,Maceoo Resorts World Las Vegas,1229.63,1229.63,0,0,2,7,1,1,2
2025-09-22,Online Store,-639.07,5807.35,-1367.67,-5078.75,17,4,5,10,15
2025-09-22,Maceoo Aria,1766.03,2049.56,-283.53,0,5,11,1,1,3
2025-09-22,Maceoo PR,484.64,484.64,0,0,2,4,2,0,2
2025-09-22,Maceoo Tampa,879.13,1462.99,-424.98,-158.88,5,8,1,2,4
2025-09-22,Maceoo Cosmo,2435.8,2435.8,0,0,6,17,3,3,6
2025-09-22,Maceoo Atlantic,1346.42,1644.06,0,-297.64,5,27,3,2,5
2025-09-22,Maceoo Biloxi,385.96,584.64,-28.68,-170,3,3,0,3,3
2025-09-22,Maceoo MGM,1042.37,1130.46,-88.09,0,4,11,1,2,4
2025-09-23,Maceoo Biloxi,454.75,615.4,-160.65,0,4,5,3,1,4
2025-09-23,Maceoo Aria,3503.84,4152.4,-648.56,0,7,23,1,4,5
2025-09-23,Maceoo PR,316.88,475.76,0,-158.88,1,2,1,0,1
2025-09-23,Online Store,5159.37,6640.64,-1292.39,-188.88,14,36,5,6,11
2025-09-23,Maceoo Hollywood FL,730.1,730.1,0,0,4,6,2,1,4
2025-09-23,Maceoo Tampa,574.38,622.04,-47.66,0,3,5,1,2,3
2025-09-23,Maceoo Cosmo,1020.84,1070.84,-50,0,5,10,3,2,4
2025-09-23,Maceoo MGM,602.8,1006.72,0,-403.92,3,4,1,1,2
2025-09-23,Maceoo Atlantic,757.82,1386.64,-59.88,-568.94,3,2,1,1,2
2025-09-24,Maceoo MGM,637.06,637.06,0,0,4,8,3,0,4
2025-09-24,Maceoo PR,506.64,506.64,0,0,1,3,1,0,1
2025-09-24,Maceoo Cosmo,1259.04,1725.96,0,-466.92,5,8,4,1,4
2025-09-24,Maceoo Tampa,1346.82,1496.48,-149.66,0,5,8,3,1,5
2025-09-24,Online Store,8284.62,9458.38,-1044.88,-128.88,11,29,3,8,11
2025-09-24,Maceoo Aria,4407.51,6012.4,-1604.89,0,4,8,1,3,4
2025-09-24,Maceoo Biloxi,98.88,98.88,0,0,1,1,1,0,1
2025-09-24,Maceoo Hollywood FL,3544.09,3628.14,-84.05,0,6,22,2,1,4
2025-09-24,Maceoo Atlantic,4552.32,4946.74,-76.66,-317.76,8,31,5,3,7
2025-09-25,Maceoo PR,2092.8,2092.8,0,0,4,13,2,2,4
2025-09-25,Maceoo MGM,398.19,887.58,0,-489.39,2,3,1,0,2
2025-09-25,Maceoo Aria,5348.13,5348.13,0,0,9,27,6,3,9
2025-09-25,Maceoo Tampa,250.9,289.56,-38.66,0,2,3,0,2,2
2025-09-25,Maceoo Cosmo,70.26,70.26,0,0,1,2,0,1,1
2025-09-25,Maceoo Biloxi,934.75,979.4,-44.65,0,5,6,2,2,4
2025-09-25,Maceoo Atlantic,911.46,931.26,-19.8,0,4,10,2,1,4
2025-09-25,Online Store,10197.09,12554.33,-1441.72,-915.52,22,45,7,15,21
2025-09-25,Maceoo Hollywood FL,1696.12,1696.12,0,0,6,13,3,2,6
2025-09-25,Maceoo Resorts World Las Vegas,387.76,387.76,0,0,1,2,0,1,1
2025-09-26,Maceoo Resorts World Las Vegas,4205.91,4847.57,-641.66,0,4,13,2,1,4
2025-09-26,Maceoo MGM,2874.4,3806.97,-932.57,0,10,29,2,5,8
2025-09-26,Maceoo PR,790,988.88,0,-198.88,1,1,0,1,1
2025-09-26,Online Store,4174.72,4249.72,-75,0,11,15,5,6,11
2025-09-26,Maceoo Hollywood FL,2825.24,2988.56,-163.32,0,7,16,4,2,7
2025-09-26,Maceoo Tampa,3777.81,5930.43,-139.64,-2012.98,8,26,5,2,7
2025-09-26,Maceoo Biloxi,3216.1,3580.36,-364.26,0,13,31,5,6,11
2025-09-26,Maceoo Cosmo,2850.2,2850.2,0,0,10,26,9,0,10
2025-09-26,Maceoo Aria,4078.68,4380.55,-232.99,-68.88,12,32,8,3,11
2025-09-26,Maceoo Atlantic,2294.26,3972.42,-1519.28,-158.88,7,19,2,2,4
2025-09-27,Maceoo Cosmo,6970.66,6970.66,0,0,13,35,8,4,13
2025-09-27,Maceoo Hollywood FL,8067.41,8411.85,-344.44,0,19,52,9,5,15
2025-09-27,Maceoo Atlantic,12697.17,16345.79,-106.3,-3542.32,18,29,4,9,13
2025-09-27,Maceoo Resorts World Las Vegas,3020.19,5909.92,-525.4,-2364.33,6,12,3,1,5
2025-09-27,Maceoo MGM,2995.91,3260.88,-264.97,0,10,22,6,0,7
2025-09-27,Maceoo PR,199.88,199.88,0,0,1,1,1,0,1
2025-09-27,Maceoo Tampa,1888.7,2073.56,-158.98,-25.88,9,17,0,2,3
2025-09-27,Maceoo Biloxi,2793.01,3060.34,-108.45,-158.88,11,18,5,5,10
2025-09-27,Online Store,4632.36,5324.24,-691.88,0,20,28,9,10,19
2025-09-27,Maceoo Aria,5822.57,6599.29,-78.96,-697.76,16,40,9,4,13
2025-09-28,Online Store,3766.68,4213.56,-446.88,0,18,24,11,6,17
2025-09-28,Maceoo Hollywood FL,3395.01,3434.78,-39.77,0,6,13,0,2,3
2025-09-28,Maceoo MGM,2855.09,3889.87,-108.45,-926.33,9,14,4,2,6
2025-09-28,Maceoo PR,847.4,847.4,0,0,4,5,4,0,4
2025-09-28,Maceoo Biloxi,586.52,586.52,0,0,3,4,2,1,3
2025-09-28,Maceoo Atlantic,3299.18,3671.06,-371.88,0,9,23,3,4,8
2025-09-28,Maceoo Aria,2621.42,2621.42,0,0,8,14,5,2,7
2025-09-28,Maceoo Resorts World Las Vegas,1754.55,1814.32,-59.77,0,4,13,3,1,4
2025-09-28,Maceoo Tampa,7342.77,7859.63,-167.98,-348.88,4,29,2,2,3
2025-09-28,Maceoo Cosmo,3955.16,3995.16,-40,0,9,21,4,3,7
2025-09-29,Maceoo Atlantic,1789.1,1789.1,0,0,8,33,2,6,8
2025-09-29,Maceoo Cosmo,3799.41,3865.41,-66,0,7,31,5,2,6
2025-09-29,Maceoo Hollywood FL,2163.87,3279.3,-1115.43,0,7,20,2,4,7
2025-09-29,Maceoo PR,317.76,317.76,0,0,2,2,1,1,2
2025-09-29,Online Store,4254.06,4732.6,-478.54,0,19,22,14,5,18
2025-09-29,Maceoo Aria,4488.81,8767.61,-4278.8,0,24,118,7,16,24
2025-09-29,Maceoo Biloxi,197.76,197.76,0,0,2,2,1,0,2
2025-09-29,Maceoo MGM,424.08,582.96,-158.88,0,4,8,2,1,4
2025-09-29,Maceoo Tampa,0,0,0,0,0,1,0,0,0
2025-09-29,Maceoo Resorts World Las Vegas,12671.54,14170.42,-1498.88,0,3,6,2,1,3
2025-09-30,Maceoo PR,826.64,2253.56,-1426.92,0,5,13,3,1,4
2025-09-30,Maceoo Cosmo,2778.83,2778.83,0,0,9,24,9,0,9
2025-09-30,Maceoo Aria,1364.93,2933.77,-1568.84,0,13,30,4,6,11
2025-09-30,Maceoo MGM,298.14,331.26,-33.12,0,1,3,1,0,1
2025-09-30,Maceoo Hollywood FL,687.9,1470.66,-782.76,0,4,8,1,2,4
2025-09-30,Online Store,2137.28,2187.28,-50,0,12,12,9,3,12
2025-09-30,Maceoo Atlantic,118.88,118.88,0,0,1,1,1,0,1
2025-09-30,Maceoo Tampa,1384.52,1450.52,-66,0,3,8,1,2,2
2025-10-01,Maceoo PR,1528.8,1528.8,0,0,4,10,2,2,4
2025-10-01,Maceoo Cosmo,10105.58,10346.1,-240.52,0,13,49,9,3,12
2025-10-01,Online Store,4771.29,5181,-409.71,0,21,24,12,8,20
2025-10-01,Maceoo Resorts World Las Vegas,1746.16,1777.76,-31.6,0,2,7,2,0,2
2025-10-01,Maceoo Biloxi,285.99,317.76,-31.77,0,1,2,0,0,1
2025-10-01,Maceoo Aria,2236.84,2623.36,-150,-236.52,8,15,3,4,8
2025-10-01,Maceoo Atlantic,764.56,764.56,0,0,2,3,1,1,2
2025-10-01,Maceoo MGM,2231.3,2402.1,-170.8,0,7,17,3,4,7
2025-10-01,Maceoo Tampa,342.63,727.77,-64.52,-320.62,1,6,0,1,1
2025-10-01,Maceoo Hollywood FL,1249.72,1265.52,-15.8,0,3,8,1,1,3
2025-10-02,Maceoo Biloxi,196,196,0,0,1,2,1,0,1
2025-10-02,Maceoo Resorts World Las Vegas,584.32,604.2,-19.88,0,3,5,3,0,3
2025-10-02,Maceoo Tampa,885.95,1347.16,-206.21,-255,4,7,0,2,3
2025-10-02,Maceoo Cosmo,4732.33,4908.96,-176.63,0,12,29,11,1,12
2025-10-02,Online Store,3743.24,5190.52,-1337.28,-110,17,29,12,5,17
2025-10-02,Maceoo MGM,972.36,972.36,0,0,6,12,3,1,5
2025-10-02,Maceoo Aria,5314.36,6401.86,-914.1,-173.4,13,32,6,6,13
2025-10-02,Maceoo Hollywood FL,2867.45,3066.17,-198.72,0,5,16,2,3,5
2025-10-02,Maceoo PR,317.76,317.76,0,0,1,2,1,0,1
2025-10-02,Maceoo Atlantic,840.3,840.3,0,0,5,6,2,3,5
2025-10-03,Maceoo Resorts World Las Vegas,1970.84,2219,-248.16,0,3,9,2,1,3
2025-10-03,Maceoo Atlantic,4320.05,4320.05,0,0,10,25,1,8,10
2025-10-03,Maceoo Aria,10624.44,12870.2,-2117.92,-127.84,17,51,9,7,16
2025-10-03,Online Store,2286.52,4128.16,-741.98,-1099.66,22,16,11,10,21
2025-10-03,Maceoo Biloxi,1361.49,1456.92,-95.43,0,4,9,3,1,4
2025-10-03,Maceoo Cosmo,7411.15,8207.27,-796.12,0,13,29,7,5,13
2025-10-03,Maceoo Hollywood FL,15062.05,15539.12,-477.07,0,17,57,10,6,14
2025-10-03,Maceoo MGM,3170.34,3185.36,-15.02,0,12,26,8,1,10
2025-10-03,Maceoo PR,727.4,1043.4,0,-316,2,4,1,1,2
2025-10-03,Maceoo Tampa,4243.18,4548.68,-77.74,-227.76,9,27,1,2,4
2025-10-04,Maceoo Aria,16312.38,19434.31,-2807.94,-313.99,20,66,9,8,17
2025-10-04,Maceoo Atlantic,2892.61,3214.08,-20.59,-300.88,14,25,6,7,13
2025-10-04,Maceoo Tampa,2189.9,2636.22,-446.32,0,6,10,2,1,4
2025-10-04,Maceoo Cosmo,2925.73,3808.58,-0.02,-882.83,12,23,6,4,9
2025-10-04,Maceoo Biloxi,2074.12,2133.92,-59.8,0,6,11,3,3,6
2025-10-04,Maceoo MGM,5734.71,6067.53,-332.82,0,9,23,2,2,5
2025-10-04,WEB - Quiet LLC,-62,0,0,-62,0,-1,0,0,0
2025-10-04,Maceoo PR,3677.6,3886.48,-50,-158.88,8,20,2,6,8
2025-10-04,Online Store,4393.35,6152.15,-937.76,-821.04,27,28,16,11,27
2025-10-04,Maceoo Hollywood FL,5834.26,6195.1,-161.96,-198.88,12,35,5,4,10
2025-10-04,Maceoo Resorts World Las Vegas,770.3,804.74,-34.44,0,4,10,2,2,4
2025-10-05,Maceoo Cosmo,2969.63,2969.63,0,0,2,9,1,1,2
2025-10-05,Maceoo Biloxi,313.64,342.4,-28.76,0,2,5,0,1,2
2025-10-05,Maceoo Atlantic,4386.29,4542.96,-57.79,-98.88,11,36,6,4,9
2025-10-05,Maceoo Tampa,4227.21,4855.51,-628.3,0,9,22,5,3,9
2025-10-05,Online Store,3857.97,5023.74,-818.56,-347.21,20,23,13,7,20
2025-10-05,Maceoo Hollywood FL,4575.5,4703.42,-127.92,0,9,23,2,6,9
2025-10-05,Maceoo Aria,18145.81,20613.65,-1023.2,-1444.64,18,54,7,7,13
2025-10-05,Maceoo MGM,622.98,622.98,0,0,3,7,2,0,3
2025-10-05,Maceoo PR,3603.6,3673.48,0,-69.88,11,23,6,4,10
2025-10-06,Maceoo MGM,4458.04,5084.2,-626.16,0,9,22,5,2,8
2025-10-06,Maceoo PR,1685.04,1685.04,0,0,2,11,1,1,2
2025-10-06,Maceoo Atlantic,1841.01,1841.01,0,0,6,24,3,2,5
2025-10-06,Online Store,4079.37,4316.89,-237.52,0,20,26,17,3,20
2025-10-06,Maceoo Cosmo,1013.4,1013.4,0,0,5,10,1,2,4
2025-10-06,Maceoo Aria,3749.84,4566.79,-55,-761.95,10,21,5,2,8
2025-10-06,Maceoo Hollywood FL,22.38,121.26,0,-98.88,1,2,0,1,1
2025-10-06,Maceoo Resorts World Las Vegas,709.56,709.56,0,0,4,8,3,1,4
2025-10-06,Maceoo Tampa,392.54,392.54,0,0,2,3,2,0,2
2025-10-07,Maceoo Atlantic,2586.65,2586.65,0,0,5,12,5,0,5
2025-10-07,Online Store,8068.21,8682.73,-614.52,0,27,45,17,10,27
2025-10-07,Maceoo PR,1312.16,1312.16,0,0,2,7,2,0,2
2025-10-07,Maceoo Tampa,138.6,198,-59.4,0,1,1,1,0,1
2025-10-07,Maceoo Hollywood FL,2120.58,2175.22,-54.64,0,8,20,3,1,5
2025-10-07,Maceoo Cosmo,4334.68,4434.68,-100,0,5,16,2,3,5
2025-10-07,Maceoo Resorts World Las Vegas,364.01,384.18,-20.17,0,2,5,1,1,2
2025-10-07,Maceoo Biloxi,1193.28,1193.28,0,0,2,6,1,1,2
2025-10-07,Maceoo MGM,2320.93,2829.62,-508.69,0,4,61,1,3,4
2025-10-07,Maceoo Aria,5454.32,10056.43,-4602.11,0,12,27,8,4,12
2025-10-08,Maceoo Tampa,819.93,1298.79,-192.76,-286.1,2,7,0,2,2
2025-10-08,Maceoo Aria,2191.16,2265.99,-74.83,0,4,10,3,1,4
2025-10-08,Maceoo PR,1371.04,1371.04,0,0,2,8,2,0,2
2025-10-08,Maceoo Hollywood FL,4426.6,5864.9,-139.3,-1299,7,22,4,1,6
2025-10-08,Maceoo Biloxi,357.64,357.64,0,0,3,3,1,2,3
2025-10-08,Maceoo Atlantic,1778.93,2148.06,-50.25,-318.88,7,15,3,2,6
2025-10-08,Maceoo MGM,4746.18,5561.47,-815.29,0,10,33,4,2,7
2025-10-08,Maceoo Cosmo,668.96,710.7,-41.74,0,2,4,2,0,2
2025-10-08,Online Store,6533.93,8336.28,-1438.88,-363.47,31,38,21,10,31
2025-10-09,Maceoo Hollywood FL,1236.5,1236.5,0,0,5,9,2,0,3
2025-10-09,Maceoo MGM,6941.87,7928.91,-987.04,0,9,31,5,2,8
2025-10-09,Maceoo Atlantic,1882.16,2071.04,0,-188.88,5,11,4,1,5
2025-10-09,Maceoo Resorts World Las Vegas,199.14,199.14,0,0,2,3,2,0,2
2025-10-09,Online Store,5266.65,5901.53,-634.88,0,22,24,14,8,22
2025-10-09,Maceoo Aria,8124.36,8796.95,-672.59,0,13,116,6,7,13
2025-10-09,Maceoo PR,1202.16,1361.04,0,-158.88,4,7,3,0,4
2025-10-09,Maceoo Biloxi,282.98,296.76,-13.78,0,2,2,1,1,2
2025-10-09,Maceoo Tampa,7060.22,8324.43,-956.45,-307.76,7,25,2,4,6
2025-10-09,Maceoo Cosmo,5939.06,7259.06,0,-1320,9,25,4,4,9
2025-10-10,Maceoo Hollywood FL,5582.76,6284.18,-487.44,-213.98,11,31,8,3,11
2025-10-10,WEB - Quiet LLC,0,128.88,-128.88,0,1,1,0,1,1
2025-10-10,Maceoo Tampa,2802.72,2850.38,-47.66,0,6,12,0,2,3
2025-10-10,Maceoo Atlantic,9977.44,10967.44,-990,0,11,23,3,7,10
2025-10-10,Online Store,7489.33,8375.97,-886.64,0,25,40,13,10,23
2025-10-10,Maceoo MGM,1231.3,1247.5,-16.2,0,8,16,5,1,7
2025-10-10,Maceoo Aria,6988.09,11988.73,-1.76,-4998.88,9,29,6,3,8
2025-10-10,Maceoo PR,2214.56,2343.44,-128.88,0,7,14,3,4,7
2025-10-10,Maceoo Biloxi,286,317.76,-31.76,0,1,2,0,1,1
2025-10-10,Maceoo Resorts World Las Vegas,2388.57,2957.89,-569.32,0,6,14,5,1,6
2025-10-10,Maceoo Cosmo,1830.13,2065.78,-235.65,0,9,24,6,2,9
2025-10-11,Online Store,6746.64,10267.01,-3434.83,-85.54,22,46,7,13,20
2025-10-11,Maceoo Resorts World Las Vegas,1459.07,1459.07,0,0,3,7,3,0,3
2025-10-11,Maceoo Atlantic,6698.77,7217.6,-518.83,0,7,23,3,4,7
2025-10-11,Maceoo Hollywood FL,8886.68,12929.4,-996.8,-3045.92,25,59,7,9,15
2025-10-11,Maceoo MGM,3071.01,3117.06,-46.05,0,7,43,2,1,3
2025-10-11,Maceoo Aria,8619.55,9138.42,-244.49,-274.38,14,40,8,6,13
2025-10-11,Maceoo Biloxi,1039.62,1069.5,-29.88,0,4,7,2,2,3
2025-10-11,Maceoo PR,4286.48,4475.36,0,-188.88,11,22,4,6,10
2025-10-11,Maceoo Tampa,2260.87,2326.87,-66,0,8,23,1,2,4
2025-10-11,Maceoo Cosmo,3574.67,4173.55,-598.88,0,10,25,6,4,9
2025-10-12,Maceoo Cosmo,493.34,696.84,-203.5,0,4,8,2,2,4
2025-10-12,Maceoo Tampa,3125.8,3475.8,-350,0,6,32,0,1,2
2025-10-12,Maceoo Biloxi,909.62,941.4,-31.78,0,5,8,4,1,5
2025-10-12,Maceoo Aria,1143.96,1143.96,0,0,6,12,4,2,6
2025-10-12,Maceoo MGM,4839.6,5372.88,-533.28,0,7,26,1,4,6
2025-10-12,Maceoo Resorts World Las Vegas,1699.53,1744.36,-44.83,0,4,12,2,2,4
2025-10-12,Maceoo PR,3589.07,4064.6,-117.77,-357.76,11,21,2,6,7
2025-10-12,Maceoo Hollywood FL,6246.35,7425.64,-783.29,-396,10,24,4,4,7
2025-10-12,Online Store,7145.7,8529.73,-1320.23,-63.8,24,47,10,12,21
2025-10-12,Maceoo Atlantic,2612.78,3896.68,-85.58,-1198.32,6,16,1,4,6
2025-10-13,Maceoo Cosmo,548.52,1537.4,-988.88,0,2,4,0,2,2
2025-10-13,Maceoo Hollywood FL,2225.27,2225.27,0,0,3,11,1,1,3
2025-10-13,Online Store,8716.89,8866.89,-150,0,27,34,22,5,27
2025-10-13,Maceoo Tampa,1522,1671.58,-149.58,0,7,9,1,3,5
2025-10-13,Maceoo MGM,364.92,364.92,0,0,1,3,0,1,1
2025-10-13,Maceoo PR,575.52,575.52,0,0,1,4,1,0,1
2025-10-13,Maceoo Biloxi,258,286.64,-28.64,0,2,3,1,1,2
2025-10-13,Maceoo Aria,2600.25,2610.25,-10,0,9,22,8,1,9
2025-10-13,Maceoo Atlantic,2688.6,2819.92,-131.32,0,7,13,2,4,6
2025-10-14,Maceoo PR,6221.3,6528.44,-307.14,0,3,15,0,2,2
2025-10-14,Maceoo MGM,7498.13,9396.17,-1898.04,0,4,64,3,1,4
2025-10-14,Maceoo Resorts World Las Vegas,581.94,581.94,0,0,4,9,4,0,4
2025-10-14,Maceoo Hollywood FL,626.04,626.04,0,0,2,6,1,1,2
2025-10-14,WEB - Quiet LLC,-25,0,0,-25,0,0,0,0,0
2025-10-14,Maceoo Tampa,1040.75,1040.75,0,0,4,11,0,1,2
2025-10-14,Maceoo Aria,1234.12,1272.4,-38.28,0,5,6,2,3,5
2025-10-14,Online Store,5378.45,7967.76,-2585.31,-4,21,33,5,15,20
2025-10-14,Maceoo Cosmo,9168.15,10171.55,-1003.4,0,6,37,4,2,6
2025-10-14,Maceoo Biloxi,2410.16,2454.8,-41.64,-3,7,11,3,3,6
2025-10-14,Maceoo Atlantic,1406.46,1656.46,-250,0,2,4,1,1,2
2025-10-15,Maceoo Atlantic,534.86,564.52,-29.66,0,4,8,3,1,4
2025-10-15,Maceoo PR,217.76,1072.16,0,-854.4,2,3,0,2,2
2025-10-15,Maceoo Biloxi,0,98,-98,0,0,1,0,0,0
2025-10-15,Maceoo Hollywood FL,956.21,1015.74,-59.53,0,3,8,0,1,2
2025-10-15,Online Store,3721.01,3796.01,-75,0,10,17,5,5,10
2025-10-15,Maceoo Tampa,4586.1,5559.95,-973.85,0,5,19,2,1,4
2025-10-15,Maceoo Cosmo,2583.3,2886.94,-303.64,0,3,11,2,0,3
2025-10-15,Maceoo Aria,2790.35,2974.28,-183.93,0,7,23,4,3,7
2025-10-15,Maceoo Resorts World Las Vegas,2154.4,2154.4,0,0,1,8,0,1,1
2025-10-15,Maceoo MGM,604.74,617.88,-13.14,0,4,9,0,1,2
2025-10-16,Maceoo Resorts World Las Vegas,355.86,355.86,0,0,1,2,1,0,1
2025-10-16,Maceoo PR,1213.28,1402.16,0,-188.88,4,6,2,2,4
2025-10-16,Maceoo Aria,1408.68,3750.32,-2341.64,0,6,9,3,3,6
2025-10-16,Maceoo Cosmo,3113.53,4064.72,-463.54,-487.65,6,12,2,2,5
2025-10-16,Maceoo Hollywood FL,11209.73,13188.85,-1979.12,0,8,24,3,3,7
2025-10-16,Maceoo MGM,2679.64,3331.98,-652.34,0,2,10,1,0,2
2025-10-16,Maceoo Biloxi,170,188.88,-18.88,0,1,1,1,0,1
2025-10-16,Online Store,4655.38,4876.32,-220.94,0,16,22,9,6,15
2025-10-16,Maceoo Tampa,5578.24,5634.9,-56.66,0,6,33,1,3,5
2025-10-16,Maceoo Atlantic,2044.25,2565.14,-272.01,-248.88,6,36,3,3,6
2025-10-17,Maceoo Cosmo,6132.22,6653.86,-198.88,-322.76,10,26,7,2,10
2025-10-17,Maceoo Aria,5258.87,5864.96,-606.09,0,7,48,3,4,7
2025-10-17,Maceoo MGM,4563.72,5025.7,-461.98,0,14,34,9,0,10
2025-10-17,Maceoo Tampa,933.6,999.6,-66,0,3,5,1,2,3
2025-10-17,Maceoo Hollywood FL,2959.16,2959.16,0,0,5,15,0,3,4
2025-10-17,Online Store,3992.81,6813.96,-1152.64,-1668.51,20,-8,11,9,20
2025-10-17,Maceoo Atlantic,4143.24,5811.62,-37.76,-1630.62,14,24,4,8,12
2025-10-17,Maceoo PR,412.52,412.52,0,0,3,4,1,2,3
2025-10-17,Maceoo Resorts World Las Vegas,492.74,789.04,-296.3,0,2,6,1,1,2
2025-10-18,Maceoo Cosmo,8114.43,8114.43,0,0,15,39,9,5,13
2025-10-18,Maceoo PR,3899.48,3924.48,-25,0,12,22,6,4,9
2025-10-18,Maceoo Aria,5612.45,5779.12,-166.67,0,13,27,8,3,12
2025-10-18,Maceoo Tampa,4926.76,6988.72,-978.17,-1083.79,13,29,0,9,10
2025-10-18,Online Store,4221.76,5376.4,-1154.64,0,17,22,9,8,17
2025-10-18,Maceoo Biloxi,855.92,991.4,-135.48,0,9,10,2,4,7
2025-10-18,Maceoo Atlantic,5620.64,5827.36,-8.96,-197.76,17,32,9,5,14
2025-10-18,Maceoo Resorts World Las Vegas,5308.14,5899.96,-591.82,0,10,28,4,5,9
2025-10-18,Maceoo Hollywood FL,3441.92,5055.81,-315.01,-1298.88,7,22,2,3,6
2025-10-18,Maceoo MGM,2159.35,2242.8,-83.45,0,8,19,6,0,7
2025-10-19,Maceoo Resorts World Las Vegas,519.23,609.06,-89.83,0,1,2,1,0,1
2025-10-19,Maceoo MGM,1798.51,2122.76,-125.37,-198.88,9,17,3,2,6
2025-10-19,Maceoo Cosmo,1780.18,1830.18,-50,0,5,13,2,2,5
2025-10-19,Maceoo PR,884.28,884.28,0,0,5,6,5,0,5
2025-10-19,Online Store,4935.32,5401.56,-466.24,0,18,28,8,10,18
2025-10-19,Maceoo Atlantic,9115.52,9238.24,-122.72,0,14,39,4,8,12
2025-10-19,Maceoo Hollywood FL,2817.82,5154.38,0,-2336.56,5,18,1,1,3
2025-10-19,Maceoo Aria,9827.95,9960.43,-132.48,0,10,67,5,4,9
2025-10-19,Maceoo Tampa,3304.2,3560.73,-256.53,0,7,26,3,3,7
2025-10-20,Maceoo Aria,4633.43,5022.98,-389.55,0,9,27,4,5,9
2025-10-20,Maceoo Atlantic,769.3,769.3,0,0,2,6,0,2,2
2025-10-20,Maceoo Tampa,4337.44,5908.08,-16,-1554.64,12,20,3,4,6
2025-10-20,Maceoo Resorts World Las Vegas,1796.28,2076,-279.72,0,4,10,3,1,4
2025-10-20,Online Store,7280.88,9530.73,-2249.85,0,23,39,7,15,22
2025-10-20,Maceoo MGM,325.55,460.04,-134.49,0,2,3,1,0,2
2025-10-20,Maceoo Biloxi,188.88,188.88,0,0,1,1,1,0,1
2025-10-20,Maceoo Cosmo,4309.41,5034.57,-369.3,-355.86,11,26,8,3,10
2025-10-20,Maceoo Hollywood FL,4903.44,5268.32,-364.88,0,4,27,2,1,4
2025-10-21,Maceoo MGM,4942.83,5382.54,-439.71,0,7,24,3,1,5
2025-10-21,Maceoo Atlantic,374.4,374.4,0,0,2,3,1,1,2
2025-10-21,Maceoo Tampa,1182.68,1335.5,-152.82,0,3,5,1,1,3
2025-10-21,Maceoo Cosmo,6192.22,10704.22,-942,-3570,6,17,3,2,4
2025-10-21,Maceoo Resorts World Las Vegas,841.12,1012.43,-171.31,0,3,9,2,1,3
2025-10-21,Maceoo Hollywood FL,2681.97,2681.97,0,0,7,22,1,4,6
2025-10-21,Maceoo Aria,4492.47,4565.72,-73.25,0,5,16,0,4,5
2025-10-21,Online Store,3741.49,3933.8,-192.31,0,10,17,5,4,9
2025-10-21,Maceoo Biloxi,595.42,812.16,-65.74,-151,5,5,2,3,4
2025-10-21,Maceoo PR,129,129,0,0,1,1,0,1,1
2025-10-22,Maceoo Hollywood FL,1369.34,1385.22,-15.88,0,5,12,1,4,5
2025-10-22,Maceoo MGM,202.86,202.86,0,0,1,2,1,0,1
2025-10-22,Online Store,8650.44,15382.67,-3481.32,-3250.91,38,45,21,16,37
2025-10-22,Maceoo Tampa,542.7,1118.46,0,-575.76,4,6,2,1,4
2025-10-22,Maceoo Biloxi,445.64,524.4,-78.76,0,4,5,2,2,4
2025-10-22,Maceoo Cosmo,991.82,1054.26,-62.44,0,3,4,3,0,3
2025-10-22,Maceoo Atlantic,1846.46,1858.93,-12.47,0,8,17,5,3,7
2025-10-22,Maceoo Resorts World Las Vegas,1049.16,1121.35,-72.19,0,3,8,2,1,3
2025-10-22,Maceoo PR,357.76,546.64,0,-188.88,2,3,1,1,2
2025-10-22,Maceoo Aria,13047.51,13942.68,-895.17,0,8,63,2,5,7
2025-10-23,Maceoo Aria,6502.06,6502.06,0,0,10,59,7,3,9
2025-10-23,Online Store,6524.57,7159.71,-313.76,-321.38,21,24,16,5,21
2025-10-23,Maceoo Resorts World Las Vegas,1016.57,1016.57,0,0,1,4,1,0,1
2025-10-23,Maceoo Biloxi,314,348.88,-34.88,0,1,1,1,0,1
2025-10-23,Maceoo Cosmo,3058.9,3058.9,0,0,6,16,2,3,6
2025-10-23,Maceoo PR,2526.92,2526.92,0,0,3,10,1,2,3
2025-10-23,Maceoo MGM,2274.86,2314.46,-39.6,0,8,44,6,0,7
2025-10-23,Maceoo Tampa,9429.03,12016.96,-99.82,-2488.11,11,49,4,5,9
2025-10-23,Maceoo Atlantic,1534.84,1981.48,-317.76,-128.88,8,11,3,4,8
2025-10-23,Maceoo Hollywood FL,9563.28,9885.16,-321.88,0,8,13,2,2,4
2025-10-24,Maceoo Biloxi,2138.16,2256.56,-118.4,0,9,16,4,5,9
2025-10-24,Maceoo Tampa,4625.51,5937.01,-1311.5,0,7,21,2,4,7
2025-10-24,Maceoo Cosmo,7143.01,7163.01,-20,0,9,31,5,2,7
2025-10-24,Maceoo Aria,12045.55,12765.07,-719.52,0,17,52,9,5,15
2025-10-24,Maceoo PR,1351.04,1449.92,0,-98.88,5,8,0,5,5
2025-10-24,Maceoo MGM,3706.47,3706.47,0,0,11,25,7,1,9
2025-10-24,Maceoo Hollywood FL,9657,16307.16,0,-6650.16,12,25,6,3,9
2025-10-24,WEB - Quiet LLC,170,347.76,-177.76,0,2,2,0,2,2
2025-10-24,Online Store,9064.73,10127.71,-1062.98,0,20,29,10,9,19
2025-10-24,Maceoo Atlantic,3980.28,4318.04,-337.76,0,10,25,4,5,9
2025-10-25,Maceoo MGM,3825.29,4348,-522.71,0,8,29,6,1,8
2025-10-25,Maceoo PR,3443.84,3456.72,-12.88,0,11,20,4,6,11
2025-10-25,Maceoo Biloxi,738.66,738.66,0,0,3,6,1,2,3
2025-10-25,Maceoo Tampa,5081.51,5541.11,-300.72,-158.88,15,27,1,5,7
2025-10-25,Maceoo Cosmo,6456.19,6529.52,-73.33,0,11,31,8,3,10
2025-10-25,Maceoo Atlantic,13940.67,14059.02,-19.47,-98.88,9,19,0,5,6
2025-10-25,Online Store,7072.88,7631.96,-559.08,0,18,23,13,5,18
2025-10-25,Maceoo Aria,5646.8,7170.97,-355.17,-1169,13,23,8,5,12
2025-10-25,Maceoo Hollywood FL,14749.6,26397.24,-841.76,-10805.88,29,62,9,10,17
2025-10-26,Maceoo Aria,4611.09,4831.27,-220.18,0,7,25,2,4,7
2025-10-26,Maceoo Biloxi,28.88,28.88,0,0,1,1,0,0,1
2025-10-26,Maceoo PR,2184.9,2214.56,-29.66,0,6,13,1,3,5
2025-10-26,Maceoo MGM,2071.58,2314.56,-242.98,0,6,19,3,2,6
2025-10-26,Online Store,7767.58,8388.96,-25,-596.38,10,22,7,3,10
2025-10-26,Maceoo Cosmo,3215.13,3215.13,0,0,6,25,4,2,6
2025-10-26,Maceoo Tampa,1994.02,2008.85,-14.83,0,7,18,0,1,2
2025-10-26,Maceoo Atlantic,1882.8,1882.8,0,0,8,13,1,6,7
2025-10-26,Maceoo Resorts World Las Vegas,9790.94,9898.12,-107.18,0,3,31,2,1,3
2025-10-26,Maceoo Hollywood FL,3387.54,3744.34,-356.8,0,7,13,3,2,6
2025-10-27,Maceoo Biloxi,119,5721.04,-21,-5581.04,4,2,3,1,3
2025-10-27,Online Store,3921.88,6645.04,-2723.16,0,15,26,8,6,14
2025-10-27,Maceoo Atlantic,1389.4,1389.4,0,0,5,9,2,3,5
2025-10-27,Maceoo MGM,1592.34,2018.82,-132.48,-294,2,3,2,0,2
2025-10-27,Maceoo Aria,4160.39,5263.47,-148.73,-954.35,6,18,4,2,6
2025-10-27,Maceoo Cosmo,756.8,1056.24,-299.44,0,4,8,3,1,4
2025-10-27,Maceoo Hollywood FL,2484.17,2484.17,0,0,6,16,2,2,5
2025-10-28,Maceoo PR,128.88,287.76,0,-158.88,1,1,0,1,1
2025-10-28,Maceoo MGM,5960.72,6500.2,-539.48,0,5,15,1,3,4
2025-10-28,Maceoo Biloxi,228.76,236.52,-7.76,0,2,4,1,1,2
2025-10-28,Maceoo Atlantic,1541.89,1799.02,-128.25,-128.88,6,11,1,4,4
2025-10-28,Maceoo Resorts World Las Vegas,568.66,568.66,0,0,3,7,2,0,3
2025-10-28,Maceoo Aria,1949.25,2387.7,-269.13,-169.32,7,12,2,3,6
2025-10-28,Maceoo Hollywood FL,2450.82,2583.7,-132.88,0,6,11,3,1,5
2025-10-28,Maceoo Cosmo,4442.56,4699.2,-256.64,0,3,19,2,1,3
2025-10-28,Online Store,4242.36,7989.21,-135.99,-3610.86,21,18,11,9,19
2025-10-28,Maceoo Tampa,2081.39,2360.48,-120.21,-158.88,4,13,1,0,2
2025-10-29,Maceoo MGM,824.43,824.43,0,0,3,7,0,0,1
2025-10-29,Maceoo Cosmo,2107.44,2422.32,-314.88,0,7,19,1,5,6
2025-10-29,Maceoo Tampa,1229.84,2129.34,0,-899.5,6,8,0,1,2
2025-10-29,Online Store,7162.78,7162.78,0,0,14,26,11,3,14
2025-10-29,Maceoo PR,1190.5,1220.16,-29.66,0,3,8,2,1,3
2025-10-29,Maceoo Hollywood FL,1334.58,1334.58,0,0,5,13,2,2,5
2025-10-29,Maceoo Biloxi,298.88,298.88,0,0,1,1,0,1,1
2025-10-29,Maceoo Atlantic,1637.88,1650.26,-12.38,0,6,11,2,3,5
2025-10-29,Maceoo Aria,3095.62,3602.54,-166.92,-340,8,13,2,5,7
2025-10-30,Maceoo MGM,2890.39,3184.73,-294.34,0,3,20,1,1,3
2025-10-30,Maceoo Cosmo,1544.37,1693.25,-148.88,0,4,12,4,0,4
2025-10-30,Maceoo Hollywood FL,7349.59,7459.95,-110.36,0,13,42,3,7,10
2025-10-30,Maceoo Atlantic,7094.89,8619.28,-652.75,-871.64,7,13,3,2,4
2025-10-30,Maceoo Tampa,230.4,230.4,0,0,1,3,1,0,1
2025-10-30,Online Store,4600.37,4707.14,-106.77,0,14,17,9,5,14
2025-10-30,Maceoo Resorts World Las Vegas,202.86,202.86,0,0,1,2,1,0,1
2025-10-30,Maceoo Aria,15473.79,15509.45,-35.66,0,6,31,4,2,6
2025-10-30,Maceoo PR,1302.16,1352.16,-50,0,3,7,1,2,3
2025-10-31,Maceoo Hollywood FL,7515.32,8012.64,-339.32,-158,14,37,6,4,11
2025-10-31,Maceoo Resorts World Las Vegas,304.86,353.98,-49.12,0,1,2,1,0,1
2025-10-31,Maceoo Tampa,4991.54,5141.54,-150,0,4,18,0,3,4
2025-10-31,Maceoo Aria,4721.96,7548.22,-2665.48,-160.78,31,81,10,20,31
2025-10-31,Online Store,4223.56,5410.3,-794.68,-392.06,18,15,9,7,15
2025-10-31,Maceoo Cosmo,14362.91,18604.83,-517.64,-3724.28,15,37,11,3,13
2025-10-31,Maceoo Biloxi,1828.12,2755.28,-927.16,0,3,6,0,1,1
2025-10-31,Maceoo PR,297.76,297.76,0,0,2,2,2,0,2
2025-10-31,Maceoo Atlantic,15304.17,26693.97,-2571.05,-8818.75,14,29,4,7,12
2025-10-31,Maceoo MGM,1430.18,1744.53,-314.35,0,4,12,2,1,4
2025-11-01,Maceoo Hollywood FL,10908.6,11518.2,-508.74,-100.86,25,58,10,6,17
2025-11-01,Maceoo PR,3005.7,3332.32,-171.98,-154.64,6,14,2,4,6
2025-11-01,Maceoo MGM,2638.57,3233.34,-594.77,0,12,24,4,3,8
2025-11-01,Maceoo Atlantic,3342.2,3541.08,0,-198.88,9,18,5,4,9
2025-11-01,Maceoo Aria,9778.79,10497.76,-718.97,0,13,141,7,5,13
2025-11-01,Online Store,5808.53,6409.94,-601.41,0,14,20,7,7,14
2025-11-01,Maceoo Cosmo,4889.37,5184.29,-32,-262.92,10,33,4,3,7
2025-11-01,Maceoo Resorts World Las Vegas,831.74,871.74,-40,0,2,3,2,0,2
2025-11-01,Maceoo Tampa,6346.59,6346.59,0,0,8,24,1,6,8
2025-11-01,WEB - Quiet LLC,0,357.76,-357.76,0,1,2,0,1,1
2025-11-01,Maceoo Biloxi,460.64,589.52,-128.88,0,4,5,2,2,4
2025-11-02,Maceoo Resorts World Las Vegas,408.17,486.27,-78.1,0,2,4,2,0,2
2025-11-02,Maceoo Tampa,2918.01,3314.63,-47.4,-349.22,7,18,1,6,7
2025-11-02,Maceoo Atlantic,1868.4,1868.4,0,0,7,9,1,6,6
2025-11-02,Maceoo PR,1411.92,1411.92,0,0,6,9,4,2,6
2025-11-02,Maceoo MGM,1601.16,1681.71,-80.55,0,5,24,3,1,4
2025-11-02,Maceoo Hollywood FL,3588.63,5982.88,-516.03,-1878.22,15,25,3,7,11
2025-11-02,WEB - Quiet LLC,-348.88,0,0,-348.88,0,-1,0,0,0
2025-11-02,Maceoo Aria,7319.24,9587.28,-331.4,-1936.64,16,37,8,6,15
2025-11-02,Maceoo Biloxi,681.4,697.28,-15.88,0,4,6,3,1,4
2025-11-02,Maceoo Cosmo,3036.47,3846.21,-198.88,-610.86,10,20,3,5,8
2025-11-02,Online Store,4701.15,5382.06,-680.91,0,18,25,10,8,18
2025-11-03,Maceoo Hollywood FL,5445.4,6435.36,-593.08,-396.88,5,20,3,2,5
2025-11-03,Maceoo Resorts World Las Vegas,293.52,293.52,0,0,2,4,2,0,2
2025-11-03,Maceoo Tampa,24.26,121.26,-97,0,1,2,0,1,1
2025-11-03,Maceoo PR,1920.9,1956.56,-35.66,0,2,12,1,1,2
2025-11-03,Maceoo Atlantic,4269.04,4269.04,0,0,5,19,1,4,5
2025-11-03,Maceoo MGM,1272.01,1319.01,-47,0,4,12,3,0,4
2025-11-03,Maceoo Aria,10985.69,11115.93,-130.24,0,13,46,8,1,10
2025-11-03,Online Store,6585.1,6808.98,-223.88,0,18,33,7,10,17
2025-11-03,Maceoo Cosmo,2169.05,2169.05,0,0,4,11,2,1,4
2025-11-03,Maceoo Biloxi,1074,1193.28,-119.28,0,2,6,1,1,2
2025-11-04,Maceoo Tampa,1873.37,2893.54,-76.17,-944,10,15,4,4,8
2025-11-04,Maceoo Resorts World Las Vegas,4449.69,8169.88,-970.48,-2749.71,5,13,2,3,4
2025-11-04,Maceoo MGM,3154.06,3438.4,-284.34,0,7,29,3,1,5
2025-11-04,Maceoo Cosmo,373.96,570.61,-37.77,-158.88,3,6,1,2,3
2025-11-04,Maceoo Biloxi,675.07,3622.44,-2947.37,0,3,13,1,1,3
2025-11-04,Maceoo PR,506.64,506.64,0,0,1,3,1,0,1
2025-11-04,Maceoo Aria,2687.91,3103.17,-29.94,-385.32,10,18,4,4,8
2025-11-04,Maceoo Hollywood FL,6478.27,7247.9,-769.63,0,10,20,1,4,6
2025-11-04,Online Store,12052.65,12570.33,-517.68,0,19,41,10,9,19
2025-11-05,Online Store,5646.9,6225.76,-578.86,0,16,23,7,9,15
2025-11-05,Maceoo Atlantic,576.04,576.04,0,0,4,7,0,3,4
2025-11-05,Maceoo PR,793.74,823.4,-29.66,0,4,6,1,2,4
2025-11-05,Maceoo Hollywood FL,8371.87,8371.87,0,0,15,44,4,4,9
2025-11-05,Maceoo Resorts World Las Vegas,245.85,307.31,-61.46,0,1,7,1,0,1
2025-11-05,Maceoo Tampa,2611.44,2740.44,0,-129,8,18,6,2,8
2025-11-05,Maceoo Aria,3634.24,3654.04,-19.8,0,12,22,5,4,9
2025-11-05,Maceoo Biloxi,368.76,368.76,0,0,1,2,0,0,1
2025-11-05,Maceoo MGM,1529.39,1568.94,-39.55,0,7,15,3,0,4
2025-11-05,Maceoo Cosmo,820.74,820.74,0,0,4,8,2,1,4
2025-11-06,Online Store,701.03,3778.1,-1807.64,-1269.43,13,4,6,7,13
2025-11-06,Maceoo Biloxi,605.52,605.52,0,0,1,4,0,1,1
2025-11-06,Maceoo MGM,2608.83,2834.87,-226.04,0,10,25,8,1,10
2025-11-06,Maceoo Tampa,7172.76,8188.82,-883.84,-132.22,5,28,1,3,4
2025-11-06,Maceoo Aria,14037.13,14160.65,-123.52,0,9,44,6,3,9
2025-11-06,Maceoo Atlantic,509.68,512.26,-2.58,0,4,7,2,2,4
2025-11-06,Maceoo Hollywood FL,9000.66,9306.58,-305.92,0,14,37,5,5,11
2025-11-06,Maceoo Cosmo,6544.95,6934.39,-389.44,0,9,29,6,3,9
2025-11-06,Maceoo PR,1321.92,1321.92,0,0,6,9,2,4,5
2025-11-06,Maceoo Resorts World Las Vegas,1974.62,2091.94,-117.32,0,6,16,4,2,5
2025-11-07,Maceoo Aria,13434.37,14033.55,-599.18,0,14,76,11,2,13
2025-11-07,Maceoo MGM,1662.19,1924.87,-2.64,-260.04,12,24,5,3,8
2025-11-07,Maceoo Cosmo,7561.31,10692.14,-1004.74,-2126.09,16,41,10,4,14
2025-11-07,Maceoo Tampa,1702.9,1830.79,-127.89,0,8,17,4,3,8
2025-11-07,Maceoo Hollywood FL,15610.52,24539.65,-7881.14,-1047.99,29,115,10,10,20
2025-11-07,Maceoo Biloxi,1822.06,1822.06,0,0,6,12,1,5,6
2025-11-07,Maceoo PR,2256.02,2285.68,-29.66,0,7,13,4,3,7
2025-11-07,Online Store,3898.71,6271.42,-1923.38,-449.33,12,24,5,7,12
2025-11-07,Maceoo Resorts World Las Vegas,502.82,522.7,-19.88,0,2,5,2,0,2
2025-11-07,Maceoo Atlantic,4833.87,4914.06,-80.19,0,10,19,0,7,8
2025-11-08,Online Store,3591.42,4014.18,-422.76,0,12,15,11,1,12
2025-11-08,Maceoo Resorts World Las Vegas,8273.96,8902.64,-628.68,0,5,24,5,0,5
2025-11-08,Maceoo Aria,5329.03,5496.41,-167.38,0,15,29,6,6,13
2025-11-08,Maceoo PR,3667.82,3703.48,-35.66,0,8,25,5,3,7
2025-11-08,Maceoo MGM,10435.03,13819.95,-1286.36,-2098.56,21,55,8,6,15
2025-11-08,Maceoo Biloxi,1119.49,1177.04,-57.55,0,6,9,1,4,6
2025-11-08,Maceoo Hollywood FL,24842.51,25863.12,-1020.61,0,28,68,7,8,16
2025-11-08,Maceoo Cosmo,8064.6,8613.92,-549.32,0,18,49,9,6,16
2025-11-08,Maceoo Tampa,2546.58,2843.42,-15.9,-280.94,13,26,1,7,9
2025-11-08,Maceoo Atlantic,23527.12,31112.28,-6522.52,-1062.64,37,257,19,14,32
2025-11-09,Maceoo Cosmo,7380.89,7380.89,0,0,6,17,4,1,6
2025-11-09,Maceoo MGM,1599.85,1941.05,-182.32,-158.88,4,7,3,0,4
2025-11-09,Maceoo Atlantic,10470.68,10477.44,-6.76,0,13,54,3,8,12
2025-11-09,Maceoo Aria,28223.77,29074.02,-688.19,-162.06,13,57,6,6,11
2025-11-09,Maceoo PR,2215.28,2374.16,0,-158.88,6,10,5,1,6
2025-11-09,Maceoo Resorts World Las Vegas,770.62,865.47,-94.85,0,4,10,2,1,3
2025-11-09,Maceoo Hollywood FL,7523.13,8879.15,-758.26,-597.76,17,46,8,7,16
2025-11-09,Online Store,5036.77,5712.48,-675.71,0,21,31,8,13,20
2025-11-09,Maceoo Biloxi,486.76,506.64,-19.88,0,3,3,0,3,3
2025-11-09,Maceoo Tampa,2001.97,2167.71,-165.74,0,7,15,0,3,4
2025-11-10,Maceoo Aria,4032.68,4257.76,-225.08,0,9,26,4,5,8
2025-11-10,Maceoo Atlantic,355.76,553.76,0,-198,3,5,1,2,3
2025-11-10,Maceoo Cosmo,4023.4,4096.11,-72.71,0,6,16,4,2,6
2025-11-10,Maceoo Biloxi,438.87,590.33,-53.46,-98,4,4,1,2,3
2025-11-10,Online Store,4039.8,4379.86,-268.68,-71.38,14,20,8,6,14
2025-11-10,Maceoo Tampa,3277.82,3688.53,-57.79,-352.92,10,23,4,4,9
2025-11-10,Maceoo Hollywood FL,8105.09,8234.07,-128.98,0,12,40,2,6,9
2025-11-10,Maceoo PR,457.64,457.64,0,0,2,3,1,1,2
2025-11-10,Maceoo MGM,5375.62,6269.66,-894.04,0,6,12,3,2,5
2025-11-11,Maceoo Resorts World Las Vegas,1990.55,2110.32,-119.77,0,4,11,3,1,3
2025-11-11,Maceoo Cosmo,4008.54,4647.64,-639.1,0,4,14,4,0,4
2025-11-11,Maceoo Hollywood FL,2235.88,2454.96,-219.08,0,5,12,3,1,5
2025-11-11,Online Store,3904.67,4054.67,-150,0,15,23,8,6,14
2025-11-11,Maceoo PR,1059.74,1089.4,-29.66,0,2,8,1,1,2
2025-11-11,Maceoo MGM,2817.94,2952.58,-134.64,0,8,21,4,3,8
2025-11-11,Maceoo Aria,833.16,870.46,-37.3,0,5,8,0,4,5
2025-11-11,Maceoo Biloxi,349,387.76,-38.76,0,1,2,1,0,1
2025-11-11,Maceoo Tampa,7600.06,8072.05,-199.77,-272.22,13,25,3,6,9
2025-11-11,Maceoo Atlantic,2175.02,2175.02,0,0,7,13,1,5,6
2025-11-12,Maceoo Tampa,709.51,829.28,-119.77,0,2,4,1,0,2
2025-11-12,Maceoo Biloxi,333.76,2865.2,-2531.44,0,3,17,1,2,3
2025-11-12,Online Store,6920.5,7264.84,-366.86,22.52,16,26,12,4,16
2025-11-12,Maceoo Resorts World Las Vegas,1344.12,1344.12,0,0,1,3,0,1,1
2025-11-12,Maceoo Cosmo,3822.68,3891.56,-68.88,0,2,13,2,0,2
2025-11-12,Maceoo Aria,1788.83,1788.83,0,0,8,20,3,3,7
2025-11-12,Maceoo MGM,4213.31,4213.31,0,0,12,30,6,1,8
2025-11-12,Maceoo Hollywood FL,10157.83,10262.81,-104.98,0,11,38,2,3,6
2025-11-12,Maceoo Atlantic,5431.72,6889.16,-1298.44,-159,10,24,2,7,9
2025-11-13,Maceoo Biloxi,11703.95,12603.48,-899.53,0,37,65,9,22,32
2025-11-13,Online Store,2690.14,7528.86,-2395.62,-2443.1,20,13,9,10,19
2025-11-13,Maceoo Aria,15553.09,18465.25,-197.76,-2714.4,11,25,5,5,10
2025-11-13,Maceoo MGM,6865.09,8085.22,-1031.25,-188.88,15,41,7,1,9
2025-11-13,Maceoo Cosmo,4610.21,4809.97,-199.76,0,8,20,5,3,8
2025-11-13,Maceoo Tampa,2003.64,2036.64,-33,0,2,4,0,2,2
2025-11-13,Maceoo Resorts World Las Vegas,2035.44,2035.44,0,0,3,9,2,1,3
2025-11-13,Maceoo Hollywood FL,2467.21,2566.09,-98.88,0,9,25,5,2,8
2025-11-13,Maceoo Atlantic,547.92,547.92,0,0,2,4,0,2,2
2025-11-14,Maceoo Resorts World Las Vegas,2951.63,3151.4,-199.77,0,4,9,3,1,4
2025-11-14,Maceoo Biloxi,9124.89,10494.04,-1077.85,-291.3,31,74,4,20,25
2025-11-14,Maceoo MGM,3431.75,3968.7,-536.95,0,7,20,4,1,6
2025-11-14,Maceoo Atlantic,2037.12,2396.58,-60.58,-298.88,7,11,4,2,7
2025-11-14,Maceoo Cosmo,11405.84,11650.6,-244.76,0,9,34,7,1,9
2025-11-14,Online Store,9294.76,9319.76,-25,0,14,39,13,1,14
2025-11-14,Maceoo PR,783.52,783.52,0,0,3,5,1,2,3
2025-11-14,Maceoo Tampa,1798.28,1823.28,-25,0,5,10,1,2,4
2025-11-14,Maceoo Aria,6018.16,8112.25,-2094.09,0,6,23,5,0,6
2025-11-14,Maceoo Hollywood FL,4150.7,4400.62,-249.92,0,14,31,4,6,10
2025-11-15,Maceoo Atlantic,24780.05,35811.84,-86.27,-10945.52,18,139,5,10,16
2025-11-15,Maceoo Tampa,5285.61,5401.2,-115.59,0,11,28,2,6,9
2025-11-15,Maceoo Cosmo,6442.81,7048.57,-106.88,-498.88,14,38,9,4,14
2025-11-15,Maceoo Resorts World Las Vegas,1831.07,2026.94,-195.87,0,4,12,3,1,4
2025-11-15,Maceoo Aria,23669.26,24885.66,-425.37,-791.03,18,75,7,10,17
2025-11-15,Maceoo MGM,6528.43,7599.66,-1071.23,0,13,49,6,2,9
2025-11-15,Maceoo PR,6696.38,6844.04,-147.66,0,19,39,8,9,17
2025-11-15,Maceoo Biloxi,10665.65,13411.05,-993.12,-1752.28,25,59,8,13,22
2025-11-15,Online Store,5149.88,5620.96,-471.08,0,15,28,9,6,15
2025-11-15,Maceoo Hollywood FL,7975.43,8513.39,-339.96,-198,21,62,6,7,14
2025-11-15,WEB - Quiet LLC,170,188.88,-18.88,0,1,1,0,1,1
2025-11-16,Maceoo PR,5823.32,5823.32,0,0,5,20,1,3,4
2025-11-16,Maceoo Tampa,5243.48,5403.5,-35.8,-124.22,12,34,1,5,7
2025-11-16,Maceoo Atlantic,3141.04,3617.68,-476.64,0,7,16,3,3,7
2025-11-16,Maceoo Hollywood FL,4959.43,6448.71,-89.34,-1399.94,12,38,9,3,12
2025-11-16,Maceoo Aria,4700.2,5556.84,-538.88,-317.76,13,23,9,3,12
2025-11-16,Maceoo Resorts World Las Vegas,1337.71,1337.71,0,0,2,7,2,0,2
2025-11-16,Maceoo Cosmo,2235.44,2284.32,-48.88,0,7,14,5,2,6
2025-11-16,Online Store,6508.16,7222.92,-714.76,0,17,24,11,6,17
2025-11-16,Maceoo Biloxi,10036.98,11132.12,-689.62,-405.52,29,61,17,8,26
2025-11-16,Maceoo MGM,2414.87,2765.5,-350.63,0,9,17,4,2,7
2025-11-17,Maceoo Tampa,1232.43,1491.02,-115.71,-142.88,4,8,2,0,3
2025-11-17,Maceoo Hollywood FL,4595.68,4721.48,-125.8,0,7,30,4,3,7
2025-11-17,Online Store,6016.06,7244.96,-1055.02,-173.88,20,29,14,4,18
2025-11-17,Maceoo Cosmo,2416.36,2535.24,0,-118.88,8,17,5,2,8
2025-11-17,Maceoo PR,1100.52,1100.52,0,0,3,7,2,1,3
2025-11-17,Maceoo Resorts World Las Vegas,1901.62,1901.62,0,0,5,19,3,2,5
2025-11-17,Maceoo Aria,1104.66,1835.92,-231.48,-499.78,3,8,2,1,3
2025-11-17,Maceoo Atlantic,1010.64,1010.64,0,0,4,7,3,0,4
2025-11-17,Maceoo Biloxi,3269.6,3996.32,-159.96,-566.76,18,43,10,4,15
2025-11-17,Maceoo MGM,4304.95,4447.53,-142.58,0,10,22,7,0,8
2025-11-18,Maceoo PR,1339.28,1339.28,0,0,2,8,0,2,2
2025-11-18,Maceoo Aria,5592.34,10436.72,0,-4844.38,5,7,4,1,4
2025-11-18,Maceoo MGM,2934.07,3554.24,-620.17,0,7,16,5,0,6
2025-11-18,Maceoo Biloxi,1048.21,1064.09,-15.88,0,1,5,1,0,1
2025-11-18,Maceoo Resorts World Las Vegas,669.32,821.63,-152.31,0,2,6,2,0,2
2025-11-18,Maceoo Cosmo,1345.92,1345.92,0,0,5,12,4,1,5
2025-11-18,Maceoo Tampa,1221.4,2068.28,-400,-446.88,5,9,1,2,3
2025-11-18,Maceoo Hollywood FL,2001.8,2593.8,0,-592,5,19,1,3,4
2025-11-18,Online Store,4015.04,5131.56,-1116.52,0,16,20,8,8,16
2025-11-18,Maceoo Atlantic,2656.36,2725.24,0,-68.88,11,22,6,2,9
2025-11-19,Maceoo Aria,6543.14,6926.13,-194.11,-188.88,9,27,2,7,9
2025-11-19,Maceoo Atlantic,3575.61,3599.44,-23.83,0,13,23,7,3,10
2025-11-19,Maceoo Resorts World Las Vegas,787.35,814.9,-27.55,0,2,25,1,1,2
2025-11-19,Maceoo Tampa,2604.51,2804.28,-199.77,0,4,12,0,1,2
2025-11-19,Online Store,2196.66,3973.69,-1510.64,-266.39,14,10,7,7,14
2025-11-19,Maceoo PR,1085.76,1085.76,0,0,2,3,2,0,2
2025-11-19,Maceoo MGM,2248.68,3152.98,-904.3,0,4,14,0,3,4
2025-11-19,Maceoo Biloxi,581.68,581.68,0,0,3,5,2,1,3
2025-11-19,Maceoo Hollywood FL,724.97,744.74,-19.77,0,4,8,0,2,3
2025-11-19,Maceoo Cosmo,2735.89,3164.1,-226.25,-201.96,6,10,5,1,5
2025-11-20,Maceoo Aria,6117.25,6611.69,-494.44,0,13,33,6,4,11
2025-11-20,Maceoo Hollywood FL,2384.86,3774.38,-1389.52,0,13,31,8,4,13
2025-11-20,Maceoo PR,1161.76,1161.76,0,0,4,5,1,2,3
2025-11-20,Maceoo Cosmo,4422.47,5728.09,-388.64,-916.98,11,23,7,2,9
2025-11-20,Maceoo Tampa,1732.74,1860.23,-127.49,0,3,7,3,0,3
2025-11-20,Maceoo Resorts World Las Vegas,1187.34,1297.85,-110.51,0,2,8,1,1,2
2025-11-20,Maceoo Biloxi,148.32,163.78,-15.46,0,2,3,2,0,2
2025-11-20,Maceoo Atlantic,1432.11,1781.64,-31.77,-317.76,5,4,2,2,5
2025-11-20,Maceoo MGM,5488.6,5653.04,-164.44,0,13,42,6,0,7
2025-11-20,Online Store,3089.65,3340.92,-251.27,0,11,17,7,4,11
2025-11-21,Maceoo MGM,8017.91,8856.1,-838.19,0,21,54,6,4,10
2025-11-21,Maceoo Aria,21440.61,23656.19,-823.96,-1391.62,29,88,16,7,23
2025-11-21,Maceoo Cosmo,12103.64,12606.82,-226.88,-276.3,27,75,20,4,23
2025-11-21,Online Store,2953.69,4084.21,-1130.52,0,12,18,5,7,12
2025-11-21,Maceoo Resorts World Las Vegas,711.38,711.38,0,0,1,2,1,0,1
2025-11-21,WEB - Quiet LLC,0,188.88,-188.88,0,1,1,0,1,1
2025-11-21,Maceoo Hollywood FL,18868.95,24720.21,-2780.89,-3070.37,19,70,5,6,11
2025-11-21,Maceoo Tampa,5875.66,8352.3,-2476.64,0,8,40,4,3,8
2025-11-21,Maceoo PR,1139.4,1269.28,0,-129.88,5,8,1,4,4
2025-11-21,Maceoo Biloxi,564.09,608.97,-44.88,0,8,12,3,4,6
2025-11-21,Maceoo Atlantic,2907.24,2987.72,-80.48,0,11,18,5,4,10
2025-11-22,Online Store,6629.84,7298.4,-668.56,0,23,30,14,9,22
2025-11-22,Maceoo Hollywood FL,9616.26,9985.72,-369.46,0,22,55,2,11,14
2025-11-22,Maceoo Tampa,3674.28,4320.84,-646.56,0,11,24,2,4,7
2025-11-22,Maceoo MGM,25921.93,27492.73,-1570.8,0,33,89,11,2,14
2025-11-22,Maceoo Resorts World Las Vegas,6230.89,6575.91,-345.02,0,7,26,5,1,6
2025-11-22,Maceoo Aria,20370.32,21411.64,-852.44,-188.88,39,113,21,10,32
2025-11-22,Maceoo Biloxi,1574.39,1677.85,-103.46,0,6,16,3,2,6
2025-11-22,Maceoo Atlantic,8549.21,9779.36,-33.27,-1196.88,20,43,4,11,16
2025-11-22,Maceoo PR,2993.28,2993.28,0,0,7,16,5,2,7
2025-11-22,Maceoo Cosmo,15352.84,15556.6,-203.76,0,37,88,26,4,31
2025-11-23,Maceoo Resorts World Las Vegas,752.04,839.26,-87.22,0,4,7,4,0,4
2025-11-23,Maceoo Hollywood FL,11380.96,16781.27,-2255.91,-3144.4,18,56,5,8,13
2025-11-23,Maceoo Cosmo,5170.26,5203.26,-33,0,13,32,9,3,11
2025-11-23,Maceoo Atlantic,2472.86,2559.32,-86.46,0,9,16,5,2,8
2025-11-23,Maceoo MGM,3684.17,4059,-374.83,0,8,18,7,1,8
2025-11-23,Maceoo Aria,3765.37,3970.25,-204.88,0,18,30,5,4,9
2025-11-23,Maceoo PR,3786.8,3786.8,0,0,9,21,1,7,8
2025-11-23,Maceoo Tampa,2066.69,2669.88,-603.19,0,7,15,2,2,5
2025-11-23,Maceoo Biloxi,863.82,992.7,0,-128.88,1,3,0,1,1
2025-11-23,Online Store,11168.72,16181.52,-5012.8,0,27,80,12,14,26
2025-11-24,Maceoo Aria,3199.97,4360.65,-530.57,-630.11,11,23,7,4,11
2025-11-24,WEB - Quiet LLC,427.4,474.88,-47.48,0,3,3,0,3,3
2025-11-24,Maceoo PR,1426.74,1853.34,-110.6,-316,7,11,3,4,7
2025-11-24,Maceoo Cosmo,4207.83,4207.83,0,0,10,23,8,2,10
2025-11-24,Maceoo MGM,1561.01,1654.92,-93.91,0,6,12,5,0,6
2025-11-24,Online Store,45543.78,88926.96,-32149.02,-11234.16,167,425,54,101,155
2025-11-24,Maceoo Biloxi,5285.26,5700.31,-415.05,0,4,77,0,4,4
2025-11-24,Maceoo Atlantic,2377.62,3242.78,-865.16,0,4,15,2,1,4
2025-11-24,Maceoo Tampa,9764.8,16607.25,-6513.12,-329.33,17,80,3,10,14
2025-11-24,Maceoo Hollywood FL,3967.93,4712.09,-601.16,-143,6,25,2,3,5
2025-11-25,Maceoo MGM,5133.42,5467.03,-333.61,0,10,66,4,2,7
2025-11-25,Maceoo PR,263.43,5179.78,-1228.43,-3687.92,7,13,3,3,6
2025-11-25,Maceoo Hollywood FL,2392.4,2403.02,-10.62,0,6,19,3,1,5
2025-11-25,Maceoo Tampa,2026.37,2703.18,-676.81,0,6,21,0,4,5
2025-11-25,Maceoo Atlantic,4342.65,4558.41,-56.76,-159,10,25,5,4,9
2025-11-25,Maceoo Biloxi,3870.37,4450.15,-579.78,0,11,30,4,3,7
2025-11-25,Maceoo Aria,1519.11,2263.04,-217.93,-526,8,11,2,4,6
2025-11-25,Maceoo Resorts World Las Vegas,488.56,506.22,-17.66,0,3,7,3,0,3
2025-11-25,Online Store,38583.02,53630.68,-14944.38,-103.28,177,274,113,60,173
2025-11-25,Maceoo Cosmo,-1187.71,344.23,0,-1531.94,1,-1,0,1,1
2025-11-26,Maceoo Biloxi,2205.05,4360.82,-1768.01,-387.76,6,20,4,2,5
2025-11-26,Maceoo Atlantic,7254.98,7452.98,0,-198,4,11,4,0,4
2025-11-26,Maceoo Aria,4287.8,5916.14,-1628.34,0,7,44,2,4,7
2025-11-26,Maceoo Resorts World Las Vegas,179,198.88,-19.88,0,1,1,0,1,1
2025-11-26,Maceoo PR,834.38,1406.62,-111.2,-461.04,3,8,1,2,3
2025-11-26,Maceoo MGM,1457.48,1656.28,-198.8,0,6,11,2,1,4
2025-11-26,Maceoo Cosmo,1365.09,1940.97,-575.88,0,2,9,1,1,2
2025-11-26,Maceoo Tampa,2558.14,3968.12,-1130.55,-279.43,11,27,4,1,6
2025-11-26,Maceoo Hollywood FL,4627.84,4892.14,-264.3,0,12,40,7,4,11
2025-11-26,Online Store,47959.1,67174.31,-19215.21,0,221,381,151,67,217
2025-11-27,Maceoo Hollywood FL,6190.8,6190.8,0,0,14,32,8,5,11
2025-11-27,Maceoo Cosmo,5674.72,7289.93,-1615.21,0,8,25,4,4,8
2025-11-27,Maceoo Aria,5634.32,7905.66,-2271.34,0,9,28,4,4,8
2025-11-27,Maceoo Biloxi,1785.8,1893.44,-107.64,0,4,10,2,1,4
2025-11-27,Maceoo Atlantic,1493.32,1493.32,0,0,6,15,5,1,6
2025-11-27,Maceoo Tampa,2064.96,3003.2,-779.36,-158.88,6,14,0,1,2
2025-11-27,Maceoo MGM,2367.33,3099.07,-731.74,0,6,55,4,0,5
2025-11-27,Maceoo Resorts World Las Vegas,122.78,188.88,-66.1,0,1,1,0,1,1
2025-11-27,Online Store,37537.56,52673.98,-13865.78,-1270.64,217,350,166,48,213
2025-11-28,Maceoo Tampa,3763.02,5290.86,-942.08,-585.76,16,34,4,8,13
2025-11-28,Maceoo Atlantic,7084.2,7652.66,-281.58,-286.88,15,37,6,7,13
2025-11-28,Maceoo Cosmo,6850.53,8507.02,-1656.49,0,14,34,10,2,13
2025-11-28,WEB - Quiet LLC,0,300,-300,0,1,1,0,1,1
2025-11-28,Maceoo MGM,2721.66,4239.17,-1385.29,-132.22,13,33,3,2,6
2025-11-28,Maceoo Hollywood FL,13878.75,14221.17,-342.42,0,21,61,7,9,17
2025-11-28,Maceoo Resorts World Las Vegas,130.29,162.06,-31.77,0,1,2,1,0,1
2025-11-28,Online Store,97247.93,133829.7,-36581.77,0,492,758,361,128,487
2025-11-28,Maceoo Biloxi,2319.3,2445.05,-125.75,0,6,17,4,2,6
2025-11-28,Maceoo Aria,22787.26,28822.19,-4736.05,-1298.88,25,127,11,12,22
2025-11-28,Maceoo PR,9456.41,14685.94,-5229.53,0,39,90,16,21,35
2025-11-29,WEB - Quiet LLC,124.2,138,-13.8,0,1,1,0,1,1
2025-11-29,Maceoo MGM,4163.91,5313.27,-1149.36,0,10,25,2,2,5
2025-11-29,Maceoo Hollywood FL,15182.11,16559.16,-486.57,-890.48,33,84,17,12,29
2025-11-29,Maceoo Tampa,7651.48,9728.48,-1940.87,-136.13,17,51,6,7,14
2025-11-29,Maceoo Biloxi,401.89,613.65,-211.76,0,4,7,1,3,4
2025-11-29,Online Store,48359.16,64641.12,-16281.96,0,266,390,204,53,256
2025-11-29,Maceoo PR,4753.21,7685.88,-2932.67,0,17,48,6,9,15
2025-11-29,Maceoo Cosmo,3531.78,6313.46,-1368.93,-1412.75,10,21,2,6,8
2025-11-29,Maceoo Resorts World Las Vegas,1221.72,1221.72,0,0,2,4,1,1,1
2025-11-29,Maceoo Atlantic,3651.08,3808.34,-19.26,-138,13,28,6,6,12
2025-11-29,Maceoo Aria,5147.97,10074.61,-4926.64,0,31,123,12,17,30
2025-11-30,WEB - Quiet LLC,49.7,55.22,-5.52,0,1,1,0,1,1
2025-11-30,Maceoo PR,5227.8,8219.44,-2925.53,-66.11,13,49,2,10,12
2025-11-30,Maceoo MGM,1910.43,2230.33,-319.9,0,3,5,2,0,3
2025-11-30,Maceoo Hollywood FL,13001.89,16714.97,-887.53,-2825.55,17,56,8,5,13
2025-11-30,Maceoo Atlantic,2355.5,3777.56,-785.42,-636.64,10,27,3,7,10
2025-11-30,Maceoo Aria,3865.1,4310.32,-445.22,0,10,16,5,5,10
2025-11-30,Maceoo Biloxi,1357.1,1480.06,-122.96,0,5,13,0,3,4
2025-11-30,Maceoo Tampa,5600.05,6077.46,-477.41,0,15,39,2,10,12
2025-11-30,Maceoo Cosmo,7699.44,8036.96,-202.66,-134.86,9,17,6,2,7
2025-11-30,Online Store,56314.19,74918.54,-18604.35,0,244,417,194,45,239
2025-12-01,Maceoo Resorts World Las Vegas,4041.32,5003.48,-962.16,0,2,26,2,0,2
2025-12-01,Maceoo MGM,1567.63,1802.94,-235.31,0,7,15,4,1,6
2025-12-01,Online Store,64720.8,85405.54,-20684.74,0,324,470,251,71,320
2025-12-01,Maceoo Tampa,4435.25,6364.8,-93.97,-1835.58,6,21,1,4,5
2025-12-01,Maceoo Aria,2705.35,3072.53,-367.18,0,7,15,3,3,7
2025-12-01,Maceoo Atlantic,2621.6,2767.92,-146.32,0,11,-80,3,5,7
2025-12-01,Maceoo Biloxi,980.62,1000.83,-20.21,0,6,13,3,3,6
2025-12-01,Maceoo PR,3577.72,4049.62,-343.02,-128.88,7,22,1,6,7
2025-12-01,Maceoo Hollywood FL,1302.24,1436.5,-134.26,0,5,14,3,2,5
2025-12-02,Maceoo Atlantic,1879.52,2128.4,0,-248.88,5,8,0,3,4
2025-12-02,Maceoo PR,505.42,574.64,0,-69.22,1,3,1,0,1
2025-12-02,Maceoo MGM,1387.72,1570.81,-183.09,0,3,8,2,0,3
2025-12-02,Online Store,23222.27,26317.32,-3095.05,0,150,169,132,18,150
2025-12-02,Maceoo Aria,4135.77,4364.26,-228.49,0,7,17,4,2,7
2025-12-02,Maceoo Tampa,2870.66,3059.54,-188.88,0,6,22,0,3,4
2025-12-02,Maceoo Biloxi,350.87,350.87,0,0,3,6,0,1,2
2025-12-02,Maceoo Resorts World Las Vegas,68.88,68.88,0,0,1,1,1,0,1
2025-12-02,Maceoo Hollywood FL,505.17,1267.13,-242.1,-519.86,5,10,1,3,5
2025-12-02,Maceoo Cosmo,2600.11,2926.15,-227.16,-98.88,2,6,0,2,2
2025-12-03,Maceoo Biloxi,26,28.88,-2.88,0,1,1,0,1,1
2025-12-03,Maceoo Tampa,1672.16,1728.82,-56.66,0,6,9,0,6,6
2025-12-03,Maceoo Cosmo,3005.54,3005.54,0,0,5,15,2,2,5
2025-12-03,Online Store,2187.77,13810.67,-1719,-9903.9,102,96,96,5,101
2025-12-03,Maceoo Atlantic,1141.22,1369.32,0,-228.1,7,8,2,2,5
2025-12-03,Maceoo Hollywood FL,4568.71,5158.5,-589.79,0,9,17,5,2,8
2025-12-03,Maceoo PR,1298.64,1589.74,-291.1,0,4,9,3,1,4
2025-12-03,Maceoo MGM,1502.51,1613.84,-111.33,0,5,7,3,0,4
2025-12-03,Maceoo Resorts World Las Vegas,587.28,587.28,0,0,1,4,1,0,1
2025-12-03,Maceoo Aria,2093.14,2730.66,-313.64,-323.88,10,14,3,5,8
2025-12-04,Maceoo Hollywood FL,4216.84,4285.72,-68.88,0,12,25,6,6,12
2025-12-04,Maceoo Biloxi,27.69,27.69,0,0,1,2,0,1,1
2025-12-04,Maceoo Atlantic,328.21,518.86,-31.77,-158.88,3,3,1,1,2
2025-12-04,Maceoo Tampa,2051.84,2134.84,-83,0,3,5,1,2,3
2025-12-04,Maceoo Resorts World Las Vegas,802.35,921.95,-119.6,0,3,26,1,2,3
2025-12-04,Maceoo PR,2689.14,3281.24,-433.22,-158.88,8,17,4,4,8
2025-12-04,Maceoo MGM,3050.48,3525.58,-475.1,0,5,10,4,1,5
2025-12-04,Maceoo Cosmo,2114.64,2372.4,-257.76,0,4,7,2,2,4
2025-12-04,Maceoo Aria,7187.95,8710.41,-197.6,-1324.86,9,159,3,5,8
2025-12-04,Online Store,10722.23,12699.37,-1417.18,-559.96,54,65,48,6,54
2025-12-05,Maceoo Biloxi,1220.43,1556.38,-165.95,-170,4,11,3,1,4
2025-12-05,Online Store,7905.1,9131.86,-1226.76,0,50,55,45,5,50
2025-12-05,Maceoo Aria,8742.42,10491.68,-1749.26,0,20,40,12,7,19
2025-12-05,Maceoo Tampa,3644,3644,0,0,9,12,4,3,8
2025-12-05,Maceoo Hollywood FL,6996.37,7425.46,-429.09,0,20,43,8,7,16
2025-12-05,Maceoo Resorts World Las Vegas,201.96,201.96,0,0,1,2,0,1,1
2025-12-05,Maceoo PR,3518.94,4358.24,-650.42,-188.88,17,24,10,7,14
2025-12-05,Maceoo Atlantic,1437.4,1636.28,-0.88,-198,5,8,1,3,5
2025-12-05,Maceoo Cosmo,8759.5,9448.38,0,-688.88,12,22,8,3,11
2025-12-05,Maceoo MGM,3086.75,3313.72,-226.97,0,9,16,5,4,9
2025-12-06,Maceoo Cosmo,13001.98,15315.44,-1140.7,-1172.76,11,41,7,4,11
2025-12-06,Maceoo Atlantic,3974.6,5261.86,0,-1287.26,17,31,8,7,16
2025-12-06,Maceoo Aria,16779.65,23140.1,-4770.45,-1590,29,113,13,11,24
2025-12-06,Maceoo MGM,10111.61,23605.45,-6986.39,-6507.45,15,35,6,8,13
2025-12-06,Maceoo Resorts World Las Vegas,4186.58,4561.93,-375.35,0,9,24,5,3,7
2025-12-06,Maceoo Biloxi,1677.63,2012.81,-335.18,0,7,15,2,3,6
2025-12-06,Maceoo Hollywood FL,9512.86,9732.74,-219.88,0,19,32,10,7,18
2025-12-06,Maceoo PR,3168.68,3645.56,-476.88,0,10,23,3,7,9
2025-12-06,Online Store,10752.34,12052.05,-1299.71,0,68,74,58,9,67
2025-12-06,Maceoo Tampa,5206.78,5331.28,-124.5,0,14,99,2,5,8
2025-12-07,Online Store,13936.39,15431.79,-1495.4,0,62,94,54,8,62
2025-12-07,Maceoo MGM,2884.89,3242.2,-198.43,-158.88,8,13,5,1,7
2025-12-07,Maceoo Cosmo,2514.92,2514.92,0,0,5,11,4,1,5
2025-12-07,Maceoo Hollywood FL,55261,56424.44,-765.68,-397.76,20,178,9,7,15
2025-12-07,Maceoo Tampa,2532.68,3128.68,0,-596,9,15,2,1,4
2025-12-07,Maceoo Aria,3406.45,3484,-77.55,0,8,11,5,3,8
2025-12-07,Maceoo Resorts World Las Vegas,1878.72,2082.49,-203.77,0,4,11,4,0,4
2025-12-07,Maceoo Biloxi,202.1,202.1,0,0,1,2,1,0,1
2025-12-07,Maceoo PR,10823.77,12361.88,-1538.11,0,34,83,13,17,30
2025-12-07,Maceoo Atlantic,2916.41,2984.9,-68.49,0,8,22,2,6,8
2025-12-08,Maceoo Resorts World Las Vegas,2284.81,2431.03,-146.22,0,5,11,4,1,5
2025-12-08,Maceoo Biloxi,1043.27,1235.94,-3.79,-188.88,3,8,2,1,3
2025-12-08,Maceoo PR,1210.98,1305.42,0,-94.44,4,7,1,3,4
2025-12-08,Online Store,10352.5,12349.57,-1892.12,-104.95,62,70,52,9,61
2025-12-08,Maceoo Hollywood FL,14036.56,14153.44,-116.88,0,18,35,4,9,14
2025-12-08,Maceoo Atlantic,4302.08,4302.08,0,0,12,24,5,5,11
2025-12-08,Maceoo Aria,11694.41,12039.24,-344.83,0,8,58,4,3,7
2025-12-08,Maceoo MGM,740.38,1133.7,-393.32,0,4,7,2,1,4
2025-12-08,Maceoo Cosmo,348.96,348.96,0,0,2,3,2,0,2
2025-12-08,Maceoo Tampa,1684.8,2034.9,-350.1,0,5,11,1,2,4
2025-12-09,Maceoo MGM,2315.17,3836.52,-1521.35,0,9,31,5,2,8
2025-12-09,Maceoo Biloxi,6590.48,6822.96,-232.48,0,19,40,9,8,16
2025-12-09,Maceoo Atlantic,3127.06,3240.74,-113.68,0,11,16,4,2,6
2025-12-09,Maceoo PR,4945.88,5637.86,-199.22,-492.76,12,34,3,6,9
2025-12-09,Maceoo Hollywood FL,18282.16,20333.48,-2051.32,0,22,42,6,8,14
2025-12-09,Maceoo Aria,8270.32,9922.64,-1652.32,0,11,32,8,3,11
2025-12-09,Online Store,11406.8,17772.24,-3016.17,-3349.27,67,59,47,19,64
2025-12-09,Maceoo Cosmo,1317.64,1317.64,0,0,4,9,2,2,4
2025-12-09,Maceoo Resorts World Las Vegas,84.05,189.1,-105.05,0,2,2,2,0,2
2025-12-09,Maceoo Tampa,2615.34,3306.38,-691.04,0,10,23,0,7,8
2025-12-10,Maceoo Biloxi,8838.96,9942.22,-914.38,-188.88,21,58,10,7,18
2025-12-10,Maceoo Cosmo,1558.58,1558.58,0,0,4,5,4,0,4
2025-12-10,Online Store,13356.11,16128.62,-2592.52,-179.99,83,87,70,13,83
2025-12-10,Maceoo PR,4335.46,4607.34,-83,-188.88,11,24,5,5,11
2025-12-10,Maceoo Resorts World Las Vegas,944.06,1215.98,-271.92,0,2,14,1,1,2
2025-12-10,Maceoo MGM,1525.65,1598.98,-73.33,0,5,22,3,1,5
2025-12-10,Maceoo Tampa,1614.86,1614.86,0,0,4,10,0,1,2
2025-12-10,Maceoo Aria,2066.4,2067.28,-0.88,0,5,6,5,0,5
2025-12-10,Maceoo Hollywood FL,3127.42,3128.92,-1.5,0,9,12,0,3,4
2025-12-10,Maceoo Atlantic,516.76,516.76,0,0,3,3,0,0,1
2025-12-11,Maceoo Aria,3872.81,4676.94,-804.13,0,13,25,6,6,13
2025-12-11,Maceoo Tampa,3029.33,3429.33,-110,-290,7,18,2,2,5
2025-12-11,Online Store,10669.09,11795.38,-581.21,-545.08,72,84,60,11,71
2025-12-11,Maceoo Cosmo,3074.3,3401.58,-327.28,0,5,16,1,4,4
2025-12-11,Maceoo Hollywood FL,7159.2,12331.94,-689.22,-4483.52,15,36,5,7,13
2025-12-11,Maceoo Biloxi,6486.01,6881.81,-395.8,0,16,31,6,8,13
2025-12-11,Maceoo PR,3483.78,3675.58,-191.8,0,11,17,7,3,10
2025-12-11,Maceoo Resorts World Las Vegas,183.89,184.89,-1,0,1,3,1,0,1
2025-12-11,Maceoo MGM,1723.46,1723.46,0,0,6,38,2,1,4
2025-12-11,Maceoo Atlantic,1652.64,1652.64,0,0,4,5,0,3,4
2025-12-12,Maceoo MGM,5268.68,8871.54,-1362.65,-2240.21,8,55,4,2,6
2025-12-12,Maceoo Aria,12545.1,13087.58,-542.48,0,19,45,12,6,18
2025-12-12,Maceoo Cosmo,4393.03,4542.69,-149.66,0,7,18,6,1,7
2025-12-12,Maceoo PR,3970.42,4836.64,-312.02,-554.2,13,26,6,5,12
2025-12-12,Maceoo Atlantic,10888.61,19613.05,-16.34,-8708.1,8,46,2,3,5
2025-12-12,WEB - Quiet LLC,0,0,0,0,0,-1,0,0,0
2025-12-12,Maceoo Hollywood FL,6861.28,7074.73,-213.45,0,15,36,2,9,12
2025-12-12,Maceoo Resorts World Las Vegas,276.41,315.29,-38.88,0,2,4,1,1,2
2025-12-12,Maceoo Biloxi,3861.01,4164.04,-100.93,-202.1,15,27,11,3,14
2025-12-12,Online Store,11773.41,14253.79,-1830.68,-649.7,66,65,58,8,66
2025-12-12,Maceoo Tampa,3527.47,3527.91,-0.44,0,8,53,3,3,7
2025-12-13,Online Store,16666.03,18067.2,-1401.17,0,90,113,74,16,90
2025-12-13,Maceoo Hollywood FL,14737.82,17253.22,-2386.52,-128.88,20,81,9,8,15
2025-12-13,Maceoo Aria,6655.21,9561.79,-689.43,-2217.15,14,45,5,7,10
2025-12-13,Maceoo Resorts World Las Vegas,2221.84,2221.84,0,0,4,18,3,1,4
2025-12-13,Maceoo PR,6231.54,7155.2,-79.44,-844.22,18,39,7,11,17
2025-12-13,Maceoo Biloxi,11854.13,14367.36,-1253.27,-1259.96,49,97,17,16,33
2025-12-13,Maceoo MGM,6941.92,7855.54,-913.62,0,13,23,10,3,12
2025-12-13,Maceoo Tampa,5229.82,5316.48,-86.66,0,14,29,6,3,9
2025-12-13,Maceoo Atlantic,12611.09,12765.53,-16,-138.44,13,28,1,9,11
2025-12-13,Maceoo Cosmo,2351.76,2568.64,-18.88,-198,11,14,7,3,11
2025-12-14,Maceoo Hollywood FL,8938.14,9862.04,-923.9,0,15,39,8,7,13
2025-12-14,Online Store,17719.77,19139.93,-1420.16,0,105,123,94,9,103
2025-12-14,Maceoo Aria,5615.33,5615.33,0,0,11,24,5,6,11
2025-12-14,Maceoo Tampa,4812.01,4831.34,-19.33,0,9,24,4,5,9
2025-12-14,Maceoo MGM,4773.4,5079.54,-306.14,0,8,14,5,1,6
2025-12-14,Maceoo Atlantic,2287.77,2406.9,-119.13,0,7,14,2,4,6
2025-12-14,Maceoo Biloxi,4927.12,6472.1,-307.87,-1237.11,19,42,10,5,16
2025-12-14,Maceoo PR,3572.34,4173.88,-601.54,0,13,28,9,4,12
2025-12-14,Maceoo Resorts World Las Vegas,1304.84,1631.04,-326.2,0,1,28,0,1,1
2025-12-14,Maceoo Cosmo,798.88,798.88,0,0,1,1,1,0,1
2025-12-15,Online Store,15306.45,15502.23,-195.78,0,76,94,69,6,75
2025-12-15,Maceoo Resorts World Las Vegas,204.45,204.45,0,0,1,2,1,0,1
2025-12-15,Maceoo Tampa,1508.81,1508.81,0,0,3,6,1,1,3
2025-12-15,Maceoo MGM,4075.83,4267.2,-191.37,0,3,7,1,1,3
2025-12-15,Maceoo Cosmo,424.31,424.31,0,0,2,5,2,0,2
2025-12-15,Maceoo Hollywood FL,1299.69,2374.9,-1075.21,0,8,18,2,3,6
2025-12-15,Maceoo Biloxi,223.08,549.98,-12.9,-314,1,2,1,0,1
2025-12-15,Maceoo Atlantic,535.76,1333.76,0,-798,2,4,0,2,2
2025-12-15,Maceoo PR,2744.58,3593.94,-352.76,-496.6,10,20,2,6,8
2025-12-15,Maceoo Aria,3092.37,3424.25,-33,-298.88,4,9,2,2,4
2025-12-16,Maceoo Hollywood FL,2347.75,3062.15,0,-714.4,8,17,4,2,7
2025-12-16,Maceoo Cosmo,1644.35,1720.18,-75.83,0,2,10,1,1,2
2025-12-16,Maceoo PR,2226.3,2464.62,-79.44,-158.88,6,15,3,3,6
2025-12-16,Maceoo Tampa,3434.74,3434.74,0,0,7,13,3,3,7
2025-12-16,Maceoo Aria,3995.05,4156.93,-161.88,0,9,15,3,4,7
2025-12-16,Maceoo MGM,1064.63,1064.63,0,0,5,31,2,1,4
2025-12-16,Online Store,14390.09,14732.31,-342.22,0,76,80,71,5,76
2025-12-16,Maceoo Biloxi,1980.91,1992.79,-11.88,0,4,8,2,2,4
2025-12-16,Maceoo Atlantic,1025.79,1042.91,-17.12,0,3,7,2,1,3
2025-12-17,Maceoo Biloxi,248.54,282.19,-33.65,0,4,6,1,2,4
2025-12-17,Maceoo Hollywood FL,5713.01,5911.01,-198,0,6,29,5,1,6
2025-12-17,Maceoo PR,4817.83,5566.8,-590.97,-158,16,29,5,11,16
2025-12-17,Maceoo Tampa,3673.97,4321.85,-191,-456.88,5,15,0,5,5
2025-12-17,Maceoo Atlantic,821.88,950.76,0,-128.88,4,5,0,3,3
2025-12-17,Maceoo Resorts World Las Vegas,502.57,502.57,0,0,1,2,0,1,1
2025-12-17,Online Store,6678.84,10459.73,-3067.21,-713.68,28,23,15,11,25
2025-12-17,Maceoo Cosmo,796.45,796.45,0,0,3,7,3,0,3
2025-12-17,Maceoo Aria,11847.1,16970.65,-5123.55,0,8,29,4,4,8
2025-12-17,Maceoo MGM,1143.63,1281.44,-137.81,0,4,12,2,1,4
2025-12-18,Maceoo Aria,534.88,732.88,0,-198,3,3,2,1,2
2025-12-18,Maceoo Atlantic,859.81,859.81,0,0,4,6,1,2,3
2025-12-18,Maceoo Biloxi,793.72,809.6,-15.88,0,3,6,2,1,3
2025-12-18,Maceoo Cosmo,7981.89,10939.97,-1836.08,-1122,9,27,4,4,7
2025-12-18,Maceoo Tampa,4056.72,4159.86,-103.14,0,10,23,4,5,9
2025-12-18,Maceoo Hollywood FL,6912.05,7526.05,-22,-592,8,26,4,4,8
2025-12-18,Maceoo PR,9701.52,10551.28,-70.66,-779.1,22,53,9,10,19
2025-12-18,Maceoo MGM,2207.59,2278.4,-70.81,0,6,30,6,0,6
2025-12-18,Maceoo Resorts World Las Vegas,0,138.88,-138.88,0,1,11,0,1,1
2025-12-18,Online Store,5059.24,9085.22,-3956.17,-69.81,29,30,6,22,28
2025-12-19,Maceoo PR,2525.88,2820.32,-294.44,0,13,19,8,5,12
2025-12-19,Maceoo Atlantic,1700.72,3082.64,-1381.92,0,7,12,2,4,7
2025-12-19,Maceoo Aria,1762.27,1852.27,-90,0,6,17,3,3,6
2025-12-19,Maceoo MGM,2076.75,3493.13,-502.92,-913.46,8,12,3,2,5
2025-12-19,Maceoo Cosmo,2108.45,2108.45,0,0,9,22,6,2,9
2025-12-19,Maceoo Biloxi,993.23,1014.37,-21.14,0,6,13,2,2,4
2025-12-19,Maceoo Tampa,2634.39,3075.47,-242.64,-198.44,9,14,3,2,6
2025-12-19,Online Store,192.34,3236.38,-1402.22,-1641.82,15,-14,6,9,15
2025-12-19,Maceoo Hollywood FL,5141.59,5412.18,-111.71,-158.88,13,31,8,4,13
2025-12-20,Maceoo Atlantic,36997.88,37663.96,-350.08,-316,21,40,6,8,15
2025-12-20,Maceoo PR,18464.14,19931.52,-623.86,-843.52,47,105,15,27,40
2025-12-20,Maceoo Aria,5591.73,5695.73,-104,0,8,16,3,5,7
2025-12-20,Online Store,3009.57,3318.45,-308.88,0,16,17,5,11,16
2025-12-20,Maceoo Hollywood FL,18883.54,19471.54,-588,0,25,79,15,9,25
2025-12-20,Maceoo MGM,1482.28,1550.81,-68.53,0,7,13,4,0,5
2025-12-20,Maceoo Resorts World Las Vegas,193.02,193.02,0,0,1,3,1,0,1
2025-12-20,Maceoo Cosmo,4240.22,4663.48,-74.38,-348.88,7,16,5,1,7
2025-12-20,Maceoo Biloxi,771.51,1074.19,-302.68,0,4,13,3,1,4
2025-12-20,Maceoo Tampa,5398.95,6193.59,-163.04,-631.6,7,18,2,4,7
2025-12-21,Maceoo PR,6623.22,7630.3,-849.08,-158,28,51,9,16,25
2025-12-21,Online Store,1403.05,2126.48,-723.43,0,8,11,5,3,8
2025-12-21,Maceoo Biloxi,3715.61,3802.45,-86.84,0,10,27,4,4,8
2025-12-21,Maceoo Aria,8283.79,16145.78,-1323.93,-6538.06,13,220,6,6,13
2025-12-21,WEB - Quiet LLC,107,118.88,-11.88,0,1,1,0,1,1
2025-12-21,Maceoo Atlantic,5544.46,6964.06,-823.81,-595.79,16,32,3,10,14
2025-12-21,Maceoo Hollywood FL,4825.48,5424.77,-599.29,0,12,40,5,6,12
2025-12-21,Maceoo Cosmo,1515.02,2336.14,0,-821.12,9,19,5,3,6
2025-12-21,Maceoo Tampa,6036.63,6675.09,-510.46,-128,14,32,3,6,10
2025-12-21,Maceoo MGM,2700.29,2746.55,-46.26,0,7,17,4,1,6
2025-12-22,Maceoo Biloxi,74.77,74.77,0,0,1,2,0,0,1
2025-12-22,Maceoo MGM,4138.08,4459.95,-321.87,0,7,24,2,3,6
2025-12-22,Maceoo Resorts World Las Vegas,492.8,579.76,-86.96,0,1,4,1,0,1
2025-12-22,Maceoo Atlantic,1568,3308.48,-262.81,-1477.67,4,7,1,2,3
2025-12-22,Maceoo Cosmo,2691.54,2691.54,0,0,6,15,3,2,6
2025-12-22,Maceoo Aria,28037.61,34951.94,-178.88,-6735.45,12,38,7,4,10
2025-12-22,Maceoo Hollywood FL,1792.86,2200.62,-50,-357.76,6,17,1,3,5
2025-12-22,Online Store,-968.98,5815.98,-231.92,-6553.04,15,0,7,7,14
2025-12-22,Maceoo PR,9972.04,11425.3,0,-1453.26,32,72,13,16,29
2025-12-22,Maceoo Tampa,6123.78,6123.78,0,0,5,12,2,2,5
2025-12-23,Online Store,2354.72,4016.62,-994,-667.9,7,7,3,4,7
2025-12-23,Maceoo MGM,4239.45,4549.09,-309.64,0,9,27,6,2,9
2025-12-23,Maceoo Atlantic,132.22,132.22,0,0,1,1,0,1,1
2025-12-23,Maceoo Aria,5618.33,5712.21,-93.88,0,8,21,6,1,7
2025-12-23,Maceoo Tampa,4436.5,6223.35,-148.91,-1637.94,11,24,5,5,11
2025-12-23,Maceoo Hollywood FL,2288.57,2536.44,-247.87,0,11,22,2,7,10
2025-12-23,Maceoo PR,12569.83,13838.88,-873.05,-396,37,82,13,24,36
2025-12-23,Maceoo Cosmo,5776.86,8377.83,-1584.4,-1016.57,4,13,1,2,4
2025-12-23,Maceoo Biloxi,796.65,831.65,-35,0,4,10,0,3,4
2025-12-24,Maceoo MGM,4348.85,6961.84,-132.38,-2480.61,10,49,5,3,7
2025-12-24,Maceoo Biloxi,421.08,429.88,-8.8,0,5,12,2,2,5
2025-12-24,Maceoo Aria,2963.76,3948.68,-563.04,-421.88,10,16,8,1,10
2025-12-24,Maceoo Resorts World Las Vegas,1148.61,1467.23,-318.62,0,2,11,1,1,2
2025-12-24,Online Store,2498.82,3245.32,-540.52,-205.98,12,16,2,10,12
2025-12-24,Maceoo Hollywood FL,4739.51,5053.33,-154.94,-158.88,16,38,6,5,12
2025-12-24,Maceoo Cosmo,1248.8,1248.8,0,0,3,7,3,0,3
2025-12-24,Maceoo Tampa,2475.72,2515.49,-39.77,0,8,14,2,3,6
2025-12-24,Maceoo PR,11621.83,12718.74,-779.15,-317.76,43,80,13,24,33
2025-12-24,Maceoo Atlantic,2139.29,2381.51,0,-242.22,6,8,2,3,5
2025-12-25,Maceoo Hollywood FL,3932.64,4185.21,-109.58,-142.99,10,31,8,2,9
2025-12-25,Maceoo Resorts World Las Vegas,163.33,163.33,0,0,1,2,1,0,1
2025-12-25,Maceoo Aria,9072.2,9539.51,-467.31,0,7,12,6,1,7
2025-12-25,Online Store,4362.68,4387.68,-25,0,9,17,2,6,8
2025-12-25,Maceoo Cosmo,3191.68,4012.93,0,-821.25,5,10,3,2,4
2025-12-25,Maceoo Tampa,3433.37,5844.55,-216.3,-2194.88,8,22,4,3,8
2025-12-25,Maceoo Biloxi,1359.88,1391.76,-31.88,0,6,14,1,0,2
2025-12-25,Maceoo Atlantic,5772.95,5951.9,-178.95,0,13,29,6,6,11
2025-12-25,Maceoo MGM,670.8,678.92,-8.12,0,4,7,2,0,3
2025-12-26,Maceoo Atlantic,1796.02,3349.48,-497.07,-1056.39,10,18,4,6,10
2025-12-26,Maceoo Hollywood FL,7993.11,9561.95,-1220.84,-348,21,47,6,10,17
2025-12-26,Maceoo MGM,9419.7,11869.75,-2450.05,0,15,70,3,6,10
2025-12-26,Maceoo PR,5318.04,8545.4,-793.4,-2433.96,17,36,6,9,15
2025-12-26,Maceoo Biloxi,2859.56,3170.44,-310.88,0,11,28,3,3,7
2025-12-26,Online Store,3750.08,5791.8,-2041.72,0,10,22,4,6,10
2025-12-26,Maceoo Tampa,3995.83,5198.3,-253.34,-949.13,16,30,3,6,10
2025-12-26,Maceoo Cosmo,1033.53,1033.53,0,0,5,9,4,1,5
2025-12-26,Maceoo Aria,7982.7,8927.29,-645.71,-298.88,11,28,4,7,10
2025-12-26,Maceoo Resorts World Las Vegas,1265.75,1335.35,-69.6,0,2,6,0,2,2
2025-12-27,Maceoo Atlantic,5292.19,7926.69,-318.01,-2316.49,19,31,6,8,14
2025-12-27,Maceoo Biloxi,363.74,363.74,0,0,4,7,2,1,4
2025-12-27,Maceoo Aria,6387.51,6414.27,-26.76,0,13,35,6,7,11
2025-12-27,Maceoo Tampa,4377.26,7513.42,-201.52,-2934.64,10,21,2,4,7
2025-12-27,Maceoo PR,1821.56,2338.16,-119.3,-397.3,5,11,2,3,5
2025-12-27,Maceoo Resorts World Las Vegas,506.4,506.4,0,0,2,3,1,1,2
2025-12-27,Maceoo Cosmo,2668.22,2690.42,-22.2,0,7,20,5,2,7
2025-12-27,Maceoo Hollywood FL,12278.95,13895.5,-1616.55,0,19,54,9,8,18
2025-12-27,Maceoo MGM,1197.53,1381.76,-184.23,0,7,13,6,0,7
2025-12-27,Online Store,1348.92,1856.68,-507.76,0,11,12,5,6,11
2025-12-28,Maceoo Biloxi,1858.55,1993.09,-134.54,0,5,11,1,3,5
2025-12-28,Maceoo Tampa,5163.99,6178.51,0,-1014.52,5,16,1,3,5
2025-12-28,Maceoo Aria,6217.66,6698.76,-471.64,-9.46,13,30,8,5,13
2025-12-28,Maceoo PR,2497.6,3151.68,-337.2,-316.88,15,17,7,7,13
2025-12-28,Maceoo Atlantic,4598.13,5270.6,-672.47,0,10,19,1,8,9
2025-12-28,Maceoo Hollywood FL,15615.21,17051.47,-338.7,-1097.56,21,66,5,11,17
2025-12-28,Online Store,1842.5,2582.16,-421.88,-317.78,7,11,3,4,7
2025-12-28,WEB - Quiet LLC,170,188.88,-18.88,0,1,1,0,1,1
2025-12-28,Maceoo Cosmo,5601.42,5601.42,0,0,10,26,7,2,9
2025-12-28,Maceoo MGM,1695.4,1995.4,-300,0,4,7,3,0,4
2025-12-29,Maceoo Aria,11169.52,11947.88,-778.36,0,10,33,4,5,9
2025-12-29,Online Store,1293.4,2369.36,-1050.96,-25,10,14,3,7,10
2025-12-29,Maceoo Resorts World Las Vegas,1735.02,1735.02,0,0,1,3,1,0,1
2025-12-29,Maceoo Cosmo,2249.78,2349.78,-100,0,6,13,2,4,6
2025-12-29,Maceoo PR,4766,6192,-712.24,-713.76,10,31,6,3,8
2025-12-29,Maceoo Atlantic,1315.43,1475.52,-85.93,-74.16,6,10,4,1,6
2025-12-29,Maceoo Hollywood FL,14453.49,15648.68,-1037.19,-158,19,48,4,9,13
2025-12-29,Maceoo MGM,2011.87,2704.87,-693,0,8,20,4,2,7
2025-12-29,Maceoo Biloxi,1501.82,2054.29,-158.49,-393.98,4,9,3,1,4
2025-12-29,Maceoo Tampa,2704.46,3021.18,-118.72,-198,5,12,2,1,4
2025-12-30,Maceoo Resorts World Las Vegas,4249.69,4429.35,-179.66,0,7,17,2,4,6
2025-12-30,Maceoo Biloxi,483.49,503.29,-19.8,0,3,7,2,0,3
2025-12-30,Maceoo MGM,3735.21,4317.69,-582.48,0,12,26,6,3,10
2025-12-30,Maceoo PR,3243.79,7208.64,-930.2,-3034.65,20,27,8,10,18
2025-12-30,Maceoo Hollywood FL,19654.47,21716.11,-908.76,-1152.88,20,69,8,7,16
2025-12-30,Maceoo Atlantic,4498.52,4774.29,-29.7,-246.07,15,24,5,7,13
2025-12-30,Maceoo Cosmo,5548.7,6453.04,-177.7,-726.64,8,24,4,3,7
2025-12-30,Maceoo Aria,14101.47,14240.01,-138.54,0,23,54,8,12,19
2025-12-30,Online Store,590.72,2671.4,-1087.11,-993.57,7,0,3,4,6
2025-12-30,Maceoo Tampa,1538.36,1586.02,-47.66,0,5,7,3,0,4
2025-12-31,Maceoo Resorts World Las Vegas,4729.4,4787.4,-58,0,8,23,8,0,8
2025-12-31,Maceoo Cosmo,9796.93,9796.93,0,0,16,54,14,2,16
2025-12-31,Maceoo Biloxi,2696.55,2776.56,-60.01,-20,12,23,8,3,11
2025-12-31,Online Store,-872.72,2620.59,-1817.51,-1675.8,17,-32,3,13,16
2025-12-31,Maceoo Atlantic,8754.73,13647.6,-2930.71,-1962.16,26,57,8,10,18
2025-12-31,Maceoo MGM,12859.33,15997.45,-1021.61,-2116.51,28,91,11,5,16
2025-12-31,Maceoo PR,5680.96,6670.72,-643.09,-346.67,19,30,10,7,17
2025-12-31,Maceoo Tampa,6582.04,7026.04,0,-444,16,33,8,4,13
2025-12-31,Maceoo Hollywood FL,18080.59,19372.3,-1143.71,-148,24,75,10,11,21
2025-12-31,WEB - Quiet LLC,0,598.88,-598.88,0,1,0,0,1,1
2025-12-31,Maceoo Aria,43541.2,48517.14,-1285.37,-3690.57,52,106,25,22,43
2026-01-01,Maceoo MGM,8437.06,8815.11,-378.05,0,11,25,7,1,9
2026-01-01,Maceoo Cosmo,1876.66,1913.33,-36.67,0,9,20,6,2,9
2026-01-01,Maceoo Tampa,3573.69,4590.63,-418.94,-598,8,20,4,1,6
2026-01-01,Maceoo Aria,11586.05,13527.05,-344.12,-1596.88,19,46,11,8,18
2026-01-01,Online Store,2884.8,3133.68,-248.88,0,6,13,1,4,5
2026-01-01,Maceoo Hollywood FL,7237.96,7452.09,-214.13,0,16,41,3,6,10
2026-01-01,Maceoo Resorts World Las Vegas,2257.5,2557.04,-299.54,0,2,8,1,1,2
2026-01-01,Maceoo Biloxi,667.33,866.21,0,-198.88,2,5,1,0,2
2026-01-01,Maceoo Atlantic,4076.33,4553.33,-145.9,-331.1,10,20,4,5,10
2026-01-02,Maceoo PR,1148.28,1421.04,-272.76,0,6,9,3,2,5
2026-01-02,Maceoo MGM,3334.62,4756.78,-1053.23,-368.93,10,15,7,1,9
2026-01-02,Maceoo Hollywood FL,4768.67,5427.21,-370.54,-288,12,28,3,6,10
2026-01-02,Maceoo Aria,12226.91,12457.51,-230.6,0,17,45,5,10,15
2026-01-02,Online Store,4195.02,5529.24,-1346.39,12.17,14,27,5,7,12
2026-01-02,Maceoo Atlantic,1595.13,1626.9,-31.77,0,8,12,2,3,6
2026-01-02,Maceoo Biloxi,658.86,658.86,0,0,2,6,2,0,2
2026-01-02,Maceoo Cosmo,7832.21,8031.09,-198.88,0,8,27,4,3,7
2026-01-02,Maceoo Tampa,1859.41,2808.05,0,-948.64,7,8,1,2,3
2026-01-03,Maceoo Resorts World Las Vegas,419.65,419.65,0,0,3,5,3,0,3
2026-01-03,Maceoo Hollywood FL,12693.82,14003.72,-1309.9,0,16,49,8,7,15
2026-01-03,Maceoo Cosmo,4818.41,5006.17,-187.76,0,6,20,4,2,5
2026-01-03,Maceoo Tampa,434.61,820.15,-56.66,-328.88,8,14,1,1,3
2026-01-03,Online Store,4575.96,6134.72,-1558.76,0,10,26,3,7,10
2026-01-03,Maceoo MGM,1977.82,2140.32,-162.5,0,8,15,3,2,6
2026-01-03,Maceoo Aria,6000.87,8424.1,-2423.23,0,11,34,4,7,11
2026-01-03,Maceoo Biloxi,23306.21,27301.81,-1692.22,-2303.38,55,147,23,24,47
2026-01-03,Maceoo PR,1543.34,2993.68,-214.18,-1236.16,10,14,4,6,10
2026-01-03,Maceoo Atlantic,3001.08,5789.46,-548.48,-2239.9,10,20,4,5,9
2026-01-04,Online Store,6217.84,6545.72,-327.88,0,14,36,7,7,14
2026-01-04,Maceoo PR,389.96,795.4,-59.44,-346,4,4,3,1,4
2026-01-04,Maceoo Hollywood FL,7993.93,8230.78,-236.85,0,17,48,5,9,15
2026-01-04,Maceoo Resorts World Las Vegas,459.15,459.15,0,0,1,4,0,1,1
2026-01-04,Maceoo Cosmo,1768.37,1768.37,0,0,4,8,3,1,4
2026-01-04,Maceoo Biloxi,6344.16,6694.8,-350.64,0,21,44,10,9,20
2026-01-04,Maceoo Aria,8467.72,9254.73,-787.01,0,13,40,3,2,6
2026-01-04,Maceoo MGM,3730.63,4594.82,-265.31,-598.88,8,43,4,1,6
2026-01-04,Maceoo Atlantic,4437.56,10732.4,-1019.64,-5275.2,4,4,0,3,4
2026-01-04,Maceoo Tampa,2761.51,4340.3,-861.91,-716.88,6,20,2,2,4
2026-01-05,Maceoo Hollywood FL,1294.59,1314.97,-20.38,0,3,9,0,2,3
2026-01-05,Maceoo Resorts World Las Vegas,1870.34,1870.34,0,0,2,8,2,0,2
2026-01-05,Maceoo PR,2927.32,2977.32,-50,0,10,19,3,6,9
2026-01-05,Maceoo Aria,7150.99,7250.99,-100,0,10,22,5,4,9
2026-01-05,Maceoo MGM,1044.2,1572.59,-528.39,0,3,6,2,1,3
2026-01-05,Maceoo Cosmo,1463.13,1463.13,0,0,3,9,1,1,2
2026-01-05,Online Store,-1331.95,2081.33,-1595.95,-1817.33,12,-26,3,9,12
2026-01-05,Maceoo Biloxi,2308.2,2308.2,0,0,9,18,4,4,9
2026-01-05,Maceoo Atlantic,3698.52,3698.52,0,0,8,15,2,5,6
2026-01-05,Maceoo Tampa,1811.94,2320.8,0,-508.86,7,12,2,2,4
2026-01-06,Maceoo Cosmo,1266.93,1286.93,-20,0,6,13,2,2,5
2026-01-06,Maceoo Tampa,954.44,954.44,0,0,4,6,0,1,2
2026-01-06,Maceoo Hollywood FL,2501.97,2640.85,0,-138.88,5,17,3,1,5
2026-01-06,Maceoo Atlantic,138.88,138.88,0,0,1,1,0,1,1
2026-01-06,Maceoo Aria,1659.16,1709.16,-50,0,8,9,5,3,8
2026-01-06,Maceoo Resorts World Las Vegas,576.92,601.92,-25,0,3,7,3,0,3
2026-01-06,Online Store,3109.92,3383.8,-273.88,0,9,13,5,3,8
2026-01-06,Maceoo Biloxi,4188.49,4557.88,-369.39,0,16,32,4,7,11
2026-01-06,Maceoo MGM,2105.18,2105.18,0,0,5,12,3,1,5
2026-01-07,Maceoo Hollywood FL,4343.07,5030.91,-188.96,-498.88,9,23,5,4,8
2026-01-07,Online Store,1073.52,1256.52,-183,0,5,10,0,5,5
2026-01-07,Maceoo MGM,5198.57,5805.43,-606.86,0,11,29,1,4,6
2026-01-07,Maceoo PR,1311.4,1649.4,-50,-288,3,8,1,2,3
2026-01-07,Maceoo Resorts World Las Vegas,1804.92,1804.92,0,0,2,5,1,1,1
2026-01-07,Maceoo Biloxi,1658.11,2294.45,-141.64,-494.7,11,16,7,1,9
2026-01-07,Maceoo Aria,27094.8,28605.57,-947.43,-563.34,12,45,6,4,11
2026-01-07,Maceoo Atlantic,1488.28,1488.28,0,0,8,11,3,4,8
2026-01-07,Maceoo Tampa,4381.78,4457.6,-75.82,0,5,21,3,2,5
2026-01-07,Maceoo Cosmo,1158.57,1303.99,-44.68,-100.74,1,6,0,1,1
2026-01-08,Maceoo Atlantic,2106.16,2305.04,0,-198.88,7,12,0,5,6
2026-01-08,Maceoo Biloxi,943.78,1053.19,-109.41,0,6,11,3,3,5
2026-01-08,Maceoo Resorts World Las Vegas,2208.49,2208.49,0,0,2,11,1,1,2
2026-01-08,Maceoo Hollywood FL,3918.72,4217.6,-298.88,0,11,21,4,5,10
2026-01-08,Online Store,7765.28,9505.93,-1051.81,-688.84,14,22,6,8,14
2026-01-08,Maceoo Aria,15205.3,15205.3,0,0,7,34,3,4,7
2026-01-08,Maceoo Tampa,495.07,606.4,-43.33,-68,2,5,1,0,2
2026-01-08,Maceoo MGM,1390.98,1400.86,-9.88,0,7,15,2,0,3
2026-01-08,Maceoo Cosmo,2035.04,2185.04,-150,0,3,7,3,0,3
2026-01-08,Maceoo PR,256.88,256.88,0,0,1,2,0,1,1
2026-01-09,Maceoo Tampa,6415.28,6732.84,-317.56,0,10,24,3,6,9
2026-01-09,Maceoo Atlantic,1996.66,2032.32,-35.66,0,6,16,1,3,4
2026-01-09,Maceoo Aria,2222.28,4481.36,-2259.08,0,9,16,7,2,9
2026-01-09,Maceoo Hollywood FL,8604.6,9612.15,-688,-319.55,9,37,3,3,6
2026-01-09,Online Store,4686.26,4914.74,-228.48,0,11,32,6,5,11
2026-01-09,Maceoo MGM,3735.77,4075.25,-339.48,0,11,27,5,3,9
2026-01-09,Maceoo PR,637.76,785.76,-50,-98,2,3,1,1,2
2026-01-09,Maceoo Resorts World Las Vegas,1304.29,1603.17,-298.88,0,3,6,2,1,3
2026-01-09,Maceoo Biloxi,1233.48,1595.86,-149.58,-212.8,2,11,0,2,2
2026-01-09,Maceoo Cosmo,498.46,498.46,0,0,2,5,1,0,2
2026-01-10,Maceoo Resorts World Las Vegas,276.16,286.16,-10,0,2,6,1,1,2
2026-01-10,Maceoo Aria,7453.16,7499.04,-45.88,0,8,36,2,5,8
2026-01-10,Maceoo Hollywood FL,7392.04,7681.5,-289.46,0,12,22,5,2,8
2026-01-10,Online Store,2872.2,3737.84,-865.64,0,11,19,8,3,11
2026-01-10,Maceoo Tampa,1817.53,1947.41,-129.88,0,4,5,3,0,4
2026-01-10,Maceoo Biloxi,481.99,689.27,-207.28,0,4,8,1,1,3
2026-01-10,Maceoo Cosmo,4758.9,4908.9,-150,0,7,16,6,1,7
2026-01-10,Maceoo MGM,1452.24,1457.32,-5.08,0,8,38,2,1,4
2026-01-10,Maceoo PR,1775.28,2274.16,0,-498.88,8,10,4,3,7
2026-01-10,Maceoo Atlantic,1778.83,2082.96,-304.13,0,10,15,4,2,7
2026-01-11,Maceoo Hollywood FL,7833.98,7993.46,-159.48,0,14,45,4,5,10
2026-01-11,Maceoo Tampa,1133.77,1154.42,-20.65,0,2,9,0,1,2
2026-01-11,Maceoo MGM,162.42,162.42,0,0,1,2,1,0,1
2026-01-11,Maceoo Aria,3419.89,3442.39,-22.5,0,6,14,5,1,6
2026-01-11,Maceoo Atlantic,3204.68,3204.68,0,0,9,18,0,8,9
2026-01-11,Maceoo PR,733.76,891.76,0,-158,3,4,2,1,3
2026-01-11,Online Store,1054.52,1554.4,-499.88,0,6,10,0,6,6
2026-01-11,Maceoo Cosmo,10021.21,10270.09,-248.88,0,9,21,7,2,9
2026-01-12,Maceoo Biloxi,499.62,499.62,0,0,2,4,1,1,2
2026-01-12,Maceoo MGM,933.66,1122.09,-188.43,0,2,5,1,0,2
2026-01-12,Maceoo Atlantic,1074.79,1137.5,-62.71,0,4,7,4,0,4
2026-01-12,Online Store,3677.76,3677.76,0,0,8,18,4,4,8
2026-01-12,Maceoo Hollywood FL,4955.74,5402.7,-49.2,-397.76,8,15,3,2,5
2026-01-12,Maceoo Aria,5602.72,5626.57,-23.85,0,5,16,3,2,5
2026-01-12,Maceoo Cosmo,1262.54,1262.54,0,0,2,9,1,1,2
2026-01-12,Maceoo PR,699.87,976.52,-175.54,-101.11,3,3,1,2,3
2026-01-12,Maceoo Tampa,7486.76,9110.85,-1624.09,0,5,15,2,2,4
2026-01-13,Maceoo Aria,3097.77,3097.77,0,0,7,14,2,4,7
2026-01-13,Maceoo PR,821.76,871.76,-50,0,3,5,0,3,3
2026-01-13,Maceoo Biloxi,1554.32,1554.32,0,0,3,8,1,2,2
2026-01-13,Maceoo Hollywood FL,4303.76,4333.59,-29.83,0,6,23,6,0,6
2026-01-13,Online Store,2185.52,2395.4,-209.88,0,7,9,1,6,7
2026-01-13,Maceoo Tampa,4052.04,4579.08,-527.04,0,9,20,6,2,9
2026-01-13,Maceoo MGM,11680.08,11756.36,-76.28,0,3,59,2,1,3
2026-01-13,Maceoo Cosmo,1399.64,1399.64,0,0,5,11,5,0,5
2026-01-13,Maceoo Resorts World Las Vegas,502.57,502.57,0,0,1,2,1,0,1
2026-01-14,Maceoo Atlantic,158,286.88,-128.88,0,2,2,1,1,2
2026-01-14,Maceoo Tampa,947.97,968.63,-20.66,0,6,12,1,3,5
2026-01-14,Maceoo PR,424.88,424.88,0,0,3,3,2,0,3
2026-01-14,Online Store,1173.14,1298.14,-125,0,7,13,3,4,7
2026-01-14,Maceoo Biloxi,554,572.88,-18.88,0,2,5,1,1,2
2026-01-14,Maceoo Resorts World Las Vegas,182.97,198.88,-15.91,0,1,1,1,0,1
2026-01-14,Maceoo Hollywood FL,5302.7,5781.53,-161.07,-317.76,11,35,3,6,9
2026-01-14,Maceoo MGM,318.31,318.31,0,0,3,7,3,0,3
2026-01-14,Maceoo Aria,4328.5,5894.34,-1367.84,-198,5,19,2,3,5
2026-01-15,Maceoo Resorts World Las Vegas,1614.11,2013.88,-399.77,0,1,16,1,0,1
2026-01-15,Maceoo Biloxi,1005.47,1038.47,-33,0,4,17,0,3,4
2026-01-15,Maceoo PR,185.04,603.52,-50,-368.48,3,5,0,3,3
2026-01-15,Maceoo Tampa,530.18,530.18,0,0,3,5,1,0,2
2026-01-15,Maceoo MGM,1086.79,1086.79,0,0,4,7,2,0,3
2026-01-15,Online Store,5315.97,5837.81,-521.84,0,13,26,6,7,13
2026-01-15,WEB - Quiet LLC,143,158.88,-15.88,0,1,1,0,1,1
2026-01-15,Maceoo Cosmo,203.54,203.54,0,0,1,2,1,0,1
2026-01-15,Maceoo Aria,2015.01,6436.53,-4421.52,0,6,12,5,1,6
2026-01-15,Maceoo Hollywood FL,2442.56,2809.44,-10,-356.88,7,15,5,1,7
2026-01-15,Maceoo Atlantic,25.88,25.88,0,0,1,1,1,0,1
2026-01-16,Maceoo Atlantic,1593.5,1650.16,-56.66,0,8,10,3,3,7
2026-01-16,Maceoo Biloxi,764.39,825.91,-61.52,0,3,6,3,0,3
2026-01-16,Maceoo Resorts World Las Vegas,433.02,433.02,0,0,3,5,0,3,3
2026-01-16,Maceoo Cosmo,4711.15,4810.15,-99,0,7,21,3,3,7
2026-01-16,Online Store,4934.9,5201.96,-267.06,0,15,27,10,5,15
2026-01-16,Maceoo MGM,3400.67,3620.14,-219.47,0,7,16,6,0,7
2026-01-16,Maceoo PR,1813.92,2130.8,0,-316.88,5,13,2,3,5
2026-01-16,Maceoo Hollywood FL,9272.04,11982.64,-665.68,-2044.92,14,56,7,7,12
2026-01-16,Maceoo Tampa,1616.14,1870.24,-254.1,0,6,13,3,1,5
2026-01-16,Maceoo Aria,-965.97,2472.6,-122.96,-3315.61,7,5,4,3,7
2026-01-17,Maceoo Resorts World Las Vegas,1989.93,2275.57,-285.64,0,6,17,3,2,5
2026-01-17,Maceoo Cosmo,5952.26,7100.28,-136.37,-1011.65,13,28,6,4,11
2026-01-17,Maceoo Biloxi,2154.97,3634.82,-1374.05,-105.8,9,32,5,4,9
2026-01-17,Maceoo Atlantic,5490.97,5791.25,-101.4,-198.88,13,32,5,7,12
2026-01-17,Online Store,-2058.86,3689.56,-2825.16,-2923.26,21,-2,0,20,20
2026-01-17,Maceoo Aria,9858.44,14014.8,-3495.64,-660.72,15,42,7,8,15
2026-01-17,Maceoo MGM,2946.17,3221.06,-274.89,0,10,25,6,1,8
2026-01-17,Maceoo PR,1464.4,1562.4,0,-98,6,10,0,6,6
2026-01-17,Maceoo Hollywood FL,15030.65,15954.17,-725.52,-198,31,77,10,16,26
2026-01-17,Maceoo Tampa,10114.96,10476.22,-262.38,-98.88,14,42,8,6,13
2026-01-18,Maceoo Biloxi,635.07,693.32,-58.25,0,3,5,0,2,3
2026-01-18,Online Store,3743.16,4105.92,-263.88,-98.88,10,12,5,4,9
2026-01-18,Maceoo Cosmo,3507.4,3507.4,0,0,6,15,3,1,5
2026-01-18,Maceoo Atlantic,3679.79,4186.65,-418.86,-88,13,28,4,8,13
2026-01-18,Maceoo MGM,1017.76,1195.71,-177.95,0,3,5,1,1,3
2026-01-18,Maceoo Aria,11551.07,12900.71,-1349.64,0,13,40,6,6,13
2026-01-18,Maceoo Tampa,11249.72,15173.68,-672.36,-3251.6,11,56,5,5,10
2026-01-18,Maceoo PR,4816.44,4915.32,0,-98.88,8,23,1,6,7
2026-01-18,Maceoo Resorts World Las Vegas,761.17,1078.49,-317.32,0,1,3,1,0,1
2026-01-18,Maceoo Hollywood FL,13975.69,17344.17,-183.2,-3185.28,14,62,6,4,11
2026-01-19,Maceoo PR,710.88,710.88,0,0,2,5,1,1,2
2026-01-19,Maceoo Aria,8433.8,9011.32,-577.52,0,16,43,11,5,16
2026-01-19,Online Store,1920.22,3023.04,-1102.82,0,10,15,2,8,10
2026-01-19,Maceoo Atlantic,993.64,993.64,0,0,5,5,3,2,5
2026-01-19,Maceoo Hollywood FL,9813.52,10838.36,-647.08,-377.76,8,37,3,4,8
2026-01-19,Maceoo Biloxi,1218.82,1218.82,0,0,5,11,3,1,5
2026-01-19,Maceoo MGM,1883.92,2162.14,-278.22,0,8,20,3,3,7
2026-01-19,Maceoo Tampa,2322.43,2678.58,-356.15,0,8,13,1,4,6
2026-01-19,Maceoo Resorts World Las Vegas,981.37,981.37,0,0,3,7,3,0,3
2026-01-19,Maceoo Cosmo,59.38,59.38,0,0,1,3,1,0,1
2026-01-20,Maceoo Aria,4989.67,5405.84,-416.17,0,10,25,4,5,10
2026-01-20,Maceoo MGM,2508.75,2969.78,-461.03,0,6,23,4,1,6
2026-01-20,Maceoo Hollywood FL,1319.4,1368.6,-49.2,0,7,12,4,0,5
2026-01-20,Maceoo Biloxi,470.69,659.57,0,-188.88,1,7,1,0,1
2026-01-20,Online Store,-686.6,1336.52,-890.64,-1132.48,6,8,2,4,6
2026-01-20,Maceoo Atlantic,365.88,365.88,0,0,3,3,0,3,3
2026-01-20,Maceoo PR,2713.88,3070.76,0,-356.88,3,3,0,3,3
2026-01-20,Maceoo Tampa,6586.64,7584.4,-282,-715.76,8,16,2,5,7
2026-01-20,Maceoo Cosmo,1350.42,1350.42,0,0,3,6,3,0,3
2026-01-21,Maceoo Resorts World Las Vegas,1383.44,1383.44,0,0,1,4,1,0,1
2026-01-21,Maceoo PR,98.88,98.88,0,0,1,1,0,0,1
2026-01-21,Maceoo Aria,1621.42,1802.18,-180.76,0,3,5,1,2,3
2026-01-21,Maceoo Hollywood FL,2257.67,2257.67,0,0,8,22,3,4,8
2026-01-21,Maceoo Atlantic,966.25,986.58,-20.33,0,3,9,2,1,3
2026-01-21,Maceoo Tampa,1191.75,1191.75,0,0,3,7,2,0,3
2026-01-21,Maceoo Cosmo,1163.37,1163.37,0,0,3,6,2,0,3
2026-01-21,Online Store,3008.15,5878.36,-2817.28,-52.93,14,31,10,4,14
2026-01-21,Maceoo MGM,4436.44,5048.36,-611.92,0,8,17,6,0,7
2026-01-22,Maceoo Atlantic,1938.5,2366.25,-109.99,-317.76,6,15,2,3,5
2026-01-22,Maceoo PR,1316.28,1399.28,-83,0,4,8,1,3,4
2026-01-22,Maceoo Tampa,2370.05,2858.93,0,-488.88,3,10,0,2,3
2026-01-22,Maceoo Cosmo,3086.3,3319.16,-232.86,0,4,16,4,0,4
2026-01-22,Maceoo Aria,8436.64,8436.64,0,0,11,37,9,2,11
2026-01-22,Maceoo Resorts World Las Vegas,863.48,879.48,-16,0,2,6,1,1,2
2026-01-22,Maceoo Biloxi,498.46,550.41,-51.95,0,2,7,0,0,1
2026-01-22,Maceoo Hollywood FL,6319.88,10216.49,-758.58,-3138.03,14,27,5,3,9
2026-01-22,Online Store,6728.17,6959.2,-231.03,0,13,27,4,6,10
2026-01-22,Maceoo MGM,4209.64,4586.98,-377.34,0,6,18,1,1,3
2026-01-23,Online Store,1273.28,1323.28,-50,0,5,6,3,2,5
2026-01-23,Maceoo Hollywood FL,7350.86,7761.44,-251.58,-159,20,49,4,9,14
2026-01-23,Maceoo MGM,2861.97,3213,-351.03,0,8,19,5,2,8
2026-01-23,Maceoo Resorts World Las Vegas,1965.93,1993.34,-27.41,0,4,13,3,1,4
2026-01-23,Maceoo Tampa,3110.6,3719.26,-60.66,-548,8,17,2,4,7
2026-01-23,Maceoo Biloxi,911.46,911.46,0,0,5,10,2,1,4
2026-01-23,Maceoo Cosmo,2510.7,2510.7,0,0,8,21,4,3,8
2026-01-23,Maceoo PR,942.72,1373.8,-431.08,0,4,11,2,2,4
2026-01-23,Maceoo Atlantic,2978.41,3300.14,-194.53,-127.2,12,19,2,5,8
2026-01-23,Maceoo Aria,3744.57,4206.82,-163.37,-298.88,7,19,2,5,7
2026-01-24,Maceoo MGM,7970.24,9029.4,-1059.16,0,41,103,4,2,7
2026-01-24,Maceoo Biloxi,4068.21,4386.64,-318.43,0,9,27,5,3,8
2026-01-24,Maceoo Hollywood FL,9306.2,13395.88,-4089.68,0,13,49,4,7,12
2026-01-24,Maceoo Resorts World Las Vegas,2589.33,2789.33,-200,0,3,13,1,2,3
2026-01-24,Maceoo Tampa,6740.45,9994.67,-117.66,-3136.56,17,50,6,9,13
2026-01-24,Maceoo Atlantic,1783.89,1783.89,0,0,5,14,1,3,5
2026-01-24,Online Store,-1580.29,3982.16,-2566.67,-2995.78,16,1,3,12,15
2026-01-24,Maceoo Cosmo,4759,4759,0,0,10,23,8,1,10
2026-01-24,Maceoo Aria,19006.27,19927.42,-722.27,-198.88,21,219,12,7,20
2026-01-24,Maceoo PR,1937.27,2213.92,-87.77,-188.88,7,12,4,3,7
2026-01-25,Maceoo Aria,5213.13,5530.01,0,-316.88,10,27,4,5,9
2026-01-25,Maceoo Tampa,692.76,884.88,-192.12,0,5,10,3,2,5
2026-01-25,Maceoo Resorts World Las Vegas,870.11,870.11,0,0,4,11,3,1,3
2026-01-25,Maceoo Atlantic,2831.94,3108.82,0,-276.88,9,14,6,2,8
2026-01-25,Maceoo MGM,4116.31,4284.61,-168.3,0,4,17,3,0,4
2026-01-25,Online Store,1848.04,2177.92,-329.88,0,8,9,3,5,8
2026-01-25,Maceoo Biloxi,1528.01,1528.01,0,0,4,12,0,1,2
2026-01-25,Maceoo PR,2026.52,2092.52,-66,0,5,11,1,4,5
2026-01-25,Maceoo Hollywood FL,2657.28,2686.16,-28.88,0,8,21,6,1,7
2026-01-25,Maceoo Cosmo,2732.83,2732.83,0,0,6,15,4,2,6
2026-01-26,Maceoo MGM,4365.33,4826.66,-461.33,0,7,22,4,2,6
2026-01-26,Maceoo Hollywood FL,3337.29,4718.05,-13,-1367.76,11,19,8,1,10
2026-01-26,Maceoo PR,929.4,1062.4,-133,0,2,6,0,2,2
2026-01-26,Maceoo Atlantic,2013.08,2044.68,-31.6,0,8,15,4,4,8
2026-01-26,Maceoo Resorts World Las Vegas,574.71,784.37,-209.66,0,2,4,2,0,2
2026-01-26,Online Store,1643.24,4527.72,-2884.48,0,10,25,6,4,10
2026-01-26,Maceoo Cosmo,1426.36,1426.36,0,0,9,15,6,1,8
2026-01-26,Maceoo Aria,6803.78,7267.62,-463.84,0,16,43,9,5,15
2026-01-26,Maceoo Tampa,1553.81,2013.91,-184.68,-275.42,7,13,3,3,6
2026-01-27,Maceoo Aria,6857.17,7856.9,-999.73,0,22,38,9,4,14
2026-01-27,Maceoo Cosmo,1767.6,1767.6,0,0,4,12,4,0,4
2026-01-27,Maceoo PR,999.72,1129.16,-129.44,0,2,9,1,1,2
2026-01-27,Maceoo Tampa,934.55,934.76,-0.21,0,4,8,2,1,4
2026-01-27,Maceoo Resorts World Las Vegas,178.75,202.63,-23.88,0,2,4,2,0,2
2026-01-27,Maceoo MGM,1957.59,2332.41,-374.82,0,3,10,2,1,2
2026-01-27,Maceoo Hollywood FL,5843.87,6565.75,-721.88,0,9,30,6,2,9
2026-01-27,Maceoo Biloxi,548.98,562.68,-13.7,0,2,5,0,1,2
2026-01-27,Maceoo Atlantic,2422.1,2422.1,0,0,5,14,5,0,5
2026-01-27,Online Store,1514.56,1787.68,-133.9,-139.22,6,12,2,4,6
2026-01-28,Maceoo Atlantic,1749.5,2186.5,-298,-139,10,14,6,3,8
2026-01-28,Maceoo Resorts World Las Vegas,358.62,358.62,0,0,5,8,4,1,5
2026-01-28,Maceoo PR,804.88,804.88,0,0,3,3,1,2,3
2026-01-28,Maceoo Aria,4513.32,7232.95,-2719.63,0,26,65,6,17,24
2026-01-28,Maceoo Biloxi,149.54,149.54,0,0,1,4,0,0,1
2026-01-28,Maceoo Hollywood FL,2791.61,2945.41,-153.8,0,10,25,6,2,9
2026-01-28,Maceoo Tampa,1162.81,1236.14,-73.33,0,3,5,0,2,3
2026-01-28,Maceoo MGM,2262.81,6178.88,-3916.07,0,8,22,1,3,5
2026-01-28,Maceoo Cosmo,2339.15,2339.15,0,0,7,18,3,2,5
2026-01-28,Online Store,893.31,2781.56,-731.64,-1156.61,7,2,3,4,7
2026-01-29,Maceoo Biloxi,1255.67,1306.78,-51.11,0,3,18,2,1,3
2026-01-29,Maceoo Atlantic,2277.58,3092.73,-517.15,-298,7,12,3,4,6
2026-01-29,CEOO DUBAI,932,932,0,0,1,2,1,0,1
2026-01-29,Maceoo Cosmo,2732.05,2732.05,0,0,3,11,0,3,3
2026-01-29,Maceoo Aria,4520.54,5365.09,-844.55,0,8,99,3,5,8
2026-01-29,Online Store,6780.02,7122.8,-342.78,0,10,25,5,5,10
2026-01-29,Maceoo Tampa,2671.04,2671.04,0,0,7,14,2,3,6
2026-01-29,Maceoo PR,1428.04,1428.04,0,0,4,10,3,1,4
2026-01-29,Maceoo Hollywood FL,4301.79,4301.79,0,0,6,26,5,1,6
2026-01-30,Maceoo Biloxi,620.78,969.66,0,-348.88,4,7,2,0,3
2026-01-30,Maceoo Atlantic,398.81,398.81,0,0,3,6,2,1,3
2026-01-30,Maceoo Aria,5134.69,8796.06,-1849.45,-1811.92,19,44,11,8,17
2026-01-30,Maceoo Hollywood FL,6225.38,6666.68,-441.3,0,17,39,7,10,17
2026-01-30,Maceoo MGM,2047.77,2141.73,-93.96,0,5,15,3,1,5
2026-01-30,Maceoo Cosmo,1235.41,1235.41,0,0,3,7,2,1,2
2026-01-30,CEOO DUBAI,507,507,0,0,1,3,1,0,1
2026-01-30,Maceoo PR,1001.52,1180.4,-114.44,-64.44,5,6,3,2,5
2026-01-30,Maceoo Resorts World Las Vegas,1731.55,1764.55,-33,0,4,15,2,2,4
2026-01-30,Online Store,2841.89,3944.99,-906.72,-196.38,14,22,6,7,13
2026-01-30,Maceoo Tampa,2526.19,2634.1,-107.91,0,9,20,5,2,8
2026-01-31,Maceoo PR,1550.96,1953.16,-94.44,-307.76,8,11,4,4,8
2026-01-31,Online Store,565.76,748.76,-183,0,5,5,2,3,5
2026-01-31,Maceoo Cosmo,5205.83,5976.35,-770.52,0,10,35,6,4,10
2026-01-31,Maceoo Biloxi,1333.36,1333.36,0,0,9,20,2,1,4
2026-01-31,Maceoo Atlantic,3297.98,3363.58,-65.6,0,12,33,4,8,12
2026-01-31,Maceoo Hollywood FL,7700.34,8096.82,-396.48,0,21,53,6,12,19
2026-01-31,Maceoo Aria,9562.29,9822.29,-260,0,10,17,4,4,9
2026-01-31,Maceoo MGM,2248.31,2425.68,-177.37,0,9,59,7,0,8
2026-01-31,Maceoo Tampa,6259.66,6758.54,-498.88,0,10,26,0,7,8
2026-01-31,CEOO DUBAI,988,988,0,0,2,2,2,0,2
2026-02-01,Online Store,4836.05,4986.05,-150,0,12,22,6,6,12
2026-02-01,Maceoo Hollywood FL,10270.32,11948.72,-1479.52,-198.88,13,38,9,4,13
2026-02-01,Maceoo Resorts World Las Vegas,178.2,198,-19.8,0,1,1,0,0,1
2026-02-01,Maceoo PR,6006.8,6125.68,-50,-68.88,10,16,2,7,9
2026-02-01,Maceoo Aria,9195.77,9512.77,-317,0,11,40,8,3,11
2026-02-01,Maceoo Cosmo,5461.01,5559.89,-98.88,0,9,27,7,2,9
2026-02-01,Maceoo MGM,6225.45,6440.26,-214.81,0,11,25,6,2,9
2026-02-01,Maceoo Atlantic,3103.12,3356.09,-252.97,0,9,19,4,5,9
2026-02-01,Maceoo Biloxi,170.13,170.13,0,0,1,2,0,1,1
2026-02-01,Maceoo Tampa,1768.85,1943.4,-174.55,0,3,9,2,1,3
2026-02-02,Maceoo Hollywood FL,2536.94,3003.58,-466.64,0,9,19,3,3,7
2026-02-02,Online Store,6073.94,7241.08,-1167.14,0,13,31,5,8,13
2026-02-02,WEB - Quiet LLC,0,288.88,-288.88,0,1,1,0,1,1
2026-02-02,Maceoo Atlantic,2858.91,3056.44,-78.65,-118.88,8,20,2,3,6
2026-02-02,Maceoo Aria,2521.24,2714.71,-193.47,0,4,10,2,2,4
2026-02-02,Maceoo Resorts World Las Vegas,348.88,348.88,0,0,1,1,1,0,1
2026-02-02,Maceoo Biloxi,127.2,443.2,-316,0,1,2,0,0,1
2026-02-02,CEOO DUBAI,748,748,0,0,1,1,1,0,1
2026-02-02,Maceoo PR,5106.92,5106.92,0,0,6,21,3,3,6
2026-02-02,Maceoo Tampa,3728.12,3809.38,-81.26,0,6,14,1,3,4
2026-02-02,Maceoo MGM,539.58,558.99,-19.41,0,4,7,3,1,3
2026-02-02,Maceoo Cosmo,1958.74,1958.74,0,0,5,12,2,3,5
2026-02-03,CEOO DUBAI,-42.99,705.01,0,-748,2,2,1,1,2
2026-02-03,Online Store,6067.73,10537.8,-3789.25,-680.82,13,36,9,4,13
2026-02-03,Maceoo MGM,1023.69,1023.69,0,0,6,13,4,1,6
2026-02-03,Maceoo Resorts World Las Vegas,431.09,481.09,-50,0,3,4,1,1,3
2026-02-03,Maceoo Atlantic,1671.05,2228.21,-299.4,-257.76,4,4,1,3,4
2026-02-03,Maceoo Aria,2754.46,2820.46,-66,0,10,19,3,2,6
2026-02-03,Maceoo Cosmo,2692,2692,0,0,8,22,2,4,7
2026-02-03,Maceoo Biloxi,807.47,11997.67,-38.68,-11151.52,5,8,3,2,5
2026-02-03,Maceoo Hollywood FL,861.33,861.33,0,0,2,3,1,1,2
2026-02-03,WEB - Quiet LLC,89,98.88,-9.88,0,1,1,0,1,1
2026-02-03,Maceoo Tampa,4001.14,4001.14,0,0,8,21,3,2,6
2026-02-03,Maceoo PR,600.2,792.64,-94.44,-98,1,4,1,0,1
2026-02-04,Maceoo Resorts World Las Vegas,2328.64,2360.91,-32.27,0,5,15,2,2,5
2026-02-04,Maceoo Hollywood FL,7770.21,8525.21,-755,0,5,33,2,2,5
2026-02-04,Maceoo Tampa,2918.63,3026.61,-107.98,0,8,20,3,2,6
2026-02-04,Online Store,3801.08,3926.08,-125,0,14,24,8,6,14
2026-02-04,Maceoo Biloxi,1000.62,1328.98,-149.36,-179,4,8,2,1,4
2026-02-04,CEOO DUBAI,653,653,0,0,2,2,2,0,2
2026-02-04,Maceoo Atlantic,1195.76,1195.76,0,0,2,3,1,1,2
2026-02-04,Maceoo PR,2777.72,3022.16,-244.44,0,3,12,1,2,3
2026-02-04,Maceoo Cosmo,1455.73,1455.73,0,0,4,8,4,0,4
2026-02-04,Maceoo MGM,4017.5,4098.07,-80.57,0,10,25,6,2,9
2026-02-04,Maceoo Aria,5237.02,5425.79,-188.77,0,10,78,5,3,9
2026-02-05,Maceoo Resorts World Las Vegas,1782.12,1865.12,-83,0,1,31,0,1,1
2026-02-05,CEOO DUBAI,2383,2383,0,0,1,2,1,0,1
2026-02-05,Maceoo Hollywood FL,12146.2,13380.17,-568.09,-665.88,8,36,4,3,8
2026-02-05,Maceoo PR,1257.28,1357.28,-100,0,4,9,0,4,4
2026-02-05,Maceoo Cosmo,6414.97,6758.65,-343.68,0,7,21,3,4,7
2026-02-05,Online Store,6234.78,8828.24,-2094.76,-498.7,18,35,10,8,18
2026-02-05,Maceoo Aria,4507.39,5317.62,-299.44,-510.79,12,26,6,6,11
2026-02-05,Maceoo MGM,2239.47,3641.03,-1401.56,0,8,22,4,2,7
2026-02-05,Maceoo Tampa,4266.74,4519.88,-253.14,0,5,20,3,2,5
2026-02-05,Maceoo Atlantic,386.88,386.88,0,0,1,2,0,1,1
2026-02-05,Maceoo Biloxi,105.8,422.68,-316.88,0,1,2,0,0,1
2026-02-06,Maceoo Resorts World Las Vegas,2003.56,2075.33,-71.77,0,5,13,4,1,5
2026-02-06,Maceoo PR,1863.92,2271.8,-249,-158.88,8,13,3,5,8
2026-02-06,Maceoo MGM,3257.08,3527.25,-171.29,-98.88,6,58,2,3,6
2026-02-06,Maceoo Aria,10681.08,15047.89,-3346.68,-1020.13,26,62,15,10,23
2026-02-06,Maceoo Tampa,3047.09,3862.8,-487.61,-328.1,12,33,6,4,10
2026-02-06,Maceoo Atlantic,13372.62,19023.25,-1667.16,-3983.47,12,29,3,4,7
2026-02-06,Maceoo Hollywood FL,2770.34,3006.12,-235.78,0,12,21,4,7,11
2026-02-06,Maceoo Cosmo,3471.86,3541.74,-69.88,0,9,19,4,5,9
2026-02-06,Online Store,4669.06,5955.96,-638.2,-648.7,20,34,16,4,19
2026-02-06,Maceoo Biloxi,1841.6,2387.8,-96.2,-450,3,13,0,3,3
2026-02-07,Maceoo Hollywood FL,7363.85,8589.94,-1028.09,-198,20,54,7,11,18
2026-02-07,Online Store,9647.69,9822.69,-175,0,48,64,41,7,48
2026-02-07,Maceoo PR,1323.4,1979.04,-338.76,-316.88,9,12,3,6,8
2026-02-07,Maceoo Atlantic,6596.75,6638.07,-41.32,0,13,22,3,8,12
2026-02-07,CEOO DUBAI,4663,4663,0,0,3,5,2,1,3
2026-02-07,Maceoo Cosmo,5077.05,5329.27,-48.68,-203.54,9,25,6,2,8
2026-02-07,Maceoo Resorts World Las Vegas,428.43,438.43,-10,0,2,5,0,2,2
2026-02-07,Maceoo MGM,9575.28,11681.11,-2105.83,0,16,68,13,2,16
2026-02-07,Maceoo Aria,4815.11,6250.28,-1435.17,0,16,42,4,9,14
2026-02-07,Maceoo Tampa,7620.96,7886.63,-182.45,-83.22,9,26,2,4,7
2026-02-07,Maceoo Biloxi,3205.24,3684.53,-148.21,-331.08,12,24,3,6,10
2026-02-08,Maceoo Tampa,2123.16,2123.16,0,0,5,12,1,3,5
2026-02-08,Maceoo MGM,1985.26,2144.14,0,-158.88,6,12,2,0,3
2026-02-08,Maceoo Hollywood FL,1762.01,1899.77,-18.88,-118.88,9,21,3,4,8
2026-02-08,CEOO DUBAI,660,660,0,0,1,5,1,0,1
2026-02-08,Maceoo Atlantic,8230,8389,0,-159,9,55,2,7,9
2026-02-08,Maceoo Aria,8298.02,8615.78,-317.76,0,7,111,4,3,7
2026-02-08,Maceoo Cosmo,530.2,530.2,0,0,3,6,1,2,3
2026-02-08,Maceoo Resorts World Las Vegas,356.36,475.52,-119.16,0,2,4,0,1,1
2026-02-08,Online Store,13333.39,15887.64,-2554.25,0,63,86,56,7,62
2026-02-08,Maceoo Biloxi,599.88,645.52,-45.64,0,5,5,0,3,4
2026-02-08,Maceoo PR,2147.72,2599.04,-194.44,-256.88,3,12,0,3,3
2026-02-09,Maceoo Biloxi,248.76,248.76,0,0,2,2,0,2,2
2026-02-09,Maceoo Hollywood FL,8189.72,8766.31,-576.59,0,12,33,5,7,11
2026-02-09,Maceoo MGM,713.95,776.64,-62.69,0,2,4,2,0,2
2026-02-09,Maceoo Cosmo,4402.7,4402.7,0,0,7,21,5,2,7
2026-02-09,CEOO DUBAI,5485,6180,0,-695,1,1,1,0,1
2026-02-09,Online Store,9645.16,10694.58,-942.02,-107.4,53,64,46,7,53
2026-02-09,Maceoo Tampa,3290.5,3657.86,-121.2,-246.16,6,16,2,2,5
2026-02-09,Maceoo Atlantic,1610.4,1610.4,0,0,3,8,1,2,3
2026-02-09,Maceoo Aria,18811.9,20261.42,-1449.52,0,11,126,3,7,11
2026-02-09,Maceoo PR,1456.04,2044.8,-200,-388.76,6,12,2,4,5
2026-02-10,Maceoo Biloxi,592.08,1194.88,-109.6,-493.2,3,2,1,2,2
2026-02-10,Maceoo Atlantic,1276.98,1667.36,-201.5,-188.88,5,12,3,1,5
2026-02-10,Maceoo Tampa,68,68,0,0,1,2,0,0,1
2026-02-10,Maceoo PR,1959.24,2219.68,-260.44,0,6,15,1,3,3
2026-02-10,Maceoo Hollywood FL,2475.83,2475.83,0,0,6,20,3,2,6
2026-02-10,Online Store,2670.67,7755.6,-1732.58,-3352.35,21,17,13,7,20
2026-02-10,Maceoo Cosmo,2760.84,2910.84,-150,0,8,19,2,2,5
2026-02-10,Maceoo Aria,7650.95,12180.35,-4529.4,0,14,33,6,6,12
2026-02-10,Maceoo MGM,2205.95,2205.95,0,0,4,8,1,1,2
2026-02-10,CEOO DUBAI,1272,1272,0,0,1,4,1,0,1
2026-02-11,Maceoo Tampa,667.8,712.63,-44.83,0,4,6,0,2,3
2026-02-11,Maceoo Aria,1277.77,1310.77,-33,0,7,14,4,2,7
2026-02-11,Maceoo MGM,1191.29,1247.5,-56.21,0,3,8,3,0,3
2026-02-11,Maceoo Hollywood FL,3248.72,3289.51,-40.79,0,11,24,3,7,11
2026-02-11,Maceoo Resorts World Las Vegas,73.88,98.88,-25,0,1,1,0,0,1
2026-02-11,Maceoo PR,975.64,1058.64,-83,0,6,7,1,5,6
2026-02-11,Maceoo Atlantic,128.88,427.76,0,-298.88,1,1,1,0,1
2026-02-11,Maceoo Biloxi,947.76,947.76,0,0,2,2,2,0,2
2026-02-11,Maceoo Cosmo,1953.39,2003.37,-49.98,0,5,17,2,3,5
2026-02-11,Online Store,2762.78,2812.78,-50,0,13,16,13,0,13
2026-02-11,CEOO DUBAI,294,294,0,0,1,2,1,0,1
2026-02-12,Maceoo PR,2507.36,2956.8,-193.44,-256,9,20,2,6,7
2026-02-12,Maceoo Hollywood FL,10133.92,14913.38,-376,-4403.46,14,34,4,8,12
2026-02-12,Maceoo Biloxi,158.88,158.88,0,0,1,1,1,0,1
2026-02-12,CEOO DUBAI,1126,1126,0,0,2,2,2,0,2
2026-02-12,Maceoo Atlantic,1138.3,1138.3,0,0,4,11,2,2,4
2026-02-12,Online Store,5428.14,6516.9,-1088.76,0,19,24,11,8,19
2026-02-12,Maceoo Cosmo,2552.78,2552.78,0,0,8,19,2,5,6
2026-02-12,Maceoo MGM,1464,1484.35,-20.35,0,4,10,3,1,4
2026-02-12,Maceoo Tampa,2946.62,2996.62,-50,0,5,14,3,1,4
2026-02-12,Maceoo Resorts World Las Vegas,3289.62,3487.25,-197.63,0,2,12,2,0,2
2026-02-12,Maceoo Aria,15736.61,16275.49,-538.88,0,18,47,12,6,18
2026-02-13,Maceoo PR,2956.92,2956.92,0,0,12,16,3,9,12
2026-02-13,Maceoo MGM,4864.42,5233.01,-368.59,0,14,34,9,2,12
2026-02-13,Maceoo Aria,4113.06,4811.83,-372.77,-326,9,104,3,6,9
2026-02-13,Online Store,5578.16,6192.96,-614.8,0,19,28,10,7,17
2026-02-13,Maceoo Biloxi,669.4,676.28,-6.88,0,5,7,4,1,5
2026-02-13,Maceoo Atlantic,3480.06,4125.82,0,-645.76,12,19,6,4,9
2026-02-13,Maceoo Cosmo,5200.46,5200.46,0,0,9,20,5,2,8
2026-02-13,Maceoo Resorts World Las Vegas,382.29,407.29,-25,0,1,3,1,0,1
2026-02-13,CEOO DUBAI,4289.1,4731.38,-442.28,0,4,5,3,1,4
2026-02-13,Maceoo Hollywood FL,16110.53,16760.18,-451.65,-198,18,48,12,5,18
2026-02-13,Maceoo Tampa,6156.43,6532.57,-376.14,0,7,21,3,4,7
2026-02-14,Maceoo Atlantic,2636.66,2739.01,-102.35,0,7,13,6,1,7
2026-02-14,Maceoo Resorts World Las Vegas,1144.4,1144.4,0,0,2,5,0,2,2
2026-02-14,CEOO DUBAI,1718,1718,0,0,2,2,1,1,2
2026-02-14,Maceoo Aria,11108.09,11626.77,-518.68,0,18,45,9,8,18
2026-02-14,Online Store,1868.97,1918.97,-50,0,7,7,6,1,7
2026-02-14,Maceoo Biloxi,2466.36,2486.16,-19.8,0,4,10,2,2,4
2026-02-14,Maceoo Cosmo,8068.69,28504.58,-3947.65,-16488.24,14,28,7,3,10
2026-02-14,Maceoo MGM,4414.79,4771.52,-356.73,0,13,30,7,2,10
2026-02-14,Maceoo Hollywood FL,11661.98,12032.33,-370.35,0,23,82,10,10,21
2026-02-14,Maceoo Tampa,9189.22,11270.14,-598.92,-1482,14,39,5,5,11
2026-02-14,Maceoo PR,6394.88,7486.4,-100,-991.52,13,39,3,8,11
2026-02-15,Maceoo Hollywood FL,7840.2,8763.94,-923.74,0,14,39,7,5,11
2026-02-15,Maceoo Cosmo,2666.96,2766.84,-99.88,0,6,20,1,4,5
2026-02-15,Maceoo Aria,3589.97,3724.97,-135,0,5,26,2,3,5
2026-02-15,Maceoo PR,1214.4,1412.4,0,-198,6,11,2,4,6
2026-02-15,Online Store,2607.68,2651.56,-43.88,0,9,15,4,4,8
2026-02-15,Maceoo Atlantic,2400.02,2691.92,-291.9,0,8,21,4,4,8
2026-02-15,Maceoo Biloxi,1743.48,1829.28,-15.8,-70,7,10,4,3,7
2026-02-15,Maceoo Resorts World Las Vegas,4035.47,4714.28,-678.81,0,2,7,1,1,2
2026-02-15,Maceoo MGM,4083.03,4287.34,-204.31,0,10,25,8,1,10
2026-02-15,Maceoo Tampa,3540.52,3769.71,-91.31,-137.88,9,18,2,5,7
2026-02-16,Maceoo PR,1619.04,1702.04,-83,0,4,13,2,2,4
2026-02-16,Maceoo Resorts World Las Vegas,465.73,465.73,0,0,2,8,2,0,2
2026-02-16,Maceoo Atlantic,3496.2,11497.04,-1749.39,-6251.45,7,6,2,4,4
2026-02-16,CEOO DUBAI,3787.25,3787.25,0,0,2,7,0,0,1
2026-02-16,Maceoo Tampa,4821.11,5035.08,-19.8,-194.17,12,19,3,7,10
2026-02-16,Maceoo Cosmo,5010.51,5010.51,0,0,3,13,3,0,3
2026-02-16,Maceoo Biloxi,303.76,422.52,-19.88,-98.88,2,3,1,0,2
2026-02-16,Maceoo Aria,7038.01,7039.77,-1.76,0,5,25,5,0,5
2026-02-16,Maceoo MGM,3742.32,4273.74,-333.42,-198,8,19,5,3,7
2026-02-16,Online Store,3754.01,4065.92,-311.91,0,11,14,3,6,9
2026-02-16,Maceoo Hollywood FL,6155.54,6213.31,-57.77,0,10,34,6,3,10
2026-02-17,Online Store,3827.4,7120.72,-3043.06,-250.26,18,27,5,13,18
2026-02-17,Maceoo Resorts World Las Vegas,70.81,70.81,0,0,1,2,1,0,1
2026-02-17,Maceoo Atlantic,835.64,901.64,-66,0,2,5,0,2,2
2026-02-17,Maceoo Biloxi,421.28,421.28,0,0,2,6,1,0,2
2026-02-17,Maceoo Cosmo,2338.57,3026.13,-300,-387.56,4,8,2,1,3
2026-02-17,Maceoo PR,158.88,158.88,0,0,1,1,0,1,1
2026-02-17,Maceoo Hollywood FL,2530.18,2737.92,-48.86,-158.88,13,23,5,6,12
2026-02-17,Maceoo Tampa,2979.08,3325.41,-229.03,-117.3,6,10,1,5,6
2026-02-17,CEOO DUBAI,2851,2950,-99,0,3,6,2,0,3
2026-02-17,Maceoo Aria,3884.69,4202.45,-128.88,-188.88,8,20,3,4,8
2026-02-17,Maceoo MGM,1909.23,2247.41,-338.18,0,10,22,4,3,8
2026-02-18,Maceoo Biloxi,263.9,643.4,-31.74,-347.76,2,4,0,1,1
2026-02-18,Maceoo Cosmo,587.94,587.94,0,0,2,4,1,1,2
2026-02-18,Maceoo Atlantic,952.28,1001.76,-49.48,0,3,6,1,2,3
2026-02-18,Maceoo Resorts World Las Vegas,119.61,132.49,-12.88,0,1,2,1,0,1
2026-02-18,Online Store,3043.22,3275.92,-104.7,-128,9,15,7,2,8
2026-02-18,Maceoo Tampa,3396,3673.47,-277.47,0,7,22,1,4,6
2026-02-18,Maceoo PR,1544.16,2671.04,0,-1126.88,5,11,2,3,4
2026-02-18,Maceoo Aria,5543.26,5885.26,-342,0,9,20,4,4,8
2026-02-18,Maceoo MGM,1460.2,1854.21,-394.01,0,6,11,1,2,4
2026-02-18,Maceoo Hollywood FL,1565.35,1779.15,-213.8,0,8,11,4,4,8
2026-02-19,CEOO DUBAI,2186.45,2695,-508.55,0,2,2,1,0,2
2026-02-19,Maceoo Atlantic,1163.9,1178.66,-14.76,0,5,12,3,2,5
2026-02-19,Maceoo PR,4714.68,5364.32,-232.44,-417.2,9,16,1,6,6
2026-02-19,Maceoo Cosmo,6996.32,7450.32,-295,-159,6,13,5,0,6
2026-02-19,Maceoo Resorts World Las Vegas,122.21,122.21,0,0,1,2,1,0,1
2026-02-19,Online Store,4210.18,5822.8,-1223.34,-389.28,18,19,5,11,16
2026-02-19,Maceoo Biloxi,920.4,1913.68,-993.28,0,5,15,3,2,5
2026-02-19,Maceoo MGM,1518.16,1539.32,-21.16,0,4,13,3,1,4
2026-02-19,Maceoo Aria,7664.13,7714.13,-50,0,11,24,6,5,9
2026-02-19,Maceoo Tampa,1474.92,2368.8,-494.77,-399.11,8,10,0,3,4
2026-02-19,Maceoo Hollywood FL,4161.29,4519.71,-199.54,-158.88,11,28,5,4,10
2026-02-20,Maceoo Tampa,9839.55,10241.52,-213.09,-188.88,13,61,6,4,11
2026-02-20,Maceoo Biloxi,2414.52,3050.52,-636,0,4,7,2,1,4
2026-02-20,Online Store,2875.4,2950.4,-75,0,11,12,6,4,9
2026-02-20,Maceoo MGM,3179.15,3393.85,-214.7,0,8,20,6,0,7
2026-02-20,CEOO DUBAI,549,649,-100,0,1,1,0,0,1
2026-02-20,Maceoo Aria,7856.93,8256.93,-400,0,7,84,5,2,7
2026-02-20,Maceoo Resorts World Las Vegas,204.45,204.45,0,0,1,2,0,1,1
2026-02-20,Maceoo Atlantic,2496.45,2496.45,0,0,5,11,3,2,4
2026-02-20,Maceoo Hollywood FL,2055.82,2139.05,-83.23,0,7,16,4,3,7
2026-02-20,Maceoo Cosmo,12371.48,12371.48,0,0,11,41,4,5,9
2026-02-20,Maceoo PR,1289.52,3932.4,-200,-2442.88,4,8,0,4,4
2026-02-21,Maceoo Aria,17435.69,17715.57,-91,-188.88,16,50,2,13,15
2026-02-21,Maceoo Tampa,8107.76,8431.74,-245.58,-78.4,17,38,2,4,7
2026-02-21,Maceoo Atlantic,3764.56,3941.84,-177.28,0,11,27,3,6,10
2026-02-21,Maceoo Hollywood FL,11794.26,13399.33,-648.56,-956.51,26,74,8,9,18
2026-02-21,CEOO DUBAI,933.2,1063,-129.8,0,2,2,1,1,2
2026-02-21,Maceoo Biloxi,1462.92,1462.92,0,0,9,14,7,1,9
2026-02-21,Maceoo MGM,8342.5,9635.11,-1292.61,0,17,76,8,3,11
2026-02-21,Maceoo Resorts World Las Vegas,519.92,519.92,0,0,1,4,0,1,1
2026-02-21,Maceoo Cosmo,2075.55,2075.55,0,0,5,12,4,1,5
2026-02-21,Online Store,1063.07,5449.92,-2293.04,-2093.81,13,7,2,9,11
2026-02-21,Maceoo PR,1370.08,1706.4,-87.21,-249.11,5,7,2,3,5
2026-02-22,Maceoo Cosmo,4477.73,5019.24,-205.48,-336.03,12,20,4,3,7
2026-02-22,Online Store,3736.16,4025.28,-289.12,0,11,20,5,6,11
2026-02-22,Maceoo PR,1009.4,1445.28,-149,-286.88,3,9,1,2,3
2026-02-22,Maceoo MGM,1580.83,1775.36,-35.65,-158.88,8,14,2,3,6
2026-02-22,Maceoo Aria,7099.88,7199.88,-100,0,11,29,7,3,11
2026-02-22,Maceoo Atlantic,524.6,524.6,0,0,2,3,0,1,2
2026-02-22,Maceoo Tampa,9477.28,10435.53,-391.29,-566.96,16,37,4,6,11
2026-02-22,Maceoo Hollywood FL,1271.51,1271.51,0,0,4,10,1,2,4
2026-02-22,Maceoo Biloxi,3804.59,4057.94,-253.35,0,10,19,4,5,10
2026-02-22,Maceoo Resorts World Las Vegas,184.94,205.48,-20.54,0,1,3,1,0,1
2026-02-22,CEOO DUBAI,948,948,0,0,2,2,2,0,2
2026-02-23,Maceoo Tampa,3970.93,9749.29,-3214.77,-2563.59,5,27,1,3,5
2026-02-23,Maceoo Biloxi,967.27,981.04,-13.77,0,4,8,1,2,4
2026-02-23,Maceoo PR,356.88,931.52,0,-574.64,1,2,0,1,1
2026-02-23,Maceoo Hollywood FL,6014.8,6417.58,-402.78,0,7,29,4,3,7
2026-02-23,Maceoo Cosmo,1227.42,1377.19,-149.77,0,3,7,2,1,3
2026-02-23,Maceoo MGM,6062.12,6262.74,-200.62,0,8,25,7,1,8
2026-02-23,Maceoo Atlantic,1892.9,2072.66,-110.88,-68.88,9,19,4,3,7
2026-02-23,Maceoo Aria,3546.84,3546.84,0,0,12,63,8,4,12
2026-02-23,CEOO DUBAI,4020,4020,0,0,2,3,0,0,1
2026-02-23,Online Store,1940.35,2065.35,-125,0,7,15,3,4,7
2026-02-24,CEOO DUBAI,1349,2049,0,-700,3,4,1,0,2
2026-02-24,Online Store,6481.38,7456.56,-911.48,-63.7,16,21,10,6,16
2026-02-24,Maceoo Hollywood FL,2656.34,3485.1,-254.07,-574.69,8,26,3,3,7
2026-02-24,Maceoo Biloxi,836.93,2258.32,-1421.39,0,6,15,3,3,6
2026-02-24,Maceoo MGM,2501.14,2559.94,-58.8,0,8,16,4,3,7
2026-02-24,Maceoo Cosmo,3066.32,3403.2,-336.88,0,4,12,2,2,4
2026-02-24,Maceoo Aria,1693.8,1759.8,-66,0,5,13,2,3,5
2026-02-24,Maceoo Atlantic,1224.91,1381.35,-156.44,0,4,13,2,0,3
2026-02-24,Maceoo Tampa,4924.91,5538.33,-613.42,0,5,13,2,3,4
2026-02-24,Maceoo PR,340,356,-16,0,2,2,1,1,2
2026-02-25,Online Store,1537.04,2385.92,-848.88,0,9,11,5,4,8
2026-02-25,Maceoo MGM,1355.63,1761.29,-15.16,-390.5,4,8,2,2,4
2026-02-25,Maceoo Aria,2308.15,2308.15,0,0,3,71,0,3,3
2026-02-25,Maceoo Cosmo,92,92,0,0,1,1,0,1,1
2026-02-25,Maceoo Hollywood FL,964.97,2256.62,-1013.25,-278.4,5,12,4,1,5
2026-02-25,Maceoo Resorts World Las Vegas,1483.34,1624.78,-141.44,0,5,14,3,1,4
2026-02-25,Maceoo Atlantic,118.88,118.88,0,0,1,1,1,0,1
2026-02-25,Maceoo PR,358.76,517.64,0,-158.88,3,2,1,1,2
2026-02-25,Maceoo Tampa,2781.46,3209.44,-427.98,0,5,21,1,2,4
2026-02-26,Maceoo Hollywood FL,5681.95,6595.36,-438.53,-474.88,12,48,7,4,11
2026-02-26,Maceoo Atlantic,197.76,266.64,0,-68.88,2,2,2,0,2
2026-02-26,Maceoo Tampa,1331.22,1696.51,-76.41,-288.88,4,12,2,1,4
2026-02-26,Maceoo MGM,898.23,898.23,0,0,2,7,1,0,2
2026-02-26,Maceoo Biloxi,241.88,257.76,-15.88,0,2,2,2,0,2
2026-02-26,Maceoo Aria,5205.36,5205.36,0,0,8,31,1,5,7
2026-02-26,Maceoo Resorts World Las Vegas,205.48,205.48,0,0,1,3,1,0,1
2026-02-26,CEOO DUBAI,888,888,0,0,1,3,1,0,1
2026-02-26,Maceoo PR,1189.11,1712.28,-523.17,0,5,12,3,2,5
2026-02-26,Maceoo Cosmo,2853.23,2853.23,0,0,4,17,1,3,4
2026-02-26,Online Store,2286.16,3098.16,-812,0,10,15,4,6,10
2026-02-27,Maceoo Hollywood FL,16133.89,17537.78,-985.01,-418.88,28,79,11,12,23
2026-02-27,Maceoo PR,690.64,690.64,0,0,6,6,3,3,6
2026-02-27,Maceoo Tampa,2377.78,2942.31,-564.53,0,8,29,3,2,6
2026-02-27,Maceoo Resorts World Las Vegas,335.91,335.91,0,0,1,3,1,0,1
2026-02-27,Maceoo MGM,2629.82,3036.68,-406.86,0,8,19,3,2,5
2026-02-27,Maceoo Cosmo,3626.65,3776.65,-150,0,8,20,7,1,7
2026-02-27,Maceoo Atlantic,6000.46,6016.46,-16,0,9,38,1,7,9
2026-02-27,Maceoo Aria,22137.6,24520.6,-2184.12,-198.88,19,124,8,7,15
2026-02-27,Online Store,4022.76,6694.2,-2671.44,0,15,25,4,11,15
2026-02-27,WEB - Quiet LLC,260,476.88,-216.88,0,2,2,0,2,2
2026-02-27,Maceoo Biloxi,622.4,1257.92,-381.3,-254.22,4,7,1,2,4
2026-02-27,CEOO DUBAI,386,386,0,0,2,2,0,0,1
2026-02-28,Maceoo Tampa,6546.31,7081.4,-120.21,-414.88,16,48,2,7,10
2026-02-28,Maceoo Atlantic,5572.88,5803.8,-72.92,-158,15,30,3,10,14
2026-02-28,Maceoo Biloxi,2869.76,2901.44,-31.68,0,12,17,7,4,12
2026-02-28,Maceoo Resorts World Las Vegas,510.55,510.55,0,0,3,6,3,0,3
2026-02-28,Maceoo MGM,6443.64,7174.53,-572.89,-158,14,39,7,3,11
2026-02-28,Maceoo PR,2515.33,2668.56,-16,-137.23,8,16,3,4,6
2026-02-28,Maceoo Cosmo,3815.6,3891.35,-75.75,0,6,15,5,1,5
2026-02-28,CEOO DUBAI,6916.05,7155.88,-239.83,0,7,10,5,0,6
2026-02-28,Maceoo Aria,5355.49,8845.29,-3489.8,0,16,113,3,12,16
2026-02-28,Maceoo Hollywood FL,11111.28,12678.36,-676.21,-890.87,32,70,16,12,29
2026-02-28,Online Store,1799.33,3982.72,-1437.01,-746.38,15,26,6,9,15
2026-03-01,Maceoo Atlantic,2660.8,2660.8,0,0,5,16,0,5,5
2026-03-01,Maceoo PR,1036.88,1036.88,0,0,3,7,2,1,3
2026-03-01,Maceoo Biloxi,254.99,576.64,-22.77,-298.88,2,3,1,1,2
2026-03-01,Maceoo Tampa,1426.77,1476.5,-49.73,0,3,9,0,2,3
2026-03-01,Online Store,6027.63,6296.96,-269.33,0,15,30,10,5,14
2026-03-01,CEOO DUBAI,1676,1796,-120,0,3,5,3,0,3
2026-03-01,Maceoo Hollywood FL,11919.76,12786.64,-866.88,0,19,50,4,8,13
2026-03-01,Maceoo Cosmo,3739.32,4074.4,-335.08,0,9,27,3,5,8
2026-03-01,Maceoo Resorts World Las Vegas,2548.87,4906.85,0,-2357.98,6,7,1,4,5
2026-03-01,Maceoo MGM,1475.39,1954.71,-101.56,-377.76,2,5,2,0,2
2026-03-01,Maceoo Aria,12217.02,15700.21,-907.96,-2575.23,10,37,6,3,9
2026-03-02,Maceoo Resorts World Las Vegas,1228.09,1228.09,0,0,2,6,2,0,2
2026-03-02,Maceoo MGM,1979.53,2340.65,-361.12,0,12,26,8,2,11
2026-03-02,CEOO DUBAI,1290,2580,0,-1290,2,1,0,1,1
2026-03-02,Maceoo Tampa,2345.92,2345.92,0,0,3,16,2,0,3
2026-03-02,Maceoo Aria,1176.12,1454.12,-278,0,7,15,5,2,7
2026-03-02,Maceoo Hollywood FL,4191.2,4644.28,-453.08,0,7,23,3,3,7
2026-03-02,Maceoo Cosmo,198.06,378.06,-180,0,1,3,0,1,1
2026-03-02,Maceoo PR,934.4,1000.4,-66,0,4,7,2,2,4
2026-03-02,Maceoo Atlantic,1398.72,1557.6,0,-158.88,4,8,0,3,3
2026-03-02,Online Store,5077.46,5450.26,-372.8,0,18,29,9,9,18
2026-03-03,Maceoo Resorts World Las Vegas,614.64,614.64,0,0,4,4,3,1,4
2026-03-03,Maceoo Hollywood FL,1598.06,2148.93,-223.99,-326.88,7,9,3,1,5
2026-03-03,Maceoo Aria,241.34,4786.06,-1588.88,-2955.84,15,-1,12,2,14
2026-03-03,Maceoo MGM,905.01,1152.45,-247.44,0,4,56,3,1,4
2026-03-03,Maceoo Tampa,516.72,516.72,0,0,3,10,1,2,3
2026-03-03,Maceoo Atlantic,2960.89,4015.77,0,-1054.88,8,16,4,3,7
2026-03-03,Maceoo PR,108,286.88,-50,-128.88,1,1,0,1,1
2026-03-03,Maceoo Biloxi,1271.64,1331.52,-59.88,0,3,6,1,1,2
2026-03-03,Online Store,1780.4,2236.4,-456,0,7,8,1,6,7
2026-03-04,Maceoo Hollywood FL,2351.88,2550.41,-39.65,-158.88,12,21,5,5,11
2026-03-04,Maceoo Biloxi,252.76,252.76,0,0,3,3,3,0,3
2026-03-04,WEB - Quiet LLC,566.64,566.64,0,0,1,3,1,0,1
2026-03-04,Maceoo Cosmo,4467.27,4754.26,-286.99,0,8,24,6,1,8
2026-03-04,Maceoo PR,1013.64,1013.64,0,0,3,5,2,1,3
2026-03-04,Maceoo Atlantic,823.04,914.82,-91.78,0,4,8,2,2,3
2026-03-04,CEOO DUBAI,2324,2509,-185,0,1,4,1,0,1
2026-03-04,Online Store,4028.78,4078.78,-50,0,14,21,10,4,13
2026-03-04,Maceoo MGM,3756.85,5310.85,-425.55,-1128.45,12,29,8,1,9
2026-03-04,Maceoo Tampa,2232.59,2393.46,-160.87,0,7,14,1,1,3
2026-03-04,Maceoo Aria,3906.13,4845.13,-623.52,-315.48,11,35,7,3,10
2026-03-05,Maceoo PR,908.64,924.64,-16,0,3,4,2,1,3
2026-03-05,Maceoo Biloxi,816.76,886.64,-69.88,0,3,3,2,0,3
2026-03-05,Maceoo MGM,3436.45,3488.65,-52.2,0,7,14,5,0,6
2026-03-05,CEOO DUBAI,1047.04,1077,-29.96,0,1,2,0,1,1
2026-03-05,Maceoo Tampa,2176.66,2612.41,-435.75,0,7,21,2,2,5
2026-03-05,Maceoo Hollywood FL,7108.42,7413.19,-304.77,0,16,42,8,7,15
2026-03-05,Maceoo Resorts World Las Vegas,26.6,26.6,0,0,1,2,1,0,1
2026-03-05,Online Store,4423.06,6181.58,-1758.52,0,22,29,14,8,22
2026-03-05,Maceoo Aria,2742.01,4722.66,-1980.65,0,9,25,6,3,9
2026-03-05,Maceoo Atlantic,616.05,616.05,0,0,4,6,1,3,4
2026-03-05,Maceoo Cosmo,3765.6,3855.6,-90,0,6,21,4,2,6
2026-03-06,Maceoo Tampa,1383.76,1383.76,0,0,3,4,1,1,3
2026-03-06,CEOO DUBAI,1574,1574,0,0,2,6,2,0,2
2026-03-06,Online Store,8207.46,11847.55,-1314.79,-2325.3,26,34,9,15,24
2026-03-06,Maceoo MGM,5993.58,6768.26,-774.68,0,14,38,10,1,12
2026-03-06,Maceoo Hollywood FL,12524.14,15100,-1034.42,-1541.44,20,60,8,9,16
2026-03-06,Maceoo PR,993.28,1369.04,-247.76,-128,4,8,2,1,3
2026-03-06,Maceoo Atlantic,4484.92,4916.96,-63.07,-368.97,11,32,2,8,11
2026-03-06,Maceoo Aria,15344.99,15977.35,-238.88,-393.48,16,56,7,8,13
2026-03-06,Maceoo Cosmo,3862.76,4127.52,-145.88,-118.88,5,16,3,2,5
2026-03-06,Maceoo Resorts World Las Vegas,2061.03,2158.47,-97.44,0,7,14,6,0,7
2026-03-06,Maceoo Biloxi,1584.27,1619.04,-34.77,0,7,10,6,1,6
2026-03-07,Maceoo Aria,11872,12630.32,-758.32,0,18,48,5,12,17
2026-03-07,Maceoo Resorts World Las Vegas,1507.64,1507.64,0,0,4,7,3,1,4
2026-03-07,Maceoo MGM,4488.93,4597.25,-108.32,0,9,21,5,1,7
2026-03-07,Maceoo Biloxi,3402.06,3729.32,-327.26,0,8,16,2,5,8
2026-03-07,Maceoo Hollywood FL,12698.12,12837.62,-139.5,0,19,63,10,6,17
2026-03-07,CEOO DUBAI,7063,7063,0,0,5,10,2,0,3
2026-03-07,Maceoo Atlantic,27414.05,28775.91,-1361.86,0,35,113,23,10,34
2026-03-07,Maceoo Tampa,3537.54,3585.2,-47.66,0,7,18,2,1,4
2026-03-07,Maceoo PR,1617.76,1974.52,-197.88,-158.88,7,14,3,2,6
2026-03-07,Online Store,1933.62,6100.3,-2867.92,-1298.76,19,19,10,9,19
2026-03-07,Maceoo Cosmo,10802.37,11933.99,-425.51,-706.11,15,42,9,6,14
2026-03-08,Maceoo Atlantic,6657.94,7532.64,0,-874.7,14,22,5,8,13
2026-03-08,Online Store,5795.56,6020.56,-225,0,17,30,8,8,16
2026-03-08,Maceoo Aria,1961.59,2463.25,0,-501.66,6,19,2,3,5
2026-03-08,CEOO DUBAI,60,60,0,0,1,1,1,0,1
2026-03-08,Maceoo MGM,3179.24,3214.44,-35.2,0,10,23,6,1,8
2026-03-08,Maceoo Cosmo,8068.66,8163.54,-94.88,0,13,31,8,5,12
2026-03-08,Maceoo Tampa,4664.89,4706.21,-41.32,0,8,40,1,6,8
2026-03-08,Maceoo PR,2583.12,3099.44,-421.88,-94.44,6,15,1,3,4
2026-03-08,Maceoo Biloxi,357.76,373.64,-15.88,0,3,3,1,0,2
2026-03-08,Maceoo Hollywood FL,6993.89,8647.69,-920.04,-733.76,15,43,2,5,8
2026-03-08,Maceoo Resorts World Las Vegas,903.52,903.52,0,0,2,5,0,2,2
2026-03-09,Maceoo Aria,3131.74,3244.74,-113,0,6,38,3,2,6
2026-03-09,Maceoo Atlantic,11247.93,21545.76,-47.83,-10250,5,5,1,4,4
2026-03-09,Maceoo Biloxi,919.88,1051.52,-22.76,-108.88,8,7,5,2,8
2026-03-09,Online Store,3206.44,3371.04,-164.6,0,11,18,5,6,11
2026-03-09,CEOO DUBAI,538.2,598,-59.8,0,1,1,1,0,1
2026-03-09,Maceoo Hollywood FL,1424.03,1431.53,-7.5,0,6,13,4,2,6
2026-03-09,Maceoo Resorts World Las Vegas,2411.35,2411.35,0,0,6,14,5,1,6
2026-03-09,Maceoo MGM,2002.25,2163.76,-161.51,0,6,11,4,1,5
2026-03-09,Maceoo Tampa,863.51,863.51,0,0,4,9,1,1,2
2026-03-09,Maceoo Cosmo,5277.67,5651.67,-374,0,8,29,7,1,8
2026-03-10,Maceoo Atlantic,294.88,294.88,0,0,2,3,1,1,2
2026-03-10,CEOO DUBAI,1021,1021,0,0,2,3,2,0,2
2026-03-10,Maceoo PR,813.64,1290.28,-476.64,0,3,8,1,2,3
2026-03-10,Maceoo Hollywood FL,5074.87,7432.63,-2071.54,-286.22,8,16,3,3,6
2026-03-10,Maceoo Biloxi,269,298.88,-29.88,0,1,1,1,0,1
2026-03-10,Maceoo Cosmo,721.26,3275.84,0,-2554.58,4,3,1,1,3
2026-03-10,Maceoo Resorts World Las Vegas,2956.87,3681.84,-724.97,0,3,23,2,1,3
2026-03-10,Maceoo Tampa,2709.51,3130.97,-197.6,-223.86,6,116,2,3,6
2026-03-10,Maceoo Aria,935.21,935.21,0,0,5,10,2,0,3
2026-03-10,Online Store,3866.96,9078.88,-5211.92,0,25,33,7,15,21
2026-03-10,Maceoo MGM,1788.87,1819.6,-30.73,0,5,13,3,1,5
2026-03-11,Maceoo Biloxi,453.52,453.52,0,0,3,4,3,0,3
2026-03-11,Maceoo PR,762.64,762.64,0,0,2,5,2,0,2
2026-03-11,Maceoo Aria,7937.36,8379.36,-442,0,11,56,6,4,11
2026-03-11,Online Store,5859.68,9023.95,-3164.27,0,18,41,5,12,17
2026-03-11,Maceoo Tampa,1607.28,1739.77,0,-132.49,5,9,2,2,4
2026-03-11,Maceoo Resorts World Las Vegas,492.96,736.28,-64.44,-178.88,2,9,2,0,2
2026-03-11,Maceoo Atlantic,2308.39,2313.56,-5.17,0,7,13,4,2,7
2026-03-11,Maceoo Cosmo,4724.6,4774.6,-50,0,4,11,3,1,4
2026-03-11,Maceoo Hollywood FL,2835.67,4476.86,-209.56,-1431.63,10,16,3,6,9
2026-03-11,CEOO DUBAI,3273,3398,-125,0,2,5,2,0,2
2026-03-11,Maceoo MGM,4071.99,4870.68,-798.69,0,5,12,2,1,4
2026-03-12,Maceoo Aria,5881.01,6753.99,-309.64,-563.34,10,44,6,2,8
2026-03-12,Maceoo Cosmo,2356.44,2607.28,-250.84,0,2,9,1,1,2
2026-03-12,Online Store,245.38,3661.2,-986.76,-2429.06,15,18,8,6,14
2026-03-12,Maceoo MGM,454.63,454.63,0,0,2,4,2,0,2
2026-03-12,Maceoo Hollywood FL,2783.91,2783.91,0,0,9,23,4,4,9
2026-03-12,Maceoo Atlantic,2689.85,3869.93,-23.08,-1157,9,17,1,6,8
2026-03-12,Maceoo Biloxi,1920.28,1920.28,0,0,5,8,5,0,5
2026-03-12,Maceoo Resorts World Las Vegas,139.76,139.76,0,0,2,2,1,0,2
2026-03-12,Maceoo PR,1177.28,1227.28,-50,0,4,9,2,2,4
2026-03-12,Maceoo Tampa,3831.94,3831.94,0,0,7,21,2,2,5
2026-03-13,Maceoo Cosmo,14985.09,15766.33,-781.24,0,15,44,9,6,14
2026-03-13,Online Store,6761.82,7483.68,-721.86,0,27,43,9,18,27
2026-03-13,Maceoo Atlantic,3214.62,3264.62,-50,0,7,29,3,3,6
2026-03-13,Maceoo Aria,7727.73,8593.4,-865.67,0,13,32,8,5,13
2026-03-13,Maceoo MGM,1863.23,1883.67,-20.44,0,6,10,4,1,6
2026-03-13,Maceoo Biloxi,471.2,729.4,-59.32,-198.88,3,5,3,0,3
2026-03-13,Maceoo Resorts World Las Vegas,595.76,724.64,0,-128.88,2,3,0,1,2
2026-03-13,Maceoo Hollywood FL,7455.19,8114.07,-658.88,0,11,23,5,5,11
2026-03-13,Maceoo Tampa,2708.81,2784.36,-75.55,0,11,25,3,7,10
2026-03-13,Maceoo PR,428.88,478.88,-50,0,2,24,0,2,2
2026-03-13,CEOO DUBAI,1767,1818,-51,0,2,5,1,0,2
2026-03-14,Online Store,5877.92,6524.8,-646.88,0,21,37,10,11,21
2026-03-14,Maceoo Cosmo,11669.31,12080.56,-411.25,0,13,35,7,6,13
2026-03-14,Maceoo Tampa,2366.14,4286.08,-1919.94,0,10,25,4,4,8
2026-03-14,Maceoo MGM,6218.03,7076.91,-858.88,0,19,42,10,2,13
2026-03-14,Maceoo Resorts World Las Vegas,1485.14,1485.14,0,0,3,6,1,1,3
2026-03-14,Maceoo Aria,6842.11,8451.86,-1609.75,0,16,85,9,7,15
2026-03-14,CEOO DUBAI,2805.7,3380,-186.3,-388,6,8,2,2,4
2026-03-14,Maceoo Atlantic,4493.59,4586.16,-92.57,0,18,35,7,9,17
2026-03-14,Maceoo Biloxi,668.94,698.6,-29.66,0,8,8,2,4,7
2026-03-14,Maceoo Hollywood FL,25562.9,37774.78,-12113,-98.88,21,47,9,10,15
2026-03-14,Maceoo PR,1401.04,1467.04,-66,0,7,10,0,7,7
2026-03-15,Maceoo Aria,4735.56,4768.56,-33,0,8,27,3,5,8
2026-03-15,Maceoo Biloxi,69.22,98.88,-29.66,0,1,1,0,1,1
2026-03-15,Maceoo Tampa,3148.74,3485.57,-20.83,-316,8,13,3,2,6
2026-03-15,Maceoo Atlantic,198,1034.64,-836.64,0,2,4,0,2,2
2026-03-15,Maceoo MGM,4075.03,4377.72,-302.69,0,9,25,4,4,8
2026-03-15,CEOO DUBAI,162,162,0,0,1,1,0,0,1
2026-03-15,Maceoo Cosmo,7200.38,8029.5,-829.12,0,7,16,3,4,7
2026-03-15,Maceoo PR,1934.64,2248.64,-116,-198,4,11,2,2,4
2026-03-15,Online Store,6267.56,8020.96,-1144.88,-608.52,29,40,14,14,28
2026-03-15,Maceoo Hollywood FL,4781.18,14169.86,-3237.8,-6150.88,13,33,5,7,11
2026-03-16,Maceoo Resorts World Las Vegas,1091.84,1091.84,0,0,2,7,1,1,2
2026-03-16,Online Store,532.88,6164.92,-2263.5,-3368.54,20,12,9,9,18
2026-03-16,Maceoo Tampa,937.2,996.6,-59.4,0,4,7,2,1,4
2026-03-16,Maceoo Atlantic,554,554,0,0,2,3,1,1,2
2026-03-16,Maceoo Hollywood FL,1517.91,1542.91,-25,0,6,14,2,3,6
2026-03-16,Maceoo Aria,15037.15,15037.15,0,0,8,39,4,3,6
2026-03-16,Maceoo MGM,698.52,1087.88,-246.26,-143.1,3,6,2,0,3
2026-03-16,Maceoo Biloxi,614.76,614.76,0,0,2,2,1,1,2
2026-03-16,Maceoo Cosmo,2935.54,2977.31,-41.77,0,3,14,1,2,3
2026-03-16,CEOO DUBAI,108,120,-12,0,1,1,0,0,1
2026-03-16,Maceoo PR,273.88,356.88,-83,0,1,2,0,1,1
2026-03-17,Maceoo Tampa,1468.61,1468.61,0,0,4,5,3,1,4
2026-03-17,Maceoo MGM,1526.57,1639.64,-113.07,0,4,12,3,0,4
2026-03-17,Online Store,5788.38,6216.26,-377.88,-50,22,32,16,6,22
2026-03-17,Maceoo Aria,4211.5,4802.38,0,-590.88,5,13,2,2,4
2026-03-17,Maceoo Hollywood FL,12852.59,22797.72,-1831.61,-8113.52,15,65,4,7,11
2026-03-17,CEOO DUBAI,328,328,0,0,2,2,0,1,2
2026-03-17,Maceoo PR,1117.52,1117.52,0,0,4,8,1,3,4
2026-03-17,Maceoo Atlantic,4368.71,4418.71,-50,0,8,26,3,5,7
2026-03-17,Maceoo Resorts World Las Vegas,274.21,274.21,0,0,3,5,1,1,3
2026-03-17,Maceoo Cosmo,4560.87,4962.63,-401.76,0,8,23,5,1,6
2026-03-18,Maceoo MGM,614.66,630.94,-16.28,0,4,8,2,1,4
2026-03-18,Maceoo Resorts World Las Vegas,565.79,913.79,0,-348,3,8,3,0,3
2026-03-18,Maceoo Hollywood FL,3052.33,3200.53,-148.2,0,8,19,7,0,8
2026-03-18,Maceoo Aria,5838.63,6024.94,-186.31,0,10,34,4,5,10
2026-03-18,Maceoo Atlantic,2804.33,2804.33,0,0,7,16,2,4,7
2026-03-18,Maceoo PR,642.64,642.64,0,0,4,5,2,2,4
2026-03-18,CEOO DUBAI,4786.73,5146.88,-360.15,0,3,3,0,0,1
2026-03-18,Maceoo Tampa,1300.17,1520.16,-72.99,-147,7,14,2,2,5
2026-03-18,Online Store,7027.41,9189.14,-1766.04,-395.69,40,47,24,15,39
2026-03-18,Maceoo Cosmo,3863.49,4959.94,-276.45,-820,7,12,4,2,5
2026-03-18,Maceoo Biloxi,1142.72,1229.04,-86.32,0,4,10,2,2,4
2026-03-19,Maceoo MGM,827.99,857.11,-29.12,0,3,7,2,0,3
2026-03-19,Maceoo Atlantic,1759.64,1847.64,0,-88,4,9,2,2,4
2026-03-19,Maceoo Aria,12052.26,14165.63,-1717.37,-396,19,54,11,7,18
2026-03-19,Maceoo Tampa,4473.5,4497.33,-23.83,0,3,27,2,1,3
2026-03-19,Online Store,10088.03,11547.99,-795.96,-664,55,94,26,28,54
2026-03-19,Maceoo PR,1119.52,1277.52,-23.88,-134.12,4,7,2,2,4
2026-03-19,Maceoo Hollywood FL,11572.39,12869.74,-882.47,-414.88,14,40,9,5,14
2026-03-19,Maceoo Biloxi,1009.28,1009.28,0,0,4,8,2,0,3
2026-03-19,CEOO DUBAI,8386.6,8464,-77.4,0,3,3,2,1,3
2026-03-19,Maceoo Resorts World Las Vegas,257.25,307.25,-50,0,1,3,1,0,1
2026-03-19,Maceoo Cosmo,2552.08,2552.08,0,0,4,9,2,2,4
2026-03-20,Maceoo Atlantic,4259.05,4259.05,0,0,8,22,3,4,7
2026-03-20,Maceoo Tampa,1532.9,1678.2,-145.3,0,6,16,2,4,6
2026-03-20,Maceoo Hollywood FL,13218.43,15698.4,-1518.7,-961.27,21,59,5,11,17
2026-03-20,CEOO DUBAI,5294,5603,-309,0,4,10,2,2,3
2026-03-20,Maceoo Biloxi,2156.08,2175.88,-19.8,0,8,13,2,4,7
2026-03-20,Maceoo Resorts World Las Vegas,128.88,128.88,0,0,1,1,0,1,1
2026-03-20,Maceoo Cosmo,4638.1,4699.23,-61.13,0,6,16,4,2,6
2026-03-20,Online Store,9630.13,10270.07,-596.97,-42.97,49,72,33,16,49
2026-03-20,Maceoo MGM,3515.99,3618.73,-102.74,0,13,32,6,2,9
2026-03-20,Maceoo Aria,5846.15,6771.67,-925.52,0,14,86,7,7,14
2026-03-21,Maceoo Resorts World Las Vegas,81.09,81.09,0,0,1,2,1,0,1
2026-03-21,Maceoo Tampa,3179.2,3376.86,-197.66,0,10,22,5,5,10
2026-03-21,Maceoo MGM,4037.94,4109.66,-71.72,0,15,31,8,2,11
2026-03-21,Online Store,3962.24,4401.6,-320.48,-118.88,31,34,26,5,31
2026-03-21,Maceoo Cosmo,5388.55,6041.91,-653.36,0,8,26,7,1,7
2026-03-21,CEOO DUBAI,3772.6,3932.25,-159.65,0,4,6,2,0,3
2026-03-21,Maceoo Atlantic,6718.67,7087.78,-59.6,-309.51,17,46,8,9,16
2026-03-21,Maceoo PR,3556.07,3596.04,-39.97,0,12,22,6,6,12
2026-03-21,Maceoo Hollywood FL,20635.44,22737.45,-1959.81,-142.2,27,86,12,10,23
2026-03-21,Maceoo Biloxi,1597.28,1597.28,0,0,9,12,7,2,9
2026-03-21,Maceoo Aria,46412.92,48831.56,-166,-2252.64,25,121,12,11,22
2026-03-22,Maceoo MGM,3294.79,3556.15,-261.36,0,9,23,4,2,7
2026-03-22,Maceoo Hollywood FL,6086.01,6212.57,-126.56,0,13,43,2,7,10
2026-03-22,Maceoo Cosmo,6658.51,6658.51,0,0,8,21,6,2,8
2026-03-22,Maceoo Tampa,1269.64,1443.76,-16.12,-158,8,8,2,4,6
2026-03-22,Maceoo Aria,1958.61,2433.49,0,-474.88,8,18,7,1,8
2026-03-22,Online Store,6888.29,7425.89,-537.6,0,36,52,29,7,35
2026-03-22,Maceoo PR,3334.6,4116.8,-782.2,0,7,21,0,4,4
2026-03-22,Maceoo Atlantic,2972.43,3903.51,-147.32,-783.76,8,17,4,2,7
2026-03-22,Maceoo Biloxi,286.64,286.64,0,0,3,3,1,1,3
2026-03-22,Maceoo Resorts World Las Vegas,210.64,210.64,0,0,2,3,0,1,2
2026-03-23,Maceoo MGM,2357.55,2524.52,-16.87,-150.1,7,15,6,0,7
2026-03-23,Maceoo PR,397.76,397.76,0,0,1,2,1,0,1
2026-03-23,Maceoo Biloxi,78,78,0,0,1,1,0,1,1
2026-03-23,Maceoo Hollywood FL,7241.26,7927.6,-482.8,-203.54,10,32,2,7,9
2026-03-23,Maceoo Atlantic,4991.9,5660.04,-294.17,-373.97,12,31,2,6,8
2026-03-23,Maceoo Tampa,2564.97,3094.43,-126.94,-402.52,5,58,2,3,5
2026-03-23,Maceoo Resorts World Las Vegas,1288.91,1288.91,0,0,4,15,4,0,4
2026-03-23,Maceoo Aria,4674.74,5132.07,-253.79,-203.54,12,28,6,6,12
2026-03-23,Online Store,6020.04,7566.36,-1496.88,-49.44,38,60,31,7,38
2026-03-23,Maceoo Cosmo,2943.76,3021.52,-77.76,0,6,18,2,4,6
2026-03-23,CEOO DUBAI,9187,11062,-75,-1800,6,17,0,4,5
2026-03-24,Maceoo Tampa,1415.6,1439.43,-23.83,0,4,10,2,2,4
2026-03-24,Maceoo PR,715.88,898.88,-183,0,3,6,0,3,3
2026-03-24,CEOO DUBAI,361.24,640.24,0,-279,3,3,1,1,2
2026-03-24,Maceoo Aria,8190.64,8190.64,0,0,10,45,7,3,10
2026-03-24,Maceoo Atlantic,1175.68,1522.88,-149.2,-198,4,3,0,3,3
2026-03-24,Maceoo Hollywood FL,1141.42,1141.42,0,0,4,8,3,1,4
2026-03-24,Maceoo Resorts World Las Vegas,257.76,257.76,0,0,1,2,1,0,1
2026-03-24,Maceoo Cosmo,3025.18,3229.98,-204.8,0,5,14,0,5,5
2026-03-24,Maceoo Biloxi,2004.47,2180.47,-176,0,8,18,4,3,7
2026-03-24,Maceoo MGM,1998.37,2366.17,-367.8,0,6,13,3,1,4
2026-03-24,WEB - Quiet LLC,0,178.88,-178.88,0,1,1,0,1,1
2026-03-24,Online Store,6088.08,7771.87,-1683.79,0,37,56,28,8,36
2026-03-25,Maceoo Cosmo,961.69,961.69,0,0,3,8,2,1,3
2026-03-25,Maceoo MGM,1528.16,1914.7,-188.54,-198,11,18,9,2,10
2026-03-25,Maceoo Aria,2851.13,2973.05,-121.92,0,9,20,5,4,9
2026-03-25,Maceoo Biloxi,368.01,408.9,-40.89,0,1,3,1,0,1
2026-03-25,Online Store,3203.04,3253.04,-50,0,25,27,22,3,25
2026-03-25,Maceoo Hollywood FL,15820.44,19327.65,-3349.21,-158,10,42,3,5,9
2026-03-25,Maceoo PR,287.76,446.64,-158.88,0,3,3,0,3,3
2026-03-25,CEOO DUBAI,26738.89,61256.14,-9004.5,-25512.75,5,33,3,1,5
2026-03-25,Maceoo Tampa,2942.02,2942.02,0,0,5,10,2,2,5
2026-03-25,Maceoo Resorts World Las Vegas,2203.07,2203.07,0,0,4,15,4,0,4
2026-03-25,Maceoo Atlantic,2121.28,2121.28,0,0,4,12,3,1,4
2026-03-26,Maceoo Cosmo,2461.6,2540.48,-78.88,0,7,16,3,4,7
2026-03-26,Maceoo Hollywood FL,5717.93,5797.3,-79.37,0,10,42,2,7,10
2026-03-26,Maceoo Biloxi,462.63,478.28,-15.65,0,5,6,4,0,5
2026-03-26,Maceoo Atlantic,2649.23,2762.5,-113.27,0,7,15,3,4,7
2026-03-26,Maceoo PR,256,256,0,0,1,2,1,0,1
2026-03-26,Online Store,4344.97,6293.61,-1948.64,0,34,43,21,12,33
2026-03-26,Maceoo Aria,6324.19,6415.24,-91.05,0,12,42,8,3,11
2026-03-26,Maceoo Tampa,757.85,1009.05,-92.32,-158.88,4,9,1,3,4
2026-03-26,Maceoo Resorts World Las Vegas,844.4,844.4,0,0,2,8,2,0,2
2026-03-26,Maceoo MGM,529.63,564.84,-35.21,0,4,7,3,1,4
2026-03-27,CEOO DUBAI,1639.38,1739.38,-100,0,1,5,1,0,1
2026-03-27,Maceoo Resorts World Las Vegas,502.42,502.42,0,0,2,3,1,1,2
2026-03-27,Maceoo Cosmo,3601.3,3601.3,0,0,10,23,9,1,9
2026-03-27,Maceoo PR,898.08,1126.4,-228.32,0,5,9,2,2,4
2026-03-27,Online Store,9156.24,10035.52,-879.28,0,48,86,25,23,48
2026-03-27,Maceoo Aria,12480.42,12728.42,-248,0,26,70,13,10,22
2026-03-27,Maceoo Biloxi,436.51,1142.99,-30.72,-675.76,8,12,4,2,6
2026-03-27,Maceoo Atlantic,836,912.88,-76.88,0,6,10,3,2,6
2026-03-27,Maceoo MGM,3267.95,3567.83,-100,-199.88,11,30,6,2,9
2026-03-27,Maceoo Tampa,5049.82,6272.91,-709.09,-514,14,27,3,6,10
2026-03-27,Venetian,485.87,485.87,0,0,5,12,4,1,4
2026-03-27,Maceoo Hollywood FL,8227.81,9187.83,-960.02,0,19,58,7,12,18
2026-03-28,Maceoo Aria,18707.21,21692.99,-2985.78,0,35,280,17,17,35
2026-03-28,Maceoo Cosmo,2687.38,2687.38,0,0,8,17,6,2,8
2026-03-28,Venetian,1800.86,1800.86,0,0,10,23,10,0,10
2026-03-28,Maceoo Hollywood FL,13152.23,14347.14,-1194.91,0,11,48,6,4,11
2026-03-28,Maceoo MGM,2386.37,3372.46,-528.47,-457.62,14,25,9,3,13
2026-03-28,Maceoo PR,3541.83,6355.76,-33,-2780.93,16,24,2,10,11
2026-03-28,CEOO DUBAI,12376.33,14653.74,-532.23,-1745.18,8,14,2,2,5
2026-03-28,Maceoo Atlantic,7120.35,7495.94,-375.59,0,18,46,6,9,16
2026-03-28,Online Store,6606.7,7315.68,-708.98,0,39,50,26,13,39
2026-03-28,Maceoo Biloxi,2214.25,2287.11,-72.86,0,9,17,6,3,9
2026-03-28,Maceoo Tampa,7869.35,9520.93,-906.42,-745.16,17,37,5,7,13
2026-03-28,Maceoo Resorts World Las Vegas,877.95,877.95,0,0,2,5,1,1,2
2026-03-29,Maceoo Resorts World Las Vegas,2095.78,2537.17,-441.39,0,2,6,2,0,2
2026-03-29,Maceoo Atlantic,2573.69,2700.58,-126.89,0,8,19,3,3,7
2026-03-29,Maceoo Cosmo,5019.7,5213.02,-193.32,0,11,35,6,4,11
2026-03-29,CEOO DUBAI,7555.9,7710.9,-155,0,5,9,1,3,4
2026-03-29,Maceoo MGM,2367.97,2411.1,-43.13,0,9,18,7,1,8
2026-03-29,Maceoo Hollywood FL,13337.83,18330.19,-17.36,-4975,15,43,2,8,10
2026-03-29,Maceoo Tampa,4018.85,4647.95,-29.1,-600,14,27,3,5,9
2026-03-29,Maceoo Aria,6099.78,6693.9,-594.12,0,17,98,7,6,12
2026-03-29,Venetian,2895.92,2895.92,0,0,11,29,10,0,11
2026-03-29,Maceoo PR,3302.8,3368.8,-66,0,6,20,2,4,6
2026-03-29,Online Store,7390.26,7888.2,-502.76,4.82,47,57,37,10,47
2026-03-29,Maceoo Biloxi,1830.51,1943.14,-112.63,0,8,21,6,2,8
2026-03-30,Venetian,899.67,899.67,0,0,3,10,0,0,1
2026-03-30,Maceoo PR,754.4,1020.4,-266,0,3,7,0,3,3
2026-03-30,Online Store,4628.54,7711.78,-2117.35,-965.89,38,43,27,11,38
2026-03-30,Maceoo Biloxi,257.76,257.76,0,0,2,2,0,1,1
2026-03-30,Maceoo Tampa,1310.42,1410.42,-100,0,4,9,2,1,4
2026-03-30,Maceoo Aria,5103.62,5436.14,-332.52,0,8,44,4,4,8
2026-03-30,CEOO DUBAI,1316,1316,0,0,2,2,1,0,2
2026-03-30,Maceoo Cosmo,12812.11,13115.75,-303.64,0,11,46,6,4,10
2026-03-30,Maceoo Resorts World Las Vegas,140.96,140.96,0,0,1,1,0,1,1
2026-03-30,Maceoo Hollywood FL,4730.13,5011.83,-182.82,-98.88,12,38,6,6,11
2026-03-30,Maceoo Atlantic,1939.82,1995.92,-56.1,0,4,13,2,1,4
2026-03-30,Maceoo MGM,4735.63,4885.63,-150,0,8,26,6,2,8
2026-03-31,Maceoo Atlantic,2693.99,4210.51,-1516.52,0,8,23,7,1,7
2026-03-31,Maceoo Resorts World Las Vegas,565.46,565.46,0,0,2,5,2,0,2
2026-03-31,Maceoo Biloxi,964.93,964.93,0,0,3,27,2,1,3
2026-03-31,Maceoo Tampa,2206.16,3005.04,-798.88,0,6,13,2,3,6
2026-03-31,CEOO DUBAI,468.77,477.8,-9.03,0,1,3,1,0,1
2026-03-31,Maceoo PR,398.76,398.76,0,0,2,2,2,0,2
2026-03-31,Maceoo Hollywood FL,4647.1,4887.86,-240.76,0,11,20,3,6,10
2026-03-31,Online Store,4903.06,5067.16,-164.1,0,54,57,47,7,54
2026-03-31,Maceoo Cosmo,6777.24,6927.24,-150,0,6,26,2,4,6
2026-03-31,Maceoo Aria,3353.83,3353.83,0,0,8,47,4,3,8
2026-03-31,Maceoo MGM,1974.2,2347.39,-175.19,-198,9,24,6,1,7
2026-04-01,Venetian,1185.49,1185.49,0,0,7,14,4,0,5
2026-04-01,Maceoo Atlantic,9401.12,9698.88,0,-297.76,2,5,0,2,2
2026-04-01,Maceoo Tampa,2334.63,2627.57,-60.74,-232.2,11,54,4,4,8
2026-04-01,Online Store,9279.19,10154.79,-875.6,0,45,60,35,9,44
2026-04-01,Maceoo Cosmo,9583.06,9583.06,0,0,10,27,5,3,8
2026-04-01,Maceoo Biloxi,1388.92,1446.72,-57.8,0,5,15,2,1,4
2026-04-01,Maceoo Aria,5781.63,5870.51,-88.88,0,9,20,3,4,8
2026-04-01,Maceoo Resorts World Las Vegas,3700.01,3934.84,-234.83,0,6,21,5,1,6
2026-04-01,Maceoo MGM,8720.36,11116.99,-1838.23,-558.4,9,37,8,1,9
2026-04-01,CEOO DUBAI,3307.77,4006.14,-135.69,-562.68,4,12,1,2,4
2026-04-01,Maceoo PR,356.64,356.64,0,0,1,3,0,1,1
2026-04-01,Maceoo Hollywood FL,3643.32,3802.2,0,-158.88,6,19,3,2,5
2026-04-02,Maceoo MGM,2535.69,3118.71,-583.02,0,2,46,1,1,2
2026-04-02,CEOO DUBAI,809.68,809.68,0,0,2,3,1,1,2
2026-04-02,Maceoo Atlantic,57.76,57.76,0,0,2,2,1,1,2
2026-04-02,Maceoo Hollywood FL,2959.71,2959.71,0,0,11,22,5,6,11
2026-04-02,Maceoo Aria,1520.75,3967.39,-448.88,-1997.76,9,45,6,3,9
2026-04-02,Maceoo Biloxi,1583.11,1724.37,-141.26,0,7,14,5,2,7
2026-04-02,Maceoo Cosmo,2739.13,2889.13,-150,0,5,14,1,4,5
2026-04-02,Maceoo PR,3733.52,3849.52,-116,0,9,22,4,5,8
2026-04-02,Maceoo Resorts World Las Vegas,1250.44,1968.87,-718.43,0,2,5,0,1,2
2026-04-02,Venetian,1817.96,2025.96,0,-208,10,21,3,1,4
2026-04-02,Maceoo Tampa,3990.01,6005.49,-2015.48,0,8,66,1,5,6
2026-04-02,Online Store,7380.89,10031.84,-2650.95,0,38,51,19,17,36
2026-04-03,Maceoo Atlantic,2889.03,3121.55,-232.52,0,8,22,5,3,8
2026-04-03,CEOO DUBAI,8058.16,8284.91,-226.75,0,5,16,4,0,5
2026-04-03,Maceoo Resorts World Las Vegas,1034.58,1228.24,-193.66,0,3,11,2,1,3
2026-04-03,Online Store,2088.91,2928.08,-724,-115.17,13,18,4,9,13
2026-04-03,Maceoo Hollywood FL,10694.3,12029.03,-1334.73,0,16,103,10,6,15
2026-04-03,Maceoo Tampa,5965.85,6895.13,-157.4,-771.88,17,72,4,10,15
2026-04-03,Maceoo MGM,670.58,686.38,-15.8,0,4,7,4,0,4
2026-04-03,Maceoo Biloxi,2494.03,2652.72,-158.69,0,9,21,3,2,6
2026-04-03,Maceoo Aria,13794.04,14487.99,-394.79,-299.16,14,79,6,6,12
2026-04-03,Maceoo Cosmo,3402.06,3690.94,-288.88,0,12,36,6,6,12
2026-04-03,Venetian,1882.39,1882.39,0,0,7,21,6,1,6
2026-04-04,Maceoo Resorts World Las Vegas,200.87,200.87,0,0,2,7,2,0,2
2026-04-04,Maceoo Cosmo,5611.11,6067.71,-456.6,0,12,38,8,4,12
2026-04-04,Online Store,5938.84,6869.92,-931.08,0,18,44,4,14,18
2026-04-04,Maceoo Tampa,6083.78,6564.51,-138.73,-342,13,62,4,8,12
2026-04-04,Maceoo Atlantic,26312.71,31904.46,-1408.47,-4183.28,20,62,7,11,19
2026-04-04,Maceoo MGM,3980.61,4463.81,-161.23,-321.97,11,27,7,3,10
2026-04-04,Maceoo PR,2265.4,2424.28,0,-158.88,7,15,5,2,7
2026-04-04,Venetian,1211.25,1211.25,0,0,5,13,5,0,5
2026-04-04,Maceoo Biloxi,5794.85,6682.86,-540.25,-347.76,12,48,5,7,12
2026-04-04,CEOO DUBAI,19437.27,20963.56,-1526.29,0,10,20,8,2,9
2026-04-04,Maceoo Aria,8309.29,8584.29,-275,0,14,40,10,3,14
2026-04-04,Maceoo Hollywood FL,7872.57,9174.39,-347,-954.82,11,35,6,5,11
2026-04-05,Maceoo Aria,10945.05,11451.05,-348,-158,13,97,8,4,12
2026-04-05,Maceoo Cosmo,7443.9,7722.58,-79.8,-198.88,6,33,4,2,6
2026-04-05,Maceoo MGM,1427.52,1463.12,-35.6,0,6,13,1,1,3
2026-04-05,Venetian,486.52,506.87,-20.35,0,3,6,2,0,3
2026-04-05,Maceoo Biloxi,1807.56,1907.88,-100.32,0,5,16,5,0,5
2026-04-05,CEOO DUBAI,2211.81,2211.81,0,0,4,7,3,1,4
2026-04-05,Maceoo Tampa,3445.3,4383.89,-18.8,-919.79,17,22,5,5,11
2026-04-05,Maceoo Atlantic,5459.31,8072.2,-614.01,-1998.88,12,26,3,7,8
2026-04-05,Online Store,7183.37,11735.96,-4552.59,0,24,65,11,12,23
2026-04-05,Maceoo Hollywood FL,7246.12,9770.56,-194.48,-2329.96,18,53,9,7,16
2026-04-06,Maceoo Hollywood FL,10463.67,10622.55,-158.88,0,7,26,2,5,7
2026-04-06,CEOO DUBAI,1366.5,2733,0,-1366.5,2,3,1,0,2
2026-04-06,Maceoo MGM,2958.17,3252.39,-294.22,0,7,15,3,2,6
2026-04-06,Maceoo PR,167.76,167.76,0,0,2,2,2,0,2
2026-04-06,Venetian,455.5,514.5,0,-59,3,7,3,0,3
2026-04-06,Maceoo Resorts World Las Vegas,1519.88,1619.88,-100,0,2,10,1,1,2
2026-04-06,Maceoo Tampa,4896.52,5136.46,-239.94,0,6,26,1,4,6
2026-04-06,Maceoo Aria,8421.1,9569.69,-425,-723.59,12,182,5,7,11
2026-04-06,Online Store,3423.92,4028.8,-604.88,0,18,30,7,11,18
2026-04-06,Maceoo Atlantic,434.88,434.88,0,0,2,3,1,1,2
2026-04-06,Maceoo Biloxi,1064.64,1064.64,0,0,3,12,1,1,3
2026-04-06,Maceoo Cosmo,7739.18,8739.18,-1000,0,3,5,2,1,3
2026-04-07,Maceoo Cosmo,1755.7,1834.7,-79,0,2,6,1,1,2
2026-04-07,Venetian,449.11,449.11,0,0,3,6,1,0,2
2026-04-07,Maceoo PR,1811.4,2000.28,0,-188.88,5,12,4,1,5
2026-04-07,Maceoo Hollywood FL,20811.62,53083.34,-9231.82,-23039.9,13,29,6,4,9
2026-04-07,Maceoo Atlantic,1201.64,1271.52,-69.88,0,5,6,3,1,4
2026-04-07,Maceoo MGM,3534.23,4173.88,-639.65,0,13,70,7,3,11
2026-04-07,CEOO DUBAI,2727.22,2877.22,-150,0,2,6,2,0,2
2026-04-07,Maceoo Biloxi,691.47,724.13,-32.66,0,3,8,3,0,3
2026-04-07,Maceoo Tampa,2894.74,3210.74,0,-316,7,27,1,6,7
2026-04-07,Maceoo Aria,7153.26,7322.62,-169.36,0,11,30,5,5,10
2026-04-07,Online Store,2771.25,5559.62,-1191.87,-1596.5,22,16,12,10,22
2026-04-08,Maceoo Tampa,1663.67,1738.5,-74.83,0,4,7,1,3,4
2026-04-08,Maceoo Atlantic,840.08,1000.64,-160.56,0,5,7,2,3,4
2026-04-08,Venetian,459.51,459.51,0,0,2,5,1,0,2
2026-04-08,Maceoo Biloxi,2525.52,2694.16,-59.09,-109.55,5,42,2,2,4
2026-04-08,Maceoo Hollywood FL,2460.26,3546.92,-194.7,-891.96,9,18,4,5,8
2026-04-08,Maceoo Cosmo,3128.81,3128.81,0,0,3,8,1,2,3
2026-04-08,Online Store,4595.12,5346.44,-751.32,0,35,38,23,10,33
2026-04-08,Maceoo PR,346,346,0,0,2,2,1,1,1
2026-04-08,CEOO DUBAI,1742.46,1742.46,0,0,1,2,1,0,1
2026-04-08,Maceoo MGM,3616.83,4271.71,-466,-188.88,9,25,3,3,7
2026-04-08,Maceoo Aria,16084.42,16246.84,0,-162.42,13,30,11,2,12
2026-04-09,Maceoo PR,1148.75,1296.64,-147.89,0,5,8,0,5,5
2026-04-09,Maceoo Resorts World Las Vegas,357.74,357.74,0,0,1,2,1,0,1
2026-04-09,Maceoo Aria,5827.6,5938.2,-110.6,0,8,63,4,4,8
2026-04-09,Maceoo Tampa,1174.46,2405.26,-12.8,-1218,10,25,1,2,4
2026-04-09,Maceoo Hollywood FL,8712.71,8972.31,-259.6,0,12,36,4,8,11
2026-04-09,Maceoo Cosmo,231.05,738.81,-507.76,0,3,6,3,0,3
2026-04-09,Venetian,264.98,264.98,0,0,2,4,2,0,2
2026-04-09,Maceoo Biloxi,1110.72,1243.77,-133.05,0,4,11,0,3,4
2026-04-09,Online Store,1365.61,6065.6,-3164.4,-1535.59,17,16,9,7,16
2026-04-09,CEOO DUBAI,100,125,-25,0,1,1,0,0,1
2026-04-09,Maceoo MGM,2362.68,2467.29,-104.61,0,5,14,3,1,5
2026-04-09,Maceoo Atlantic,225.17,225.17,0,0,2,7,1,1,2
2026-04-10,CEOO DUBAI,6368.13,6583.13,-215,0,4,8,3,0,4
2026-04-10,Maceoo Hollywood FL,9876.7,11829.29,-147.53,-1805.06,18,56,7,8,16
2026-04-10,Maceoo PR,374.88,374.88,0,0,2,3,2,0,2
2026-04-10,Maceoo Biloxi,1839.63,2314.51,-474.88,0,7,13,4,3,6
2026-04-10,Maceoo Tampa,2968.36,2968.36,0,0,10,23,5,3,9
2026-04-10,Maceoo Cosmo,2748.78,3339.88,0,-591.1,10,24,8,2,9
2026-04-10,Venetian,709.7,709.7,0,0,4,9,2,1,4
2026-04-10,Maceoo Resorts World Las Vegas,918.9,918.9,0,0,2,5,2,0,2
2026-04-10,Maceoo Aria,20295.11,21341.3,-1046.19,0,24,148,15,7,22
2026-04-10,Maceoo Atlantic,4506.02,5014.52,-508.5,0,8,15,3,5,8
2026-04-10,Online Store,7980.18,9006.84,-1026.66,0,38,58,13,24,37
2026-04-10,Maceoo MGM,982.82,1028.54,-45.72,0,6,13,4,0,5
2026-04-11,Maceoo Aria,16626.88,16973.2,-114,-232.32,24,121,18,6,22
2026-04-11,Maceoo Resorts World Las Vegas,128,128,0,0,1,1,1,0,1
2026-04-11,Maceoo PR,2995.04,3539.92,-39.12,-505.76,6,22,2,4,6
2026-04-11,CEOO DUBAI,11250.31,12100.51,-35,-815.2,6,11,4,2,5
2026-04-11,Maceoo Biloxi,2470.88,2982.97,-512.09,0,8,50,3,5,8
2026-04-11,Online Store,6517.76,8921.4,-2403.64,0,26,44,13,13,26
2026-04-11,Maceoo Tampa,8320.33,8684.69,-364.36,0,15,113,5,7,13
2026-04-11,Maceoo MGM,4694.24,5462.44,-635.98,-132.22,16,32,10,2,13
2026-04-11,Venetian,3771.56,3985.9,-16.34,-198,16,35,9,5,14
2026-04-11,Maceoo Cosmo,6717.57,6980.77,-263.2,0,9,35,5,3,9
2026-04-11,Maceoo Atlantic,6463.25,6618.23,-154.98,0,15,36,7,6,13
2026-04-11,Maceoo Hollywood FL,19825.35,20998.11,-1172.76,0,24,100,14,10,24
2026-04-12,Maceoo Tampa,737.73,1249.61,-13,-498.88,6,9,3,2,6
2026-04-12,Maceoo Aria,12716.73,13073.13,-193.07,-163.33,12,166,6,5,10
2026-04-12,CEOO DUBAI,501.15,501.15,0,0,1,4,1,0,1
2026-04-12,Maceoo Resorts World Las Vegas,225.75,325.75,-100,0,1,3,0,1,1
2026-04-12,Maceoo MGM,4128.96,4620.6,-202.76,-288.88,11,28,7,1,9
2026-04-12,Maceoo Cosmo,6734.11,6823.94,-89.83,0,5,30,3,2,5
2026-04-12,Maceoo Atlantic,4865.44,7061.04,-598.8,-1596.8,9,17,2,5,7
2026-04-12,Venetian,1391.64,1401.8,-10.16,0,4,12,3,0,4
2026-04-12,Maceoo PR,2021.28,2087.28,-66,0,7,9,2,5,7
2026-04-12,Online Store,6823.16,8056.8,-1233.64,0,29,43,16,12,28
2026-04-12,Maceoo Hollywood FL,3831.7,3879.18,-47.48,0,8,18,3,3,7
2026-04-12,Maceoo Biloxi,1585.88,1683.48,-97.6,0,7,14,1,2,4
2026-04-13,Maceoo Aria,4642.51,4851.39,-50,-158.88,10,29,9,1,10
2026-04-13,Maceoo Hollywood FL,3665.14,3794.24,-129.1,0,10,66,6,4,10
2026-04-13,Venetian,998.19,998.19,0,0,4,12,3,1,4
2026-04-13,Maceoo Tampa,1820,2850.48,-431.6,-598.88,7,12,3,3,6
2026-04-13,Maceoo Cosmo,849.66,849.66,0,0,3,7,3,0,3
2026-04-13,Maceoo MGM,1633.99,1666.51,-32.52,0,5,13,2,2,5
2026-04-13,CEOO DUBAI,4092.86,4242.86,-150,0,3,5,3,0,3
2026-04-13,Maceoo Atlantic,1144.02,1294.3,-150.28,0,5,16,1,3,5
2026-04-13,Maceoo PR,2192.64,2371.52,0,-178.88,3,12,1,2,3
2026-04-13,Maceoo Resorts World Las Vegas,543.11,603.45,-60.34,0,1,4,0,1,1
2026-04-13,Maceoo Biloxi,283.93,304.28,-20.35,0,2,4,2,0,2
2026-04-13,Online Store,4770.71,8347.96,-3577.25,0,29,51,11,16,27
2026-04-14,Online Store,6438.04,7560.04,-1122,0,16,43,8,8,15
2026-04-14,Maceoo Tampa,2807.93,2883.48,-75.55,0,11,26,3,4,8
2026-04-14,Maceoo Atlantic,28813.4,28813.4,0,0,4,38,3,1,4
2026-04-14,Maceoo Biloxi,1460.97,1493.18,-32.21,0,7,18,3,1,4
2026-04-14,Maceoo MGM,2975.44,3013.63,-38.19,0,5,17,2,2,5
2026-04-14,Maceoo Aria,6309.37,7699.01,-31,-1358.64,8,38,4,4,7
2026-04-14,Maceoo Cosmo,18324.02,18324.02,0,0,5,20,1,3,4
2026-04-14,Maceoo Hollywood FL,3521.34,3521.34,0,0,6,15,4,2,6
2026-04-14,Maceoo PR,347.76,347.76,0,0,1,2,1,0,1
2026-04-14,Venetian,1835.76,1835.76,0,0,3,7,3,0,3
2026-04-15,Online Store,2722.4,4160.96,-1438.56,0,19,32,11,8,19
2026-04-15,Maceoo Tampa,3349.45,3415.05,-65.6,0,9,25,4,3,8
2026-04-15,Maceoo Biloxi,162.42,162.42,0,0,1,2,0,1,1
2026-04-15,Maceoo Resorts World Las Vegas,1994.19,2044.19,-50,0,4,12,2,1,4
2026-04-15,Venetian,680.6,680.6,0,0,4,9,2,0,3
2026-04-15,Maceoo Aria,20739.62,20739.62,0,0,5,12,4,1,5
2026-04-15,Maceoo MGM,1323.13,1980.81,-519.68,-138,7,17,4,1,6
2026-04-15,Maceoo Atlantic,2491.47,2662.35,-33,-137.88,11,24,5,6,11
2026-04-15,Maceoo Cosmo,1409.39,1409.39,0,0,7,15,6,1,7
2026-04-15,Maceoo PR,256,256,0,0,2,2,2,0,2
2026-04-15,CEOO DUBAI,1080,1080,0,0,2,3,2,0,2
2026-04-15,Maceoo Hollywood FL,1135.29,1135.29,0,0,3,8,3,0,3
2026-04-16,Maceoo Cosmo,3855.54,4443.07,-228.88,-358.65,8,20,4,4,7
2026-04-16,Maceoo Aria,10298.82,11068.7,-471,-298.88,10,142,5,5,10
2026-04-16,Maceoo Tampa,360.66,367.84,-7.18,0,2,4,0,2,2
2026-04-16,Maceoo Hollywood FL,16795,17703.88,-750,-158.88,21,81,11,10,20
2026-04-16,Maceoo MGM,3943.09,4471.97,-30,-498.88,8,16,3,0,4
2026-04-16,Online Store,9457.65,12734.5,-3276.85,0,43,80,16,26,41
2026-04-16,Maceoo PR,1036.64,1218.64,-182,0,4,8,0,4,4
2026-04-16,Maceoo Atlantic,3049.64,3341.8,-292.16,0,10,29,5,5,9
2026-04-16,Venetian,927,927,0,0,4,9,3,1,4
2026-04-16,Maceoo Biloxi,559.63,809.63,-250,0,2,3,0,1,2
2026-04-16,CEOO DUBAI,13922.57,13922.57,0,0,4,22,3,1,4
2026-04-17,Online Store,10808.98,11551.84,-742.86,0,42,57,24,18,40
2026-04-17,Venetian,1838.26,1868.88,-30.62,0,9,17,3,1,5
2026-04-17,Maceoo MGM,3238.96,3352.84,-113.88,0,7,18,5,0,6
2026-04-17,Maceoo Aria,8285.3,8542.1,-98.8,-158,18,53,10,7,17
2026-04-17,Maceoo Resorts World Las Vegas,1826.51,1826.51,0,0,1,7,0,1,1
2026-04-17,Maceoo Hollywood FL,6943.39,7652.28,-708.89,0,17,42,10,7,16
2026-04-17,Maceoo Cosmo,11171.93,12193.49,-66,-955.56,13,30,8,4,11
2026-04-17,Maceoo Atlantic,1445.28,1445.28,0,0,7,12,4,3,7
2026-04-17,Maceoo PR,839.76,889.76,-50,0,4,6,2,2,4
2026-04-17,Maceoo Tampa,2075.27,2154.47,-79.2,0,8,17,3,3,7
2026-04-17,Maceoo Biloxi,2170.84,2207.52,-36.68,0,7,20,5,2,7
2026-04-17,CEOO DUBAI,279,279,0,0,1,1,1,0,1
2026-04-18,Maceoo MGM,3039.73,3716.73,-153.05,-523.95,14,32,11,1,13
2026-04-18,Maceoo Resorts World Las Vegas,3299.92,3349.92,-50,0,2,14,2,0,2
2026-04-18,Maceoo Cosmo,6051.52,6064.32,-12.8,0,16,37,13,3,16
2026-04-18,Maceoo Biloxi,219.31,268.81,-49.5,0,2,3,0,2,2
2026-04-18,Venetian,1778.14,1788.02,-9.88,0,9,19,4,2,6
2026-04-18,Maceoo Aria,13024.03,13814.4,-264.37,-526,22,85,16,5,20
2026-04-18,Maceoo Atlantic,11081.13,11513.22,-66.09,-366,24,70,10,12,21
2026-04-18,Maceoo PR,3477.68,3636.56,-158.88,0,11,23,4,7,11
2026-04-18,Maceoo Tampa,5345.37,6059.78,-714.41,0,20,75,4,9,14
2026-04-18,Online Store,2595.66,9491.08,-2520.48,-4374.94,28,39,9,18,27
2026-04-18,CEOO DUBAI,5465.66,5530.66,-65,0,8,19,4,1,6
2026-04-18,Maceoo Hollywood FL,12382.34,14847.3,-944.68,-1520.28,23,106,8,14,23
2026-04-19,Maceoo Cosmo,18944.12,18944.12,0,0,9,23,6,2,8
2026-04-19,Maceoo MGM,1287.09,1287.09,0,0,6,17,4,1,6
2026-04-19,Maceoo Biloxi,4722.85,4854.53,-131.68,0,10,48,5,2,7
2026-04-19,Maceoo Aria,11117.1,11472.77,-355.67,0,12,111,2,9,12
2026-04-19,Maceoo Resorts World Las Vegas,2502.17,2502.17,0,0,4,13,2,2,3
2026-04-19,CEOO DUBAI,1999.5,1999.5,0,0,3,10,3,0,3
2026-04-19,Maceoo Tampa,5857.52,8662.06,-133.99,-2670.55,12,24,4,6,10
2026-04-19,Maceoo Hollywood FL,12284.52,13374.83,-932.31,-158,12,52,7,5,12
2026-04-19,Venetian,672.22,779.13,-106.91,0,4,10,1,0,2
2026-04-19,Maceoo PR,1981.52,2031.52,-50,0,3,6,1,2,3
2026-04-19,Online Store,10312.79,10698.89,-213.88,-172.22,37,68,22,15,36
2026-04-19,Maceoo Atlantic,2087.83,2128.51,-40.68,0,9,15,6,3,9
2026-04-20,Maceoo Cosmo,2005.9,2005.9,0,0,5,16,1,4,5
2026-04-20,Maceoo Hollywood FL,7527.43,7711.09,-183.66,0,12,42,2,9,11
2026-04-20,Maceoo Resorts World Las Vegas,1910.25,1910.25,0,0,1,4,0,1,1
2026-04-20,Maceoo Atlantic,1521.52,1521.52,0,0,3,11,2,1,3
2026-04-20,Maceoo Tampa,1659.13,1659.13,0,0,2,8,1,1,2
2026-04-20,Online Store,7060.74,8023.81,-963.07,0,37,61,19,18,37
2026-04-20,Maceoo Aria,9064.6,9263.94,-61.44,-137.9,13,88,6,5,11
2026-04-20,Maceoo MGM,4090.73,4270.67,-179.94,0,7,17,6,0,7
2026-04-20,CEOO DUBAI,4532.34,4932.34,-400,0,2,8,2,0,2
2026-04-20,Venetian,1657.14,1657.14,0,0,4,13,4,0,4
2026-04-20,Maceoo PR,1099.52,1099.52,0,0,2,7,1,1,2
2026-04-20,Maceoo Biloxi,1546.8,2075.61,-528.81,0,6,18,2,3,5
2026-04-21,Maceoo MGM,6444.66,7007.5,-562.84,0,8,62,5,3,8
2026-04-21,Maceoo PR,2740.72,2766.4,-25.68,0,3,10,2,1,3
2026-04-21,Maceoo Biloxi,1933.3,2533.54,-471.36,-128.88,5,15,3,2,5
2026-04-21,Maceoo Hollywood FL,5725.89,5967.54,-241.65,0,8,35,2,4,6
2026-04-21,Venetian,235.41,235.41,0,0,1,2,0,0,1
2026-04-21,Maceoo Cosmo,9354.67,9354.67,0,0,5,12,2,3,5
2026-04-21,Maceoo Aria,14002.45,14435.03,-432.58,0,14,45,11,3,14
2026-04-21,CEOO DUBAI,2665,2865,-200,0,1,6,1,0,1
2026-04-21,Maceoo Atlantic,1217.75,1217.75,0,0,3,12,2,1,3
2026-04-21,Maceoo Tampa,1025.24,1136.45,-111.21,0,5,11,2,3,5
2026-04-21,Online Store,4464.83,6372.35,-148,-1759.52,22,30,15,7,22
2026-04-22,Maceoo Atlantic,1837.06,2224.82,0,-387.76,6,12,2,3,5
2026-04-22,Maceoo MGM,871.8,2831.05,-1959.25,0,5,13,2,3,5
2026-04-22,Maceoo Biloxi,2751.77,6367.85,-856.02,-2760.06,7,23,2,5,7
2026-04-22,Maceoo Tampa,1405.95,1454.94,-48.99,0,6,13,3,2,6
2026-04-22,Maceoo Aria,5836.8,8137.06,-761.47,-1538.79,18,40,10,6,15
2026-04-22,Venetian,448.51,479.04,-30.53,0,3,7,0,0,1
2026-04-22,Maceoo Hollywood FL,3845.71,4909.39,-358.8,-704.88,8,25,6,1,8
2026-04-22,Maceoo Resorts World Las Vegas,731.4,731.4,0,0,1,5,1,0,1
2026-04-22,Online Store,10443.56,10760.16,-316.6,0,36,76,10,26,36
2026-04-22,Maceoo PR,319.76,385.76,-66,0,1,3,0,1,1
2026-04-22,Maceoo Cosmo,5296.7,5623.26,-326.56,0,5,17,3,2,5
2026-04-23,Maceoo Resorts World Las Vegas,1543.25,1543.25,0,0,2,8,0,2,2
2026-04-23,Maceoo Atlantic,1678.98,1678.98,0,0,3,9,3,0,3
2026-04-23,Maceoo Cosmo,2865.63,2895.63,-30,0,8,19,5,3,8
2026-04-23,Maceoo MGM,3776.46,3776.46,0,0,8,105,5,2,8
2026-04-23,Maceoo Tampa,1445.47,1866.15,-15.8,-404.88,6,12,2,3,5
2026-04-23,Venetian,1339.06,1610.63,-271.57,0,4,7,2,1,4
2026-04-23,Online Store,7139.67,8504.25,-1364.58,0,27,61,13,13,26
2026-04-23,CEOO DUBAI,61.68,61.68,0,0,1,2,0,0,1
2026-04-23,Maceoo PR,2154.23,2649.16,-166,-328.93,7,17,3,4,7
2026-04-23,Maceoo Biloxi,699.67,779.55,-79.88,0,3,7,2,1,3
2026-04-23,Maceoo Hollywood FL,8159.87,9266.79,-1106.92,0,16,51,7,8,15
2026-04-23,Maceoo Aria,7032.79,7919.26,-610.76,-275.71,13,34,10,3,13
2026-04-24,Maceoo Tampa,5741.94,5939.15,-69.21,-128,10,37,1,9,10
2026-04-24,Maceoo Atlantic,1450.4,1870.05,0,-419.65,10,13,4,5,9
2026-04-24,CEOO DUBAI,925.17,925.17,0,0,3,5,3,0,3
2026-04-24,Maceoo Resorts World Las Vegas,877.53,877.53,0,0,6,14,5,1,6
2026-04-24,Maceoo Hollywood FL,8054.09,8224.09,-170,0,13,39,6,6,11
2026-04-24,Maceoo Cosmo,8294.06,8708.58,-414.52,0,9,33,9,0,9
2026-04-24,Online Store,7023.74,9724.58,-1812.16,-888.68,32,57,13,19,32
2026-04-24,Venetian,1802.02,1811.9,-9.88,0,8,16,4,4,8
2026-04-24,Maceoo PR,739.96,834.4,-94.44,0,4,5,1,3,4
2026-04-24,Maceoo MGM,6063.52,6317.03,-253.51,0,12,26,10,2,12
2026-04-24,Maceoo Biloxi,1135.1,1161.49,-26.39,0,7,14,4,3,7
2026-04-24,Maceoo Aria,7076.03,7274.04,-198.01,0,14,35,7,6,13
2026-04-25,CEOO DUBAI,10833.58,14400.84,-575.26,-2992,11,23,5,3,9
2026-04-25,Maceoo Tampa,3483.82,3956.98,-473.16,0,12,24,2,6,9
2026-04-25,Maceoo Biloxi,1497.93,1615.8,-117.87,0,8,22,4,3,8
2026-04-25,Maceoo PR,1904.4,2003.28,0,-98.88,7,11,4,3,7
2026-04-25,WEB - Quiet LLC,0,138.88,-138.88,0,1,1,0,1,1
2026-04-25,Maceoo Aria,13326.87,13459.48,0,-132.61,13,46,10,3,12
2026-04-25,Online Store,6569.68,7292.5,-722.82,0,33,66,14,17,29
2026-04-25,Maceoo MGM,1269.82,1285.18,-15.36,0,5,11,5,0,5
2026-04-25,Maceoo Atlantic,7145.98,8330.74,-102.12,-1082.64,20,47,7,10,16
2026-04-25,Venetian,1954.84,2043.82,-88.98,0,13,24,6,2,8
2026-04-25,Maceoo Resorts World Las Vegas,77.1,77.1,0,0,1,2,0,0,1
2026-04-25,Maceoo Cosmo,3467.64,3467.64,0,0,11,23,8,3,11
2026-04-25,Maceoo Hollywood FL,9917.39,10787.15,-596.31,-273.45,21,56,9,10,19
2026-04-26,Venetian,1079.12,1231.56,-152.44,0,6,14,3,2,6
2026-04-26,CEOO DUBAI,6566.72,6566.72,0,0,2,7,2,0,2
2026-04-26,Maceoo Atlantic,4649.03,5545.91,-100,-796.88,13,26,5,6,11
2026-04-26,Maceoo Hollywood FL,5756.1,6230.33,-474.23,0,16,45,7,8,15
2026-04-26,Maceoo PR,346.88,346.88,0,0,2,2,2,0,2
2026-04-26,Maceoo Cosmo,4228.51,4495.28,-266.77,0,8,19,5,3,8
2026-04-26,Maceoo Tampa,2865.06,3402.74,-537.68,0,14,32,4,4,9
2026-04-26,Maceoo Aria,5258.39,5400.07,-141.68,0,9,55,7,2,9
2026-04-26,Maceoo Biloxi,2352.48,2596.94,-244.46,0,6,18,4,2,6
2026-04-26,Maceoo Resorts World Las Vegas,805.85,805.85,0,0,1,3,0,0,1
2026-04-26,Online Store,-9866.68,6239.89,-273.88,-15832.69,27,-23,16,10,26
2026-04-26,Maceoo MGM,1779.9,1854.16,-74.26,0,8,17,6,2,8
2026-04-27,Maceoo Cosmo,4766.88,4840.64,-73.76,0,6,21,1,5,6
2026-04-27,Online Store,7852.82,9703.46,-1850.64,0,25,73,9,16,25
2026-04-27,Maceoo Tampa,438.73,438.73,0,0,2,19,2,0,2
2026-04-27,Maceoo MGM,2122.72,2191.03,-68.31,0,8,17,7,1,8
2026-04-27,Maceoo Aria,5189.18,5629.12,-241.94,-198,13,122,6,6,12
2026-04-27,Maceoo Hollywood FL,6839.23,7616.99,-777.76,0,8,25,2,5,6
2026-04-27,WEB - Quiet LLC,0,286,-286,0,2,2,0,2,2
2026-04-27,Maceoo Resorts World Las Vegas,51.4,51.4,0,0,1,3,0,1,1
2026-04-27,Maceoo PR,710.76,793.76,-83,0,2,4,0,2,2
2026-04-27,Maceoo Biloxi,458.17,696.13,-237.96,0,3,23,2,1,3
2026-04-27,CEOO DUBAI,5177.73,5177.73,0,0,5,10,5,0,5
2026-04-27,Maceoo Atlantic,3146.78,3337.04,-190.26,0,9,22,3,5,8
2026-04-27,Venetian,3305.09,3373.97,-68.88,0,8,24,6,1,8
2026-04-28,Maceoo Tampa,198,198,0,0,1,1,1,0,1
2026-04-28,Maceoo PR,1018.88,1018.88,0,0,2,6,1,1,2
2026-04-28,Maceoo Resorts World Las Vegas,1560.2,1560.2,0,0,4,56,3,1,4
2026-04-28,CEOO DUBAI,528,528,0,0,1,3,1,0,1
2026-04-28,Maceoo Biloxi,595.65,762.07,-166.42,0,5,10,0,3,4
2026-04-28,Maceoo Aria,7612.27,7796.75,-184.48,0,15,100,12,2,14
2026-04-28,Maceoo Cosmo,3764.64,3923.52,-158.88,0,6,20,2,4,5
2026-04-28,Online Store,3687.77,3987.77,-300,0,18,38,13,5,18
2026-04-28,Maceoo Hollywood FL,2283.24,2772.77,-107.6,-381.93,7,18,3,3,5
2026-04-28,Maceoo MGM,5955.78,6175.3,-219.52,0,11,30,9,1,10
2026-04-28,Maceoo Atlantic,5362.58,5841.48,-478.9,0,9,28,2,7,9
2026-04-28,Venetian,1287.06,1317.59,-30.53,0,4,14,1,0,2
2026-04-29,Maceoo Biloxi,1139.2,1390.31,-251.11,0,1,9,1,0,1
2026-04-29,Venetian,561.04,561.04,0,0,2,5,1,0,2
2026-04-29,Maceoo Hollywood FL,1595.87,1792.75,-8,-188.88,4,12,1,2,3
2026-04-29,CEOO DUBAI,1423.78,1423.78,0,0,2,4,0,0,1
2026-04-29,Maceoo PR,1809.64,1809.64,0,0,7,12,2,5,7
2026-04-29,Maceoo Resorts World Las Vegas,706.53,756.53,-50,0,2,5,2,0,2
2026-04-29,Online Store,5839.46,6564.34,-724.88,0,23,55,7,16,23
2026-04-29,Maceoo Cosmo,1985.16,1985.16,0,0,3,9,1,1,3
2026-04-29,Maceoo Tampa,939.43,1456.65,-517.22,0,4,11,2,2,4
2026-04-29,Maceoo Atlantic,1714.24,1714.24,0,0,5,13,2,3,5
2026-04-29,Maceoo Aria,37341.22,37341.22,0,0,14,79,9,5,13
2026-04-29,Maceoo MGM,832.07,1523.57,-691.5,0,5,10,3,1,5
2026-04-30,Venetian,1353.21,1375.87,-22.66,0,6,17,2,1,4
2026-04-30,Online Store,15564.11,18952.58,-3388.47,0,29,117,7,21,28
2026-04-30,Maceoo Resorts World Las Vegas,618.73,618.73,0,0,2,19,1,1,2
2026-04-30,Maceoo Tampa,1536.3,2642.9,-100.6,-1006,6,11,2,2,4
2026-04-30,Maceoo PR,216,216,0,0,2,2,2,0,2
2026-04-30,Maceoo Hollywood FL,13033.86,18511.22,-1614.82,-3862.54,20,56,4,8,12
2026-04-30,Maceoo Cosmo,1139.27,1139.27,0,0,4,9,4,0,4
2026-04-30,Maceoo Aria,10520.04,16164.77,-5077.49,-567.24,31,100,13,17,30
2026-04-30,CEOO DUBAI,10259.37,11301.31,-1041.94,0,5,23,0,4,5
2026-04-30,Maceoo Atlantic,3717.18,5078.62,-240.58,-1120.86,11,33,7,3,9
2026-04-30,Maceoo Biloxi,1775.07,1826.62,-51.55,0,7,15,5,2,7
2026-04-30,Maceoo MGM,3797.85,4302.83,-504.98,0,7,16,4,1,6
2026-05-01,Online Store,8029.19,8406.28,-317.09,-60,25,51,14,11,25
2026-05-01,Maceoo Tampa,6262.01,7513.5,-2.51,-1248.98,14,47,3,7,11
2026-05-01,CEOO DUBAI,4903.53,6002.41,-100,-998.88,9,28,7,2,9
2026-05-01,Maceoo MGM,3385.88,3748.63,-362.75,0,14,32,8,3,12
2026-05-01,Maceoo Aria,8781.92,9779.92,-272.68,-725.32,17,43,8,8,15
2026-05-01,Venetian,1618.33,1709.13,-90.8,0,7,17,5,1,7
2026-05-01,Maceoo PR,5065.44,5544.32,-132,-346.88,14,33,2,9,11
2026-05-01,Maceoo Cosmo,5722.97,6176.97,-296,-158,10,31,9,1,10
2026-05-01,Maceoo Hollywood FL,11729.03,14222.67,-1431.39,-1062.25,13,50,8,5,13
2026-05-01,Maceoo Atlantic,2266.58,2591.71,-68.25,-256.88,10,23,2,7,10
2026-05-01,Maceoo Biloxi,2852.51,3381.04,-528.53,0,14,37,9,4,13
2026-05-01,Maceoo Resorts World Las Vegas,1054.07,1054.07,0,0,2,5,2,0,2
2026-05-02,Maceoo Aria,19152.86,19965.1,-313.36,-498.88,25,107,15,9,24
2026-05-02,Venetian,2782.73,2837.39,-54.66,0,17,37,4,2,7
2026-05-02,Maceoo MGM,8305.1,9957.76,-1652.66,0,24,46,13,4,18
2026-05-02,Maceoo Tampa,3587.33,4539.65,-853.44,-98.88,12,25,5,6,9
2026-05-02,Online Store,9438.75,10147.42,-708.67,0,22,62,11,11,22
2026-05-02,Maceoo PR,1301.88,1334.88,-33,0,3,8,0,3,3
2026-05-02,CEOO DUBAI,10308.95,10762.93,-35.27,-418.71,16,37,10,3,12
2026-05-02,Maceoo Resorts World Las Vegas,308.65,358.65,-50,0,1,2,1,0,1
2026-05-02,Maceoo Atlantic,37161.65,43354.91,-999.06,-5194.2,41,177,19,20,37
2026-05-02,Maceoo Biloxi,1459.23,1597.08,-137.85,0,10,19,6,2,9
2026-05-02,Maceoo Cosmo,1101.21,1129.21,-28,0,5,8,3,2,5
2026-05-02,Maceoo Hollywood FL,12482.69,12914.85,-304.16,-128,25,68,9,12,22
2026-05-03,Venetian,739.14,935.14,-43.86,-152.14,8,15,4,2,6
2026-05-03,Maceoo Aria,11728.46,15922.87,-720.98,-3473.43,20,56,12,7,17
2026-05-03,Maceoo MGM,3767.32,4279.49,-512.17,0,11,26,7,3,11
2026-05-03,CEOO DUBAI,3437.09,3437.09,0,0,7,14,4,0,5
2026-05-03,Maceoo Hollywood FL,10706.28,10799.88,-93.6,0,7,37,4,2,6
2026-05-03,Maceoo PR,3700.28,4060.16,-133,-226.88,6,21,1,4,5
2026-05-03,Maceoo Atlantic,3376.55,3814.21,-89.66,-348,11,26,4,7,11
2026-05-03,Maceoo Cosmo,3602.44,3791.32,0,-188.88,7,15,4,3,7
2026-05-03,Online Store,4839.96,6202.6,-1362.64,0,27,48,12,15,26
2026-05-03,Maceoo Tampa,10671.05,17706.75,-462.48,-6573.22,11,58,5,4,9
2026-05-03,Maceoo Biloxi,2864.04,3326.38,-462.34,0,7,27,3,2,6
2026-05-04,Maceoo Resorts World Las Vegas,1650.89,1650.89,0,0,2,33,1,1,2
2026-05-04,Maceoo Atlantic,1537.09,1572.09,-35,0,3,10,2,1,3
2026-05-04,Venetian,691.72,691.72,0,0,2,6,0,0,1
2026-05-04,CEOO DUBAI,1947.27,1997.27,-50,0,4,7,0,1,2
2026-05-04,Maceoo Tampa,1961.56,2379.74,-418.18,0,2,12,1,1,2
2026-05-04,Maceoo Aria,6240.31,10371.13,-3968.4,-162.42,15,34,13,2,15
2026-05-04,Maceoo Cosmo,1907.71,1907.71,0,0,5,12,4,1,5
2026-05-04,Online Store,3416.76,3862.76,-446,0,23,43,17,6,23
2026-05-04,Maceoo MGM,1202.2,1239.56,-37.36,0,5,14,3,0,4
2026-05-04,Maceoo Hollywood FL,11361.62,11816.62,-99,-356,11,24,4,7,11
2026-05-04,Maceoo Biloxi,1021.07,2005.2,-577.5,-406.63,10,19,5,5,9
2026-05-04,Maceoo PR,1015.88,1280.76,-66,-198.88,5,8,1,4,5
2026-05-05,Maceoo Cosmo,7487.06,7593,-105.94,0,6,26,3,3,6
2026-05-05,Maceoo PR,294,294,0,0,2,3,1,1,2
2026-05-05,Maceoo Resorts World Las Vegas,422.76,472.76,-50,0,1,4,1,0,1
2026-05-05,Maceoo Tampa,1069.43,1267.43,0,-198,4,10,2,2,4
2026-05-05,Maceoo Hollywood FL,3539.12,4814.44,-470.44,-804.88,10,30,2,6,9
2026-05-05,Maceoo Aria,7696.11,7874.99,0,-178.88,14,43,10,4,14
2026-05-05,Maceoo Biloxi,6868.64,7888.78,-476.74,-543.4,17,54,6,10,16
2026-05-05,Online Store,-1452.8,3762.36,-1576.76,-3638.4,16,63,5,11,16
2026-05-05,Maceoo Atlantic,1573.11,1889.72,-316.61,0,6,17,4,1,5
2026-05-05,Maceoo MGM,1217.29,1467.4,-250.11,0,3,7,2,1,3
2026-05-05,CEOO DUBAI,558,558,0,0,1,4,0,1,1
2026-05-06,Maceoo Aria,4909.63,4909.63,0,0,11,25,5,6,11
2026-05-06,Maceoo Hollywood FL,10077.89,10450.51,-214.62,-158,15,63,7,6,13
2026-05-06,Maceoo PR,354.88,354.88,0,0,3,3,1,2,3
2026-05-06,Online Store,4941.82,5569.8,-627.98,0,20,42,7,13,19
2026-05-06,CEOO DUBAI,10286.18,11113.84,-378.6,-449.06,7,16,5,1,7
2026-05-06,Maceoo Tampa,849.52,849.52,0,0,4,7,0,2,3
2026-05-06,Maceoo MGM,1157.82,1362,-204.18,0,6,20,3,3,6
2026-05-06,Maceoo Biloxi,1364.77,1803.86,-370.21,-68.88,10,22,4,5,8
2026-05-06,Venetian,1208.92,1208.92,0,0,3,8,0,0,1
2026-05-06,Maceoo Resorts World Las Vegas,1056.38,1116.38,-60,0,7,16,6,1,7
2026-05-06,Maceoo Cosmo,3773.41,3773.41,0,0,8,19,8,0,8
2026-05-06,Maceoo Atlantic,1048.76,1048.76,0,0,2,7,0,2,2
2026-05-07,CEOO DUBAI,3556.24,3556.24,0,0,3,9,3,0,3
2026-05-07,Maceoo Tampa,1446.05,1718.65,-114.6,-158,5,11,2,0,3
2026-05-07,Maceoo MGM,4468.25,5160.51,-692.26,0,15,30,9,5,13
2026-05-07,Venetian,420.38,433.28,-12.9,0,3,6,1,1,2
2026-05-07,Maceoo Aria,16186.63,16810.38,-297.76,-325.99,25,60,10,13,22
2026-05-07,Maceoo Atlantic,605.35,675.25,0,-69.9,5,8,3,2,4
2026-05-07,Maceoo Hollywood FL,5880.73,5983.24,-102.51,0,7,37,2,4,6
2026-05-07,Maceoo Cosmo,806.56,838.16,-31.6,0,4,10,4,0,4
2026-05-07,Online Store,2165.83,2498.32,-332.49,0,10,19,4,6,10
2026-05-07,Maceoo Biloxi,900.38,1088.14,0,-187.76,8,17,5,2,8
2026-05-07,Maceoo Resorts World Las Vegas,650.48,660.36,-9.88,0,4,9,4,0,4
2026-05-07,Maceoo PR,738,738,0,0,4,6,0,4,4
2026-05-07,WEB - Quiet LLC,0,0,0,0,0,-1,0,0,0
2026-05-08,Maceoo Cosmo,2811.31,3021.52,-88,-122.21,8,14,7,1,8
2026-05-08,Maceoo Resorts World Las Vegas,468.75,484.63,-15.88,0,2,4,2,0,2
2026-05-08,Venetian,1697.53,1697.53,0,0,8,18,3,1,5
2026-05-08,Maceoo Aria,8164.58,8167.89,-3.31,0,18,159,10,8,18
2026-05-08,Maceoo Biloxi,2373.27,2775.4,-402.13,0,14,35,7,7,12
2026-05-08,Maceoo Hollywood FL,6507.88,7147.65,-639.77,0,10,43,3,6,9
2026-05-08,Maceoo Tampa,5705.41,6201.53,-496.12,0,6,18,2,4,6
2026-05-08,CEOO DUBAI,1551.47,1609.84,-58.37,0,4,8,3,0,4
2026-05-08,Maceoo PR,2442.96,2590.4,-147.44,0,6,17,3,3,6
2026-05-08,Maceoo MGM,12068.77,17061.46,-1900.47,-3092.22,19,69,10,6,14
2026-05-08,Maceoo Atlantic,2128.92,2288.68,-0.88,-158.88,7,12,1,5,7
2026-05-08,Online Store,6810.75,7059.43,-248.68,0,28,50,17,9,26
2026-05-09,Venetian,3940.79,4830.8,-134.43,-755.58,19,39,6,2,8
2026-05-09,Maceoo Tampa,3359.05,3459.05,-100,0,8,40,1,6,7
2026-05-09,Maceoo Hollywood FL,17296.01,17903.61,-607.6,0,16,42,6,8,13
2026-05-09,Maceoo Atlantic,9651.2,10753.88,0,-1102.68,24,60,8,12,20
2026-05-09,Maceoo PR,2742.28,2925.28,-183,0,10,20,3,7,10
2026-05-09,CEOO DUBAI,8607.61,8784.21,-176.6,0,6,12,5,1,6
2026-05-09,Online Store,2015.81,5359.84,-1706.24,-1637.79,25,30,6,18,24
2026-05-09,Maceoo Aria,9175.89,12829.48,-2818.64,-834.95,22,84,16,4,20
2026-05-09,Maceoo Cosmo,6404.08,6951.2,-212,-335.12,13,33,5,5,10
2026-05-09,Maceoo Resorts World Las Vegas,499.36,499.36,0,0,3,6,1,1,3
2026-05-09,Maceoo MGM,1706.38,1859.22,-152.84,0,8,17,3,2,6
2026-05-09,Maceoo Biloxi,6230.21,7357.16,-281.22,-845.73,19,44,6,8,14
2026-05-10,Online Store,3735.92,3785.92,-50,0,12,26,5,7,12
2026-05-10,Venetian,951.88,1109.74,-48.86,-109,6,15,1,1,3
2026-05-10,Maceoo Aria,5352.45,6430.1,-752.8,-324.85,12,31,5,7,12
2026-05-10,Maceoo MGM,1164.58,1286.46,-121.88,0,4,9,3,1,4
2026-05-10,Maceoo Atlantic,2824.16,3116.82,-133.66,-159,9,19,2,6,8
2026-05-10,Maceoo Resorts World Las Vegas,405.03,405.03,0,0,2,5,2,0,2
2026-05-10,Maceoo Biloxi,2838.55,3234.41,-395.86,0,13,38,5,3,9
2026-05-10,Maceoo Cosmo,406.84,689.73,0,-282.89,4,8,3,1,3
2026-05-10,Maceoo Hollywood FL,1680.61,8232.04,-85.43,-6466,8,15,3,5,8
2026-05-10,CEOO DUBAI,3711.36,3711.36,0,0,3,13,2,0,3
2026-05-10,Maceoo Tampa,4543.07,5239.33,-200.5,-495.76,14,26,4,6,10
2026-05-11,Maceoo Atlantic,1933.39,2106.58,-173.19,0,3,16,1,2,3
2026-05-11,Maceoo Cosmo,2833.58,2833.58,0,0,3,12,2,1,2
2026-05-11,Maceoo PR,558,574,-16,0,1,3,0,1,1
2026-05-11,Venetian,163.45,163.45,0,0,1,2,0,1,1
2026-05-11,Maceoo Tampa,1323.31,1448.9,-125.59,0,4,12,0,4,4
2026-05-11,Online Store,1234.32,2244.96,-1010.64,0,13,16,5,7,12
2026-05-11,Maceoo MGM,724.13,724.13,0,0,5,10,4,1,5
2026-05-11,Maceoo Aria,8678.48,8837.36,-158.88,0,11,75,8,3,11
2026-05-11,Maceoo Biloxi,599.09,777.73,-178.64,0,4,8,2,2,3
2026-05-11,Maceoo Hollywood FL,535.96,535.96,0,0,3,7,3,0,3
2026-05-12,Maceoo Cosmo,1448.89,1448.89,0,0,4,8,1,3,4
2026-05-12,Maceoo PR,196.88,196.88,0,0,1,2,0,1,1
2026-05-12,CEOO DUBAI,926.75,933,-6.25,0,4,5,3,1,4
2026-05-12,Maceoo MGM,2962.72,3166.66,-203.94,0,8,21,8,0,8
2026-05-12,Maceoo Atlantic,2951.44,3043.33,-91.89,0,9,24,3,6,9
2026-05-12,Maceoo Tampa,1485.52,1485.52,0,0,3,5,1,2,3
2026-05-12,Maceoo Aria,4944.05,5138.75,-194.7,0,7,20,4,3,6
2026-05-12,Maceoo Biloxi,1194.98,1611.17,-416.19,0,4,9,3,1,4
2026-05-12,Venetian,621.82,621.82,0,0,2,7,0,0,1
2026-05-12,Online Store,2881.8,5455.52,-1334.64,-1239.08,19,24,9,10,19
2026-05-12,Maceoo Hollywood FL,659.33,699.93,-40.6,0,4,11,2,2,4
2026-05-13,Venetian,459.51,459.51,0,0,2,5,1,0,2
2026-05-13,Maceoo Cosmo,5828.94,6077.82,-248.88,0,5,25,3,2,5
2026-05-13,CEOO DUBAI,390.55,398,-7.45,0,2,2,2,0,2
2026-05-13,Maceoo PR,879.76,879.76,0,0,4,6,3,1,4
2026-05-13,Maceoo Tampa,2392.64,2433.85,-41.21,0,8,52,5,3,8
2026-05-13,Maceoo Hollywood FL,2122.07,2696.71,-434.83,-139.81,10,26,5,4,7
2026-05-13,Maceoo Atlantic,2387.38,2485.38,0,-98,9,24,3,4,8
2026-05-13,Maceoo Aria,6234.29,6349.05,-114.76,0,7,31,4,3,7
2026-05-13,Maceoo MGM,1412.83,1512.83,-100,0,5,10,2,1,4
2026-05-13,Maceoo Biloxi,592.93,704.1,-111.17,0,4,6,2,1,3
2026-05-13,Online Store,6898.9,7361.7,-462.8,0,28,44,21,7,28
2026-05-14,Maceoo Biloxi,417.19,552.06,-134.87,0,4,8,2,2,4
2026-05-14,Maceoo Resorts World Las Vegas,2528.91,2578.91,-50,0,5,32,2,2,5
2026-05-14,Online Store,4475.77,4643.77,-168,0,27,32,21,6,27
2026-05-14,Maceoo Cosmo,942.65,942.65,0,0,5,13,4,1,5
2026-05-14,CEOO DUBAI,1077.8,1402,-324.2,0,4,4,3,0,4
2026-05-14,Maceoo Tampa,1770.26,1770.26,0,0,4,8,0,4,4
2026-05-14,Maceoo Atlantic,2007.76,2403.76,0,-396,3,12,0,3,3
2026-05-14,Maceoo PR,444.88,444.88,0,0,3,3,1,1,2
2026-05-14,Maceoo Hollywood FL,891.88,891.88,0,0,3,8,1,2,3
2026-05-14,Maceoo MGM,2340.31,2360.1,-19.79,0,12,25,7,2,10
2026-05-14,Maceoo Aria,14375.91,15888.91,-1513,0,20,91,11,7,18
2026-05-14,Venetian,1658.56,1673.39,-14.83,0,11,25,3,2,6
2026-05-15,Maceoo Aria,31648.7,32815.54,-1166.84,0,25,190,10,14,24
2026-05-15,Maceoo Cosmo,5372.75,5372.75,0,0,9,31,6,2,8
2026-05-15,Maceoo MGM,6171.18,6567.26,-396.08,0,15,39,8,4,12
2026-05-15,Maceoo Atlantic,3551,6049.37,-802.06,-1696.31,10,23,1,5,7
2026-05-15,Venetian,3584.01,3632.87,-48.86,0,13,38,5,1,7
2026-05-15,Maceoo Hollywood FL,10745.7,10745.7,0,0,20,59,8,9,17
2026-05-15,Maceoo PR,2205.72,2389.52,-85.8,-98,6,18,1,4,6
2026-05-15,Maceoo Biloxi,3668.32,4127.31,-458.99,0,12,34,7,3,11
2026-05-15,Online Store,10565.68,11949.42,-687.98,-695.76,47,62,30,15,45
2026-05-15,Maceoo Resorts World Las Vegas,1690.32,2101.29,-410.97,0,2,5,2,0,2
2026-05-15,Maceoo Tampa,1911.19,1911.19,0,0,3,28,3,0,3
2026-05-15,CEOO DUBAI,2924.61,3373.69,-170.08,-279,4,8,2,1,4
2026-05-16,Maceoo Tampa,3047.64,3729.02,-681.38,0,10,26,3,5,9
2026-05-16,Maceoo Atlantic,2704.52,2921.73,-98.33,-118.88,9,22,6,3,8
2026-05-16,Maceoo Cosmo,7059.95,10345.96,-94,-3192.01,15,37,7,3,11
2026-05-16,Maceoo Hollywood FL,12102.27,15374.61,-938.76,-2333.58,25,81,13,8,21
2026-05-16,Maceoo Biloxi,3199.83,4071.24,-624.41,-247,14,50,6,8,12
2026-05-16,Online Store,9886.91,11372.67,-1485.76,0,57,77,41,15,55
2026-05-16,Venetian,7178.3,9176.66,-46,-1952.36,25,69,12,2,14
2026-05-16,Maceoo Resorts World Las Vegas,1556.43,1956.15,-399.72,0,1,5,1,0,1
2026-05-16,Maceoo PR,1078.08,1096.88,-18.8,0,6,7,1,5,6
2026-05-16,Maceoo Aria,16396.04,16396.04,0,0,27,84,16,10,27
2026-05-16,Maceoo MGM,4943.08,5049.8,-106.72,0,17,47,8,8,16
2026-05-16,CEOO DUBAI,2051.45,2091.45,-40,0,2,9,2,0,2
2026-05-17,Maceoo Hollywood FL,4929.5,6392.73,-536.35,-926.88,7,30,2,5,7
2026-05-17,Maceoo MGM,2679.4,2816.46,-137.06,0,10,21,6,1,8
2026-05-17,Maceoo Biloxi,984.7,1264.42,-279.72,0,9,17,5,4,8
2026-05-17,Maceoo Cosmo,1678.57,1678.57,0,0,6,14,4,1,6
2026-05-17,Maceoo Tampa,2383.69,3763.06,-460.87,-918.5,6,10,3,2,6
2026-05-17,Maceoo Atlantic,1779.75,1846.57,-66.82,0,9,16,2,5,8
2026-05-17,CEOO DUBAI,1492.61,1522.61,-30,0,4,9,3,0,4
2026-05-17,Maceoo Resorts World Las Vegas,1270.93,1378.64,-107.71,0,3,6,3,0,3
2026-05-17,Online Store,11983.38,12008.38,-25,0,42,63,38,4,42
2026-05-17,Venetian,1936.88,2000.69,-63.81,0,12,27,2,3,6
2026-05-17,Maceoo Aria,11918.48,13811.37,-471.39,-1421.5,17,49,9,8,16
2026-05-17,Maceoo PR,5897.32,6047.32,-150,0,7,43,2,5,6
2026-05-18,Maceoo Cosmo,7356.24,7769.04,-412.8,0,9,29,4,3,7
2026-05-18,Venetian,285.66,285.66,0,0,2,4,1,0,2
2026-05-18,Maceoo MGM,2164.52,2180.87,-16.35,0,9,20,5,3,8
2026-05-18,Maceoo Biloxi,1814.26,2581.03,-766.77,0,9,18,4,5,8
2026-05-18,Maceoo Atlantic,426.54,524.54,-48.56,-49.44,2,5,0,2,2
2026-05-18,Online Store,1500.98,7173.7,-499.88,-5172.84,36,23,20,16,35
2026-05-18,CEOO DUBAI,322.13,322.13,0,0,2,3,2,0,2
2026-05-18,Maceoo Hollywood FL,3528.77,4142.17,-613.4,0,9,22,3,6,9
2026-05-18,Maceoo Aria,12685.85,13051.82,0,-365.97,23,77,15,8,21
2026-05-18,Maceoo Resorts World Las Vegas,3598.69,3805.75,-207.06,0,5,20,2,2,5
2026-05-18,Maceoo Tampa,677.5,677.5,0,0,1,1,0,1,1
2026-05-18,Maceoo PR,208,712.88,0,-504.88,3,2,3,0,3
2026-05-19,Maceoo Tampa,1539.28,1546.28,-7,0,6,15,2,4,6
2026-05-19,Maceoo Resorts World Las Vegas,589.14,656.37,-67.23,0,3,6,2,0,3
2026-05-19,Maceoo Biloxi,247.29,423.38,-176.09,0,2,5,0,2,2
2026-05-19,CEOO DUBAI,323.31,323.31,0,0,2,5,2,0,2
2026-05-19,Maceoo Aria,11722.52,12671.62,-760.17,-188.93,18,136,10,6,15
2026-05-19,Maceoo Hollywood FL,7787.3,7845.78,-58.48,0,7,17,2,4,7
2026-05-19,Maceoo PR,4356.45,4380.28,-23.83,0,12,28,5,6,11
2026-05-19,Maceoo Cosmo,874.45,874.45,0,0,4,10,3,1,4
2026-05-19,Venetian,138,138,0,0,1,2,0,0,1
2026-05-19,Online Store,5933.32,8801.24,-2319.92,-548,35,58,23,12,35
2026-05-19,Maceoo Atlantic,1053.72,1211.72,0,-158,6,11,2,3,6
2026-05-19,Maceoo MGM,2451.07,2705.84,-254.77,0,3,7,3,0,3
2026-05-20,Maceoo Tampa,314.43,449.97,-135.54,0,3,4,1,2,3
2026-05-20,CEOO DUBAI,14474.34,14497.88,-23.54,0,3,7,2,1,2
2026-05-20,Online Store,7642.48,8492.36,-691.88,-158,32,47,20,12,32
2026-05-20,Maceoo Aria,11845.41,12568.84,-723.43,0,11,32,7,4,10
2026-05-20,Maceoo Biloxi,3004.49,3511.29,-506.8,0,9,31,5,3,9
2026-05-20,Maceoo Hollywood FL,1012.76,1343.76,-331,0,4,9,1,2,4
2026-05-20,WEB - Quiet LLC,0,328,-328,0,1,0,0,0,1
2026-05-20,Maceoo Cosmo,3157.46,3751.46,-594,0,5,20,4,1,5
2026-05-20,Maceoo MGM,4914.12,5713.48,-799.36,0,6,13,5,0,6
2026-05-20,Venetian,835.64,835.64,0,0,2,6,0,0,1
2026-05-20,Maceoo Atlantic,1228.55,1228.55,0,0,5,12,1,2,4
2026-05-20,Maceoo PR,1558.68,1778.88,-122.2,-98,5,10,1,4,4
2026-05-20,Maceoo Resorts World Las Vegas,175.06,373.94,0,-198.88,3,6,0,1,2
2026-05-21,Maceoo PR,951.52,951.52,0,0,2,6,0,2,2
2026-05-21,Maceoo MGM,2960.65,3287.01,-127.48,-198.88,7,39,5,1,7
2026-05-21,Maceoo Aria,12458.84,12866.8,-407.96,0,15,50,10,5,15
2026-05-21,Maceoo Hollywood FL,2838.5,3067.26,-109.88,-118.88,8,21,5,3,8
2026-05-21,Venetian,934.33,934.33,0,0,3,10,2,0,3
2026-05-21,Maceoo Biloxi,995.92,1479.46,-407.98,-75.56,6,16,3,2,4
2026-05-21,Maceoo Tampa,6827.15,7426.03,-598.88,0,8,44,4,2,5
2026-05-21,Online Store,7029.35,8763.74,-1734.39,0,26,48,14,11,25
2026-05-21,Maceoo Cosmo,823.94,848.66,-24.72,0,5,8,5,0,5
2026-05-21,CEOO DUBAI,348.8,348.8,0,0,1,2,0,1,1
2026-05-22,Maceoo Tampa,5933.06,6916.92,-381.44,-602.42,12,59,3,6,10
2026-05-22,Maceoo PR,613.76,663.76,-50,0,2,4,1,1,2
2026-05-22,Maceoo Biloxi,2161.05,2880.09,-524.64,-194.4,10,21,6,4,9
2026-05-22,CEOO DUBAI,3137.36,3137.36,0,0,3,8,2,1,3
2026-05-22,Maceoo Hollywood FL,1579.29,2865.3,-246.9,-1039.11,8,17,5,3,8
2026-05-22,Venetian,4634.35,4644.25,-9.9,0,7,24,0,0,1
2026-05-22,Online Store,3191.94,5504.8,-1352.86,-960,24,35,7,17,24
2026-05-22,Maceoo Cosmo,2266.73,2316.73,-50,0,8,21,8,0,8
2026-05-22,Maceoo Atlantic,3238.9,4754.54,-796.76,-718.88,13,28,5,7,12
2026-05-22,Maceoo MGM,1729.24,2443.97,-105.88,-608.85,6,14,4,1,5
2026-05-22,Maceoo Resorts World Las Vegas,304.42,337.42,-33,0,2,20,0,2,2
2026-05-22,Maceoo Aria,4774.53,5623.53,-849,0,11,32,8,3,11
2026-05-23,Online Store,11608.48,12303.36,-694.88,0,36,51,26,10,36
2026-05-23,CEOO DUBAI,599.84,599.84,0,0,2,6,2,0,2
2026-05-23,Maceoo Resorts World Las Vegas,140.71,140.71,0,0,2,4,2,0,2
2026-05-23,Maceoo PR,6752.32,8846.72,-2094.4,0,17,50,5,11,14
2026-05-23,Maceoo Tampa,6092.46,6594.34,-373.88,-128,11,31,3,6,9
2026-05-23,Venetian,2595.69,2615.46,-19.77,0,10,28,1,0,2
2026-05-23,Maceoo Cosmo,2657.78,2657.78,0,0,8,15,3,4,8
2026-05-23,Maceoo Hollywood FL,6585.51,7249.49,-544.98,-119,20,51,9,8,17
2026-05-23,Maceoo MGM,805.87,808.28,-2.41,0,4,9,3,0,4
2026-05-23,Maceoo Aria,22997.24,24491.19,-1493.95,0,30,233,16,13,28
2026-05-23,Maceoo Atlantic,14236.54,16954.61,-654.47,-2063.6,22,74,6,12,18
2026-05-23,Maceoo Biloxi,1769.33,2178.51,-409.18,0,8,30,5,2,7
2026-05-24,Maceoo Cosmo,3742.69,4096.19,-353.5,0,11,24,10,1,11
2026-05-24,Venetian,5196.15,5328.74,-132.59,0,19,62,2,0,3
2026-05-24,CEOO DUBAI,13976.72,14290.03,-313.31,0,5,22,3,2,5
2026-05-24,Maceoo Tampa,1747.71,1860.51,-112.8,0,7,16,1,3,5
2026-05-24,Maceoo Atlantic,15403.73,17012.2,-580.47,-1028,21,91,8,12,18
2026-05-24,Maceoo PR,3157.94,3962.8,-91.1,-713.76,12,20,5,7,10
2026-05-24,Maceoo Resorts World Las Vegas,1705.35,1998.07,-292.72,0,2,19,1,1,2
2026-05-24,Maceoo Aria,13482.85,15429.17,-1528.67,-417.65,23,73,16,7,22
2026-05-24,Maceoo Hollywood FL,9580.36,12599.64,-234.76,-2784.52,19,73,6,11,16
2026-05-24,Maceoo MGM,14885.69,16805.03,-1664.4,-254.94,15,39,9,5,14
2026-05-24,Online Store,3384.9,4513.78,-1128.88,0,20,24,14,6,20
2026-05-24,Maceoo Biloxi,2076.94,2606.59,-529.65,0,8,24,4,4,8
2026-05-25,Maceoo Hollywood FL,5610.68,6090.18,-281.5,-198,17,41,7,8,13
2026-05-25,Maceoo Atlantic,3392.28,3436.64,-44.36,0,12,29,5,7,12
2026-05-25,Maceoo Tampa,-1191.33,2343.83,-91.83,-3443.33,7,11,2,4,6
2026-05-25,Maceoo PR,1003.76,1019.76,-16,0,6,6,3,3,6
2026-05-25,Venetian,2633.03,2849.09,-216.06,0,6,17,1,1,3
2026-05-25,CEOO DUBAI,1235.32,1340.97,-105.65,0,4,9,4,0,4
2026-05-25,Maceoo Cosmo,4743.6,4743.6,0,0,6,22,4,1,5
2026-05-25,Maceoo Resorts World Las Vegas,392.56,416.33,-23.77,0,3,7,0,1,2
2026-05-25,Maceoo Aria,4454.2,5170.35,0,-716.15,12,53,6,6,11
2026-05-25,Maceoo MGM,6080.11,7410.05,-1329.94,0,13,32,5,3,9
2026-05-25,Maceoo Biloxi,2967.58,3638.43,-323.65,-347.2,9,17,4,4,9
2026-05-25,Online Store,8229.24,9016.47,-410.59,-376.64,40,63,26,12,38
2026-05-26,Maceoo PR,448.64,448.64,0,0,3,4,1,2,3
2026-05-26,CEOO DUBAI,1077.41,1287.91,-210.5,0,3,9,3,0,3
2026-05-26,Maceoo Cosmo,1618.74,1618.74,0,0,5,13,2,3,5
2026-05-26,Maceoo Aria,3094.58,3159.33,-64.75,0,8,24,5,2,7
2026-05-26,Maceoo Biloxi,783.78,985.26,-201.48,0,5,13,3,1,5
2026-05-26,Maceoo MGM,1183.2,1183.2,0,0,6,15,5,0,6
2026-05-26,Online Store,6000.55,6823.63,-823.08,0,24,44,14,10,24
2026-05-26,Maceoo Atlantic,3003.16,3082.96,-79.8,0,6,17,1,4,5
2026-05-26,Maceoo Resorts World Las Vegas,308.4,308.4,0,0,1,2,0,1,1
2026-05-26,Maceoo Hollywood FL,2874.57,5022.19,-377.44,-1770.18,15,31,6,5,12
2026-05-26,Venetian,180.92,180.92,0,0,2,4,0,0,1
2026-05-26,Maceoo Tampa,1747.09,1778.69,-31.6,0,6,13,5,1,6
2026-05-27,Maceoo Tampa,142.28,444.88,0,-302.6,2,1,1,1,2
2026-05-27,Maceoo Cosmo,1918.97,2609.15,0,-690.18,5,10,4,1,4
2026-05-27,Maceoo Atlantic,1241.43,1241.43,0,0,3,7,1,2,3
2026-05-27,Online Store,4418.18,5057.06,-638.88,0,21,27,16,5,21
2026-05-27,Maceoo Hollywood FL,4476.65,4813,-336.35,0,6,17,2,4,6
2026-05-27,Maceoo PR,1938.74,2204.74,-108,-158,7,10,3,4,7
2026-05-27,Maceoo Biloxi,565.79,780.12,-106.53,-107.8,6,10,3,2,6
2026-05-27,Maceoo MGM,672.21,741.68,-69.47,0,4,9,2,1,4
2026-05-27,Venetian,2179.4,2186.96,-7.56,0,8,22,1,0,2
2026-05-27,Maceoo Aria,8456.26,8542.79,-86.53,0,19,83,15,4,17
2026-05-27,CEOO DUBAI,903.2,1007,-103.8,0,2,4,2,0,2
2026-05-27,Maceoo Resorts World Las Vegas,849.03,886.79,-37.76,0,3,8,0,1,2
2026-05-28,Maceoo Cosmo,1324.21,1324.21,0,0,6,12,5,0,6
2026-05-28,Maceoo Resorts World Las Vegas,1016.57,1016.57,0,0,2,43,1,1,2
2026-05-28,Maceoo Atlantic,693.61,725.21,-31.6,0,4,7,1,3,4
2026-05-28,Maceoo PR,474.88,474.88,0,0,2,3,0,2,2
2026-05-28,Venetian,1013.98,1025.59,-11.61,0,6,12,1,0,2
2026-05-28,Maceoo Tampa,1805.99,2062.69,-256.7,0,8,17,4,3,8
2026-05-28,Online Store,3936.56,5624.44,-1577.88,-110,27,36,5,21,26
2026-05-28,Maceoo MGM,5162.66,5274.45,-111.79,0,7,19,7,0,7
2026-05-28,Maceoo Aria,2203.29,6454.31,-3987.2,-263.82,7,22,3,4,6
2026-05-28,Maceoo Biloxi,1529.9,3761.66,-1182.84,-1048.92,6,21,2,4,5
2026-05-28,Maceoo Hollywood FL,3848.85,3904.86,-56.01,0,10,30,5,5,9
2026-05-28,CEOO DUBAI,24152.45,25521.01,-1368.56,0,4,6,2,1,4
2026-05-29,Maceoo Aria,7156.09,7881.29,-139.44,-585.76,14,71,6,7,13
2026-05-29,Maceoo Cosmo,1951.87,2051.48,-99.61,0,8,22,6,2,8
2026-05-29,CEOO DUBAI,4951.45,6646.7,-432.35,-1262.9,10,21,5,3,8
2026-05-29,Maceoo Resorts World Las Vegas,121.3,121.3,0,0,1,2,1,0,1
2026-05-29,Maceoo MGM,1708.94,1985.2,-276.26,0,6,11,3,2,6
2026-05-29,Online Store,3055.84,4918.86,-1595.8,-267.22,22,31,15,7,22
2026-05-29,Maceoo Hollywood FL,13911.24,17451.29,-3103.15,-436.9,23,98,5,14,20
2026-05-29,Maceoo Atlantic,3109.51,3259.97,-150.46,0,12,30,5,5,11
2026-05-29,Venetian,4395.27,4396.25,-0.98,0,13,42,2,0,3
2026-05-29,Maceoo Tampa,3150.53,3269.41,0,-118.88,7,25,2,4,7
2026-05-29,Maceoo Biloxi,1313.79,1504.09,-190.3,0,6,15,1,5,6
2026-05-29,Maceoo PR,2826.4,3322.4,-150,-346,7,14,1,6,7
2026-05-30,Maceoo Biloxi,2787.17,3341.51,-441.01,-113.33,16,28,5,6,12
2026-05-30,Maceoo Atlantic,11193.56,11402.24,-19.8,-188.88,20,53,6,13,19
2026-05-30,Maceoo MGM,4151.71,4291.87,-140.16,0,10,26,8,1,10
2026-05-30,CEOO DUBAI,1434.22,1512.19,-77.97,0,5,11,4,1,4
2026-05-30,Maceoo Aria,8255.3,9789.56,-1534.26,0,14,43,7,7,14
2026-05-30,Maceoo Tampa,3818.75,3818.75,0,0,12,28,5,3,8
2026-05-30,Maceoo Cosmo,5327.42,5801.78,-103.61,-370.75,11,25,9,1,10
2026-05-30,Online Store,20606.45,20781.45,-175,0,229,246,226,3,229
2026-05-30,Maceoo Resorts World Las Vegas,1184.05,1547.93,-54.38,-309.5,6,16,2,0,3
2026-05-30,WEB - Quiet LLC,0,594,-594,0,1,3,0,1,1
2026-05-30,Maceoo Hollywood FL,7283.92,7382.8,0,-98.88,17,53,7,10,16
2026-05-30,Maceoo PR,4086.42,4279.8,-193.38,0,13,29,5,7,12
2026-05-30,Venetian,785.39,785.39,0,0,4,9,0,0,1
2026-05-31,Maceoo PR,2157.96,2267.28,-109.32,0,6,14,3,2,5
2026-05-31,Venetian,3601.14,3601.14,0,0,11,34,0,0,1
2026-05-31,Maceoo Resorts World Las Vegas,2801.4,2801.4,0,0,5,15,2,1,3
2026-05-31,Maceoo Cosmo,8364.61,8364.61,0,0,13,40,8,5,13
2026-05-31,Online Store,20655.87,20705.87,-50,0,190,206,181,9,190
2026-05-31,Maceoo MGM,2529.92,2585.44,-55.52,0,8,22,4,3,8
2026-05-31,Maceoo Atlantic,4217.84,8519.8,-91.6,-4210.36,20,28,6,9,14
2026-05-31,Maceoo Tampa,2288.6,2516.34,-108.86,-118.88,10,21,3,5,9
2026-05-31,Maceoo Aria,13694.85,14163.57,-468.72,0,14,125,7,7,14
2026-05-31,Maceoo Biloxi,586.98,740.93,-153.95,0,6,9,4,2,5
2026-05-31,Maceoo Hollywood FL,7367.78,7752.01,-384.23,0,12,30,5,5,11
2026-05-31,CEOO DUBAI,2034.41,2034.41,0,0,2,4,2,0,2
2026-06-01,Maceoo MGM,2277.8,2277.8,0,0,6,39,3,3,6
2026-06-01,Venetian,5209.46,5264.26,-54.8,0,4,27,0,0,1
2026-06-01,Maceoo Biloxi,1701.91,2133.64,-431.73,0,5,13,4,1,5
2026-06-01,Maceoo Cosmo,1843.15,1855.05,-11.9,0,3,8,3,0,3
2026-06-01,Maceoo Aria,9892.07,10166.83,-274.76,0,14,65,10,4,13
2026-06-01,Maceoo PR,-169.2,0,0,-169.2,0,0,0,0,0
2026-06-01,Maceoo Tampa,3494.86,4287.79,-505.88,-287.05,8,29,1,6,7
2026-06-01,Online Store,11769.72,12658.29,-888.57,0,120,124,111,8,119
2026-06-01,Maceoo Atlantic,826.42,1306.4,-85.98,-394,4,6,1,3,3
2026-06-01,Maceoo Hollywood FL,4096.46,4800.2,-703.74,0,8,19,1,6,7
2026-06-02,Venetian,908.57,908.57,0,0,3,9,0,0,1
2026-06-02,Maceoo Biloxi,256.89,331,-74.11,0,3,5,2,1,3
2026-06-02,Maceoo MGM,900.48,971.09,-70.61,0,3,7,2,1,3
2026-06-02,Maceoo Aria,4548.61,4597.29,-48.68,0,10,29,3,7,10
2026-06-02,Maceoo Resorts World Las Vegas,650.76,650.76,0,0,1,7,0,1,1
2026-06-02,Maceoo Hollywood FL,3386.81,3673.74,-52.33,-234.6,8,23,2,6,7
2026-06-02,Online Store,11307.46,14424.21,-1719.39,-1397.36,88,109,72,13,85
2026-06-02,Maceoo PR,1059.64,1117.64,0,-58,5,7,2,3,4
2026-06-02,CEOO DUBAI,593.9,693.9,-100,0,1,2,1,0,1
2026-06-02,Maceoo Tampa,2386.29,2428.27,-41.98,0,5,13,4,1,5
2026-06-02,Maceoo Atlantic,10828.81,10828.81,0,0,6,10,2,4,5
2026-06-02,Maceoo Cosmo,465.15,520.87,-55.72,0,2,4,0,2,2
2026-06-03,Maceoo Atlantic,2598.25,2598.25,0,0,5,14,3,1,4
2026-06-03,CEOO DUBAI,129.5,129.5,0,0,1,1,0,0,1
2026-06-03,Maceoo Cosmo,3911.92,4629.84,-316.38,-401.54,6,14,2,3,5
2026-06-03,Maceoo Biloxi,875.39,1048.25,-172.86,0,8,16,2,1,4
2026-06-03,Maceoo Hollywood FL,4109.26,5382.29,-268.8,-1004.23,8,25,0,6,6
2026-06-03,Maceoo MGM,1917.63,2111.61,-193.98,0,5,12,4,1,5
2026-06-03,Maceoo Tampa,867.82,867.82,0,0,4,7,2,1,4
2026-06-03,Online Store,26640.42,27310.99,-472.57,-198,228,249,217,11,228
2026-06-03,Maceoo Aria,11405.29,11909.27,-405.98,-98,15,79,7,8,15
2026-06-03,Maceoo Resorts World Las Vegas,2520.83,2959.43,-438.6,0,6,21,0,1,2
2026-06-03,Maceoo PR,2090.16,3137.04,-1046.88,0,4,15,0,4,4
2026-06-04,Maceoo Biloxi,637.23,950.98,-313.75,0,6,12,3,3,6
2026-06-04,Venetian,1952.52,1971.72,-19.2,0,5,14,0,0,1
2026-06-04,Maceoo Cosmo,1968,1968,0,0,7,18,3,4,7
2026-06-04,Maceoo PR,1236.64,1236.64,0,0,3,13,0,3,3
2026-06-04,Maceoo Atlantic,1253.5,1316.7,-63.2,0,8,16,4,3,8
2026-06-04,Maceoo MGM,2936.99,3558.93,-621.94,0,4,9,3,1,4
2026-06-04,Maceoo Tampa,2494.19,2658.75,-164.56,0,7,17,1,5,6
2026-06-04,Maceoo Aria,8843.29,9296.32,-453.03,0,14,140,4,9,14
2026-06-04,Online Store,13351.14,13813.39,-462.25,0,84,102,71,13,84
2026-06-04,Maceoo Hollywood FL,10987.74,11493.84,-158.1,-348,16,48,6,9,14
2026-06-05,Online Store,7592.36,10078.63,-2486.27,0,50,71,38,12,50
2026-06-05,Venetian,2012.84,2022.72,-9.88,0,9,21,0,0,1
2026-06-05,Maceoo Cosmo,4670.64,4898.52,-227.88,0,10,24,9,1,10
2026-06-05,Maceoo Biloxi,704.28,824.29,-120.01,0,5,7,2,2,5
2026-06-05,Maceoo Atlantic,1969.81,1969.81,0,0,7,11,4,3,7
2026-06-05,Maceoo PR,2541.27,2611.04,-69.77,0,9,19,3,6,9
2026-06-05,Maceoo Hollywood FL,2044.9,2507.88,-39.68,-423.3,9,24,1,8,8
2026-06-05,Maceoo Resorts World Las Vegas,53.21,53.21,0,0,1,3,0,0,1
2026-06-05,CEOO DUBAI,54.5,109,-54.5,0,1,1,1,0,1
2026-06-05,Maceoo MGM,2301.6,2541.11,-239.51,0,8,19,5,2,8
2026-06-05,Maceoo Tampa,5584.94,7241.19,-32.49,-1623.76,17,41,4,9,14
2026-06-05,Maceoo Aria,14638.78,17554.43,-884,-2031.65,15,53,8,7,13
2026-06-06,Maceoo Atlantic,11561.68,12024.72,-264.16,-198.88,25,62,10,11,20
2026-06-06,Maceoo Biloxi,2733.22,3042.04,-213.49,-95.33,11,27,10,1,11
2026-06-06,Maceoo Resorts World Las Vegas,1015.13,1064.53,-49.4,0,1,3,0,1,1
2026-06-06,Maceoo Aria,6198.78,6356.78,-158,0,13,43,7,6,12
2026-06-06,Maceoo MGM,4238.57,4567.86,-329.29,0,11,28,8,2,10
2026-06-06,Maceoo Cosmo,11025.12,12463.98,-847.76,-591.1,13,38,8,5,12
2026-06-06,Venetian,4110.3,4219.58,-109.28,0,13,32,2,0,3
2026-06-06,Maceoo Hollywood FL,14000.54,15941.62,-641.08,-1300,19,49,9,9,17
2026-06-06,Maceoo Tampa,1286.85,1792.21,-346.48,-158.88,9,18,3,4,7
2026-06-06,CEOO DUBAI,4985.62,5324.37,-338.75,0,5,14,3,2,4
2026-06-06,Maceoo PR,2538.84,3127.04,-588.2,0,11,20,4,7,11
2026-06-06,Online Store,3556.88,4350.64,-793.76,0,12,21,5,7,12
2026-06-07,Maceoo Biloxi,2492.52,2643.17,-150.65,0,12,29,5,4,10
2026-06-07,CEOO DUBAI,611.66,611.66,0,0,1,2,1,0,1
2026-06-07,Maceoo Tampa,2846.38,3106.8,-260.42,0,8,43,5,3,8
2026-06-07,Maceoo MGM,957.95,999.02,-41.07,0,5,37,3,2,5
2026-06-07,Online Store,7179.24,7796.68,-617.44,0,24,41,15,9,24
2026-06-07,Maceoo PR,2918.52,4869.4,-16,-1934.88,14,20,3,7,9
2026-06-07,Maceoo Cosmo,905.13,1351.82,-39.6,-407.09,5,11,3,1,4
2026-06-07,Venetian,1693,1703.16,-10.16,0,6,18,0,0,1
2026-06-07,Maceoo Hollywood FL,4902.45,5389.35,-51.4,-435.5,11,31,3,7,9
2026-06-07,Maceoo Atlantic,4246.95,5329.92,-82.97,-1000,17,33,4,8,13
2026-06-07,Maceoo Aria,7267.89,7282.89,-15,0,11,49,8,3,10
2026-06-08,Maceoo PR,980.62,1016.28,-35.66,0,3,12,3,0,3
2026-06-08,Maceoo Cosmo,3453.76,3453.76,0,0,7,16,4,3,7
2026-06-08,Maceoo Atlantic,807.98,1005.98,0,-198,5,8,3,2,5
2026-06-08,Maceoo Tampa,2461.8,2461.8,0,0,3,5,2,1,3
2026-06-08,Maceoo Biloxi,-314.99,495.22,-80.41,-729.8,4,2,2,1,3
2026-06-08,Online Store,3802.42,5168.92,-1056.18,-310.32,16,18,9,6,15
2026-06-08,CEOO DUBAI,2029.27,2029.27,0,0,2,4,2,0,2
2026-06-08,Maceoo Hollywood FL,2356.14,2356.14,0,0,3,9,1,2,3
2026-06-08,Maceoo MGM,2361.18,2697.1,-335.92,0,3,6,2,1,3
2026-06-08,Maceoo Aria,11520.68,14628.56,-3107.88,0,12,79,7,5,11
2026-06-08,Venetian,528.27,528.27,0,0,3,8,0,0,1
2026-06-09,Maceoo Atlantic,384.88,384.88,0,0,3,3,1,2,3
2026-06-09,Maceoo Biloxi,14574.2,15264.56,-690.36,0,33,91,11,16,28
2026-06-09,Online Store,6149.04,7051.74,-902.7,0,56,62,48,7,55
2026-06-09,Maceoo Hollywood FL,3459.57,4018.07,-92.7,-465.8,8,24,5,3,8
2026-06-09,Maceoo Tampa,1569.31,1668.31,-99,0,7,18,0,5,6
2026-06-09,Maceoo MGM,1037.2,1220.23,-183.03,0,2,4,0,1,2
2026-06-09,Maceoo PR,2142,2712.16,0,-570.16,9,14,2,4,6
2026-06-09,Venetian,60.65,60.65,0,0,1,2,0,0,1
2026-06-09,Maceoo Resorts World Las Vegas,214.95,251.85,-36.9,0,1,3,1,0,1
2026-06-09,Maceoo Cosmo,1834.59,1859.19,-24.6,0,6,15,4,2,6
2026-06-09,Maceoo Aria,14351.74,14931.96,-580.22,0,14,40,9,5,14
2026-06-10,Maceoo Biloxi,4643.63,5235.83,-305.32,-286.88,18,31,4,14,17
2026-06-10,Venetian,2290.12,2784.12,-494,0,2,11,2,0,2
2026-06-10,Maceoo Atlantic,2858.36,3043.64,-27.28,-158,6,19,3,3,5
2026-06-10,Maceoo Aria,11778.09,13303.58,-1525.49,0,11,46,7,4,11
2026-06-10,Maceoo Hollywood FL,6110.08,6249.68,-139.6,0,11,37,5,6,10
2026-06-10,Maceoo MGM,1660.54,1920.1,-259.56,0,7,15,2,4,5
2026-06-10,Maceoo Cosmo,3487.94,3793.46,-146.64,-158.88,5,17,5,0,5
2026-06-10,CEOO DUBAI,900.06,920.06,-20,0,1,2,0,1,1
2026-06-10,Maceoo PR,1183.76,1183.76,0,0,3,4,2,1,3
2026-06-10,Online Store,5523.13,8039.79,-50,-2466.66,69,62,64,5,69
2026-06-10,Maceoo Tampa,7101.42,7101.42,0,0,8,32,3,3,6
2026-06-11,Maceoo MGM,1474.89,1546.84,-71.95,0,6,14,5,1,6
2026-06-11,Maceoo Hollywood FL,1609.75,1749.52,-139.77,0,7,16,1,6,7
2026-06-11,CEOO DUBAI,5641.48,6736.66,-1095.18,0,2,8,0,2,2
2026-06-11,Online Store,8166.36,10590.19,-1526.07,-897.76,67,83,50,17,67
2026-06-11,Maceoo Tampa,4169.96,4672.64,-19.8,-482.88,6,17,2,4,6
2026-06-11,Maceoo Aria,10795.05,11460.81,-665.76,0,12,132,9,3,11
2026-06-11,Maceoo Biloxi,3910.2,4199.75,-289.55,0,14,37,4,7,12
2026-06-11,Maceoo Atlantic,2132.73,2468.73,0,-336,6,12,4,2,5
2026-06-11,Maceoo PR,3056.16,3877.04,0,-820.88,9,20,2,4,6
2026-06-11,Venetian,681.43,681.43,0,0,3,7,0,0,1
2026-06-11,Maceoo Resorts World Las Vegas,151.9,151.9,0,0,1,3,0,1,1
2026-06-11,Maceoo Cosmo,1361.43,1509.43,-148,0,4,9,4,0,4
2026-06-12,Maceoo Hollywood FL,8604.8,9859.77,-950.68,-304.29,19,52,8,7,14
2026-06-12,Online Store,9593.09,11479.04,-1789.95,-96,60,85,47,13,60
2026-06-12,Venetian,1117.79,1117.79,0,0,7,17,3,0,4
2026-06-12,Maceoo Resorts World Las Vegas,61.68,61.68,0,0,1,2,0,0,1
2026-06-12,Maceoo Aria,9472.6,11036.11,-25,-1538.51,19,162,9,9,17
2026-06-12,Maceoo Atlantic,7563.33,7721.33,0,-158,15,53,6,9,15
2026-06-12,Maceoo MGM,2064.11,2180.55,-32.4,-84.04,9,20,5,4,8
2026-06-12,Maceoo Cosmo,3792.03,3886.03,-94,0,8,16,5,3,8
2026-06-12,Maceoo Biloxi,7667.11,10882.32,-1841.96,-1373.25,29,63,9,15,25
2026-06-12,Maceoo PR,2142.28,2142.28,0,0,4,12,1,3,4
2026-06-12,Maceoo Tampa,2158.73,2794.73,-400,-236,10,44,2,7,10
2026-06-12,CEOO DUBAI,1009.59,1297.86,-288.27,0,8,16,7,0,8
2026-06-13,Maceoo Aria,9154.45,12489.89,-100.98,-3234.46,24,115,12,10,21
2026-06-13,Online Store,6871.86,7695.46,-823.6,0,46,62,34,11,44
2026-06-13,Maceoo MGM,4178.49,4435.51,-257.02,0,11,25,9,2,11
2026-06-13,Maceoo Tampa,11671.94,13141.67,-1429.73,-40,10,61,4,4,9
2026-06-13,Maceoo PR,5476.98,5587.68,-110.7,0,12,36,6,6,12
2026-06-13,Maceoo Atlantic,7889.75,8289.12,-63.17,-336.2,21,51,7,14,21
2026-06-13,Venetian,4744.1,4949.7,0,-205.6,18,50,5,0,6
2026-06-13,Maceoo Biloxi,15347.83,16255.45,-765.96,-141.66,45,105,13,22,35
2026-06-13,Maceoo Hollywood FL,6837.48,8592.48,-460,-1295,5,33,2,3,5
2026-06-13,CEOO DUBAI,1856.1,1869.41,-13.31,0,5,11,4,1,4
2026-06-13,Maceoo Resorts World Las Vegas,561.19,561.19,0,0,4,11,4,0,4
2026-06-13,Maceoo Cosmo,7666.71,9146.36,-295,-1184.65,17,45,10,5,15
2026-06-14,Maceoo Biloxi,3433.23,3790.09,-356.86,0,19,33,11,6,15
2026-06-14,WEB - Quiet LLC,0,198,-198,0,1,1,0,1,1
2026-06-14,Maceoo Hollywood FL,10879.38,11203.78,-266.4,-58,12,49,4,6,11
2026-06-14,Maceoo Aria,15739.47,16514.24,-517.06,-257.71,16,189,9,6,16
2026-06-14,Venetian,3315.41,3345.48,-30.07,0,9,27,3,0,4
2026-06-14,Maceoo Tampa,3008.49,3085.32,-76.83,0,8,25,3,4,8
2026-06-14,Maceoo Atlantic,9867.85,10330.86,-265.01,-198,18,68,6,8,14
2026-06-14,Maceoo MGM,1210.35,1210.35,0,0,4,9,3,0,4
2026-06-14,Maceoo Cosmo,1677.24,1677.24,0,0,9,20,6,3,9
2026-06-14,CEOO DUBAI,1120.63,1133.94,-13.31,0,4,9,3,1,4
2026-06-14,Maceoo PR,3972.4,3972.4,0,0,11,26,6,5,10
2026-06-14,Online Store,9140.78,10320.54,-1179.76,0,57,70,49,8,57
2026-06-15,Maceoo Hollywood FL,1946.97,1946.97,0,0,7,16,3,4,7
2026-06-15,Maceoo Resorts World Las Vegas,100.74,100.74,0,0,1,2,1,0,1
2026-06-15,Maceoo Tampa,1622.08,1722.08,-100,0,4,12,3,1,4
2026-06-15,Maceoo Biloxi,1565.68,1657.48,-91.8,0,4,14,2,2,4
2026-06-15,Maceoo Cosmo,1032.9,1032.9,0,0,3,11,2,1,3
2026-06-15,Maceoo MGM,2108.23,3149.92,-306.15,-735.54,7,14,5,2,6
2026-06-15,Maceoo Aria,1835.41,2334.29,-498.88,0,8,18,6,2,8
2026-06-15,Online Store,4862.27,8503.33,-1374.83,-2266.23,50,61,37,12,49
2026-06-15,CEOO DUBAI,289.86,306.86,-17,0,1,3,1,0,1
2026-06-15,Maceoo PR,3714.72,4344.16,-115.44,-514,13,26,4,8,11
2026-06-15,Venetian,1141.37,1141.37,0,0,6,14,2,1,4
2026-06-15,Maceoo Atlantic,2396.77,2733.1,-83.53,-252.8,10,20,3,6,8
2026-06-16,Maceoo Aria,7253.86,7739.26,-322.07,-163.33,16,40,8,6,13
2026-06-16,Online Store,8268.52,8645.4,-376.88,0,68,73,55,9,63
2026-06-16,Maceoo PR,2869.76,3009.52,-48.68,-91.08,10,21,5,5,10
2026-06-16,Maceoo Atlantic,3131.75,3131.75,0,0,4,8,2,2,4
2026-06-16,CEOO DUBAI,1035.84,1266.72,-71.24,-159.64,1,2,1,0,1
2026-06-16,Maceoo Resorts World Las Vegas,1108.72,1108.72,0,0,4,10,2,2,4
2026-06-16,Maceoo Tampa,1703.9,2356.48,-594.82,-57.76,5,28,2,3,5
2026-06-16,Maceoo MGM,2914.21,3517.95,-603.74,0,4,14,2,2,4
2026-06-16,Maceoo Cosmo,2037.25,2037.25,0,0,3,8,2,1,3
2026-06-16,Venetian,465.88,465.88,0,0,2,5,0,0,1
2026-06-16,Maceoo Biloxi,1404.16,1497.39,-93.23,0,6,14,5,0,6
2026-06-16,Maceoo Hollywood FL,3310.47,4766.47,-1298,-158,10,29,6,3,9
2026-06-17,Maceoo Biloxi,953.73,953.73,0,0,3,10,1,1,3
2026-06-17,Maceoo Aria,4056.56,4459.88,-403.32,0,9,29,9,0,9
2026-06-17,CEOO DUBAI,639.47,687.3,-47.83,0,3,4,2,1,3
2026-06-17,Maceoo Hollywood FL,5733.68,5733.68,0,0,12,35,4,7,11
2026-06-17,Maceoo Atlantic,3934.8,4057.57,-122.77,0,7,25,3,2,5
2026-06-17,Maceoo Tampa,257.09,257.09,0,0,2,4,0,2,2
2026-06-17,Maceoo Cosmo,3400.43,3400.43,0,0,5,18,4,1,5
2026-06-17,Maceoo MGM,2551.25,2859.86,-308.61,0,4,9,4,0,4
2026-06-17,Online Store,1016.1,7355.86,-327.6,-6012.16,51,46,45,6,51
2026-06-17,Maceoo Resorts World Las Vegas,621.49,621.49,0,0,2,3,1,0,2
2026-06-17,Venetian,2705.27,2763.27,-58,0,7,19,2,1,4
2026-06-17,Maceoo PR,3161.98,3378.64,0,-216.66,9,19,4,5,9
2026-06-18,Maceoo PR,3203.34,3262.4,-59.06,0,11,21,2,8,10
2026-06-18,Maceoo Aria,3716.51,3827.61,-111.1,0,12,227,9,3,12
2026-06-18,Maceoo Resorts World Las Vegas,133.72,161.72,-28,0,1,2,0,1,1
2026-06-18,Maceoo Hollywood FL,2423.75,3055.63,-631.88,0,10,21,3,6,8
2026-06-18,Online Store,8955.81,9836.91,-813.1,-68,60,68,45,14,59
2026-06-18,Maceoo Biloxi,289.6,322.6,-33,0,2,4,1,1,2
2026-06-18,Venetian,51.38,101.36,-49.98,0,1,3,0,0,1
2026-06-18,Maceoo Atlantic,1632.28,3456.68,-1538.4,-286,9,24,5,4,9
2026-06-18,Maceoo Tampa,473.71,771.47,0,-297.76,4,6,1,2,4
2026-06-18,Maceoo Cosmo,3968.65,4126.65,-158,0,9,29,7,2,9
2026-06-18,CEOO DUBAI,302.69,490.87,-188.18,0,2,6,2,0,2
2026-06-18,Maceoo MGM,1579.05,1579.05,0,0,4,10,3,1,4
2026-06-19,Online Store,12565.3,13422.93,-807.63,-50,61,69,45,9,54
2026-06-19,CEOO DUBAI,1078.76,1429.65,-350.89,0,2,4,0,1,1
2026-06-19,Maceoo PR,10092.33,10305.2,-114.87,-98,26,68,8,17,25
2026-06-19,Maceoo Atlantic,13238.42,21020.18,-4128,-3653.76,21,38,5,13,17
2026-06-19,Maceoo Hollywood FL,4527.48,4558.08,-30.6,0,11,39,6,5,11
2026-06-19,WEB - Quiet LLC,0,0,0,0,0,-1,0,0,0
2026-06-19,Venetian,5027.56,5471.34,-443.78,0,13,34,1,0,2
2026-06-19,Maceoo Biloxi,783.67,818.55,-34.88,0,4,8,1,1,3
2026-06-19,Maceoo Aria,10292.1,11516.72,-956.53,-268.09,22,87,11,11,22
2026-06-19,Maceoo Tampa,1313.93,1576.52,-114.59,-148,7,13,3,3,6
2026-06-19,Maceoo MGM,925.35,1566.32,-640.97,0,5,10,4,1,5
2026-06-19,Maceoo Cosmo,8324.83,9735.87,-808.88,-602.16,16,43,11,5,16
2026-06-20,Maceoo Hollywood FL,5195.1,5374.9,-179.8,0,12,36,9,3,12
2026-06-20,Maceoo MGM,2914.92,2966.18,-51.26,0,9,21,5,1,7
2026-06-20,Maceoo Atlantic,10034.2,12235.71,-247.93,-1953.58,27,54,13,12,24
2026-06-20,Maceoo Resorts World Las Vegas,306.1,306.1,0,0,2,4,1,1,2
2026-06-20,Online Store,8198.61,8747.49,-548.88,0,71,81,60,11,71
2026-06-20,Maceoo Biloxi,4630.09,5072.82,-284.73,-158,12,37,7,5,10
2026-06-20,Maceoo Cosmo,6042.84,7098.48,-178.88,-876.76,14,36,9,5,12
2026-06-20,Venetian,5686.54,5701.37,-14.83,0,13,50,0,0,1
2026-06-20,CEOO DUBAI,4799.25,5757,-957.75,0,3,14,1,1,2
2026-06-20,Maceoo PR,14260.85,14948,-331.39,-355.76,46,101,12,29,40
2026-06-20,Maceoo Tampa,4734.39,5586.4,-189.13,-662.88,13,35,3,7,10
2026-06-20,Maceoo Aria,10759.63,13546.16,-2496.4,-290.13,28,92,13,14,26
2026-06-21,CEOO DUBAI,3072.76,3199.13,-126.37,0,5,13,4,1,4
2026-06-21,Maceoo Cosmo,2427.79,2427.79,0,0,7,18,4,3,6
2026-06-21,Maceoo Tampa,5612.08,6254.38,-642.3,0,10,37,3,6,8
2026-06-21,Online Store,15373.09,16267.34,-894.25,0,47,82,36,11,47
2026-06-21,Venetian,3067.89,3067.89,0,0,9,26,0,0,1
2026-06-21,Maceoo Hollywood FL,10002.46,12947.7,-127.48,-2817.76,18,64,5,10,15
2026-06-21,Maceoo Biloxi,699.9,1378.17,-79.39,-598.88,4,7,2,2,4
2026-06-21,Maceoo Atlantic,1916.3,2439.3,-79,-444,8,16,2,6,8
2026-06-21,Maceoo MGM,5877.87,6171.57,-293.7,0,9,26,6,2,9
2026-06-21,Maceoo Aria,4824,5192,-205.58,-162.42,11,73,7,2,10
2026-06-22,Maceoo MGM,7527.18,7587.71,-60.53,0,7,27,3,3,7
2026-06-22,Maceoo PR,1193.42,2431.04,-537.62,-700,5,14,1,3,5
2026-06-22,Online Store,11982.35,12664.28,-587.49,-94.44,72,88,61,9,70
2026-06-22,Venetian,1318.58,1324.58,-6,0,5,14,2,0,3
2026-06-22,Maceoo Resorts World Las Vegas,482.27,487.27,-5,0,2,5,2,0,2
2026-06-22,Maceoo Cosmo,4130.38,5134.94,-387.76,-616.8,6,26,2,4,5
2026-06-22,Maceoo Biloxi,0,298.88,0,-298.88,1,1,0,1,1
2026-06-22,Maceoo Aria,1055.69,1499.2,-25.75,-417.76,6,16,4,2,6
2026-06-22,Maceoo Atlantic,3516.05,3820.35,-304.3,0,9,37,5,3,8
2026-06-22,CEOO DUBAI,7922.38,8272.38,-350,0,2,3,1,1,2
2026-06-22,Maceoo Tampa,389.93,405.93,-16,0,3,6,0,2,3
2026-06-22,Maceoo Hollywood FL,3071.39,3321.24,-249.85,0,7,23,3,4,6
2026-06-23,Maceoo Resorts World Las Vegas,460.7,492.75,-32.05,0,3,5,2,1,3
2026-06-23,Maceoo MGM,376.67,383.47,-6.8,0,3,6,2,0,3
2026-06-23,Maceoo Biloxi,432.78,687.09,-124.32,-129.99,3,7,3,0,3
2026-06-23,Maceoo Aria,3510.73,3796.93,-88.2,-198,13,72,8,5,13
2026-06-23,Venetian,1652.61,1935.73,-283.12,0,7,18,1,0,2
2026-06-23,Maceoo Hollywood FL,4190.71,4269.91,-79.2,0,6,18,2,4,6
2026-06-23,Online Store,7555.14,7816.3,-205.67,-55.49,53,71,41,11,52
2026-06-23,Maceoo Atlantic,1296.99,2137.61,-66,-774.62,6,12,2,3,5
2026-06-23,Maceoo PR,30,158,0,-128,0,0,0,0,0
2026-06-23,Maceoo Cosmo,2572.85,2622.85,-50,0,4,12,1,2,3
2026-06-23,CEOO DUBAI,841.12,1275,-433.88,0,1,1,1,0,1
2026-06-23,Maceoo Tampa,5251.93,6049.93,-250,-548,5,6,2,1,4
2026-06-24,Maceoo MGM,4319.06,4667.69,-348.63,0,12,28,8,2,11
2026-06-24,Maceoo Cosmo,5767.92,6015.92,-248,0,8,25,4,4,8
2026-06-24,Maceoo Aria,13216.3,14228.12,-848.49,-163.33,16,81,11,5,16
2026-06-24,Maceoo Atlantic,658.8,822.13,0,-163.33,4,7,1,1,3
2026-06-24,CEOO DUBAI,3939.3,4178.31,-239.01,0,2,9,2,0,2
2026-06-24,Maceoo Hollywood FL,2124.62,2124.62,0,0,4,9,3,1,4
2026-06-24,Venetian,427.81,447.61,-19.8,0,3,7,2,0,3
2026-06-24,Maceoo PR,3786.72,4439.16,-494.44,-158,2,17,2,0,2
2026-06-24,Maceoo Biloxi,202.39,202.39,0,0,1,3,1,0,1
2026-06-24,Maceoo Resorts World Las Vegas,379.42,379.42,0,0,3,4,2,1,3
2026-06-24,Maceoo Tampa,1933.21,2150.85,-217.64,0,7,15,1,3,5
2026-06-24,Online Store,4677.24,5834.32,-305.58,-851.5,32,41,22,9,31
2026-06-25,Maceoo Biloxi,3231.22,5133.44,-734.02,-1168.2,16,35,8,6,15
2026-06-25,Maceoo Tampa,162.42,162.42,0,0,1,2,0,1,1
2026-06-25,Maceoo Atlantic,1900.32,2870.01,0,-969.69,8,20,4,3,7
2026-06-25,Maceoo Resorts World Las Vegas,888.19,888.19,0,0,2,5,2,0,2
2026-06-25,Maceoo Hollywood FL,5759.01,6323.09,-564.08,0,10,36,6,3,9
2026-06-25,Maceoo Aria,7089.11,7184.59,-29.09,-66.39,11,38,9,2,11
2026-06-25,Maceoo MGM,10964.52,15081.65,-4117.13,0,11,23,7,1,8
2026-06-25,CEOO DUBAI,257.01,1175.81,-99.8,-819,3,3,1,2,3
2026-06-25,Online Store,4821.71,6070.64,-1097.56,-151.37,29,40,19,10,29
2026-06-25,Maceoo Cosmo,1653.56,1653.56,0,0,5,13,4,1,5
2026-06-25,Venetian,907.7,907.7,0,0,3,11,3,0,3
2026-06-25,Maceoo PR,1642.62,1869.62,-99,-128,7,11,3,4,7
2026-06-26,Maceoo Atlantic,3639.1,4197.9,-84.8,-474,11,23,3,7,11
2026-06-26,Maceoo Biloxi,1943.37,2265.69,-163.44,-158.88,5,31,3,1,4
2026-06-26,Venetian,1267.1,1267.1,0,0,8,16,6,0,7
2026-06-26,Maceoo Tampa,5512.67,5560.07,-47.4,0,12,42,2,7,10
2026-06-26,Maceoo MGM,2967.23,3256.58,-289.35,0,6,13,3,1,5
2026-06-26,Maceoo Aria,9709.28,9908.16,0,-198.88,19,106,9,7,16
2026-06-26,Online Store,5175.7,6012.14,-836.44,0,33,41,24,9,33
2026-06-26,Maceoo Cosmo,4989.69,5179.69,-190,0,11,26,8,3,10
2026-06-26,Maceoo Hollywood FL,4102.36,4205.69,-103.33,0,14,34,6,7,13
2026-06-26,Maceoo PR,4134.7,5561.44,-202.98,-1223.76,8,27,1,5,6
2026-06-26,Maceoo Resorts World Las Vegas,1763.27,1763.27,0,0,3,8,3,0,3
2026-06-26,CEOO DUBAI,692.36,1016.86,-324.5,0,2,5,2,0,2
2026-06-27,Maceoo Atlantic,14384.46,15041.9,-657.44,0,22,85,9,12,19
2026-06-27,Maceoo Hollywood FL,12795.8,13465.84,-670.04,0,24,78,10,11,20
2026-06-27,Maceoo MGM,11080.67,12854.84,-1672.52,-101.65,23,51,14,5,19
2026-06-27,Maceoo Biloxi,354.38,367.53,-13.15,0,4,9,1,1,3
2026-06-27,Maceoo Resorts World Las Vegas,26.6,26.6,0,0,1,2,0,1,1
2026-06-27,Venetian,3679.92,3770.64,-90.72,0,18,49,9,1,11
2026-06-27,Online Store,4409.71,5007.71,-598,0,22,32,18,4,22
2026-06-27,Maceoo Aria,22926.03,23242.03,-316,0,21,322,16,5,21
2026-06-27,Maceoo Tampa,4294.65,6006.36,-174.22,-1537.49,11,28,1,7,9
2026-06-27,Maceoo Cosmo,10518.55,10899.07,-380.52,0,8,31,8,0,8
2026-06-27,Maceoo PR,2806.52,3256.4,0,-449.88,9,12,1,5,6
2026-06-27,CEOO DUBAI,1934.57,1934.57,0,0,1,7,1,0,1
2026-06-28,Maceoo Hollywood FL,4999.36,6938.41,-1255.73,-683.32,11,36,7,3,10
2026-06-28,WEB - Quiet LLC,0,198,-198,0,1,1,0,1,1
2026-06-28,CEOO DUBAI,3801.33,4558.5,-757.17,0,4,5,3,1,4
2026-06-28,Maceoo Tampa,4844.27,5434.62,-401.47,-188.88,15,35,5,9,14
2026-06-28,Maceoo Biloxi,3925.62,3938.77,-13.15,0,7,15,4,2,6
2026-06-28,Maceoo MGM,1527.11,1574.39,-47.28,0,6,14,5,0,6
2026-06-28,Maceoo Cosmo,1640.07,1640.07,0,0,6,15,5,1,6
2026-06-28,Maceoo Aria,3797.76,4173.89,0,-376.13,9,54,4,4,7
2026-06-28,Venetian,1742.91,1920.34,-49.43,-128,14,28,3,0,4
2026-06-28,Maceoo PR,2190.62,4548.96,-816.94,-1541.4,7,22,1,3,4
2026-06-28,Maceoo Resorts World Las Vegas,567.96,617.96,-50,0,3,6,2,1,3
2026-06-28,Online Store,4949.56,6629.16,-1679.6,0,30,39,21,9,30
2026-06-28,Maceoo Atlantic,7407.42,8558.82,-85.4,-1066,18,58,3,11,15
2026-06-29,Maceoo Aria,2735.85,3670.19,-435.46,-498.88,7,37,1,5,6
2026-06-29,Venetian,837.81,909.61,-71.8,0,5,12,2,0,3
2026-06-29,Maceoo Tampa,771.79,903.43,-131.64,0,4,7,1,2,4
2026-06-29,Maceoo Resorts World Las Vegas,804.11,804.11,0,0,2,24,0,2,2
2026-06-29,Maceoo Atlantic,932.76,1441.52,-9.88,-498.88,6,10,2,4,6
2026-06-29,Maceoo Hollywood FL,2331.77,2331.77,0,0,5,16,1,4,5
2026-06-29,Maceoo MGM,2359.6,2419.32,-59.72,0,8,18,6,1,7
2026-06-29,Maceoo PR,98,98,0,0,1,1,1,0,1
2026-06-29,CEOO DUBAI,748.62,836.12,-87.5,0,4,10,2,1,4
2026-06-29,Online Store,3683.02,5281.25,-735.09,-863.14,32,33,25,6,31
2026-06-29,Maceoo Biloxi,1134.34,3516.3,-335.61,-2046.35,8,20,3,5,8
2026-06-29,Maceoo Cosmo,1927.85,2013.86,-86.01,0,6,22,4,2,6
2026-06-30,Maceoo Atlantic,5574.07,5732.07,0,-158,8,17,0,4,5
2026-06-30,Maceoo Biloxi,2383.24,2727.2,-294.08,-49.88,13,37,8,2,11
2026-06-30,Venetian,516.21,680.61,-164.4,0,2,3,2,0,2
2026-06-30,Maceoo Hollywood FL,2140.96,2140.96,0,0,4,14,1,3,4
2026-06-30,CEOO DUBAI,926.96,1292.37,-40.91,-324.5,4,11,3,0,4
2026-06-30,Maceoo PR,2179.33,3596.64,-51.55,-1365.76,6,16,1,5,6
2026-06-30,Online Store,2515.03,7064.35,-543.76,-4005.56,37,24,25,11,36
2026-06-30,Maceoo Aria,2973.94,3075.67,-101.73,0,8,23,3,4,7
2026-06-30,Maceoo Tampa,2648.04,2704.7,-56.66,0,6,31,2,4,6
2026-06-30,Maceoo MGM,366.87,366.87,0,0,2,4,2,0,2
2026-06-30,Maceoo Cosmo,2135.25,2174.72,-39.47,0,6,12,3,3,6
2026-07-01,Venetian,1609.77,1790.59,-180.82,0,10,22,7,1,9
2026-07-01,Maceoo Hollywood FL,9679.8,12482.67,-1998.38,-804.49,11,19,4,6,10
2026-07-01,Maceoo Resorts World Las Vegas,203.54,203.54,0,0,1,2,0,1,1
2026-07-01,Online Store,6547.54,7966.86,-1419.32,0,28,48,16,12,27
2026-07-01,Maceoo PR,731.12,988.88,-9.08,-248.68,3,4,2,1,2
2026-07-01,Maceoo Biloxi,1246.95,2510.57,-1263.62,0,8,22,4,3,7
2026-07-01,Maceoo Aria,11371.12,12190.3,-819.18,0,13,121,8,4,12
2026-07-01,Maceoo Atlantic,2194.18,2194.18,0,0,5,13,1,2,3
2026-07-01,Maceoo MGM,903.82,1376.49,-116.27,-356.4,5,9,4,1,4
2026-07-01,Maceoo Tampa,601.37,601.37,0,0,3,7,2,0,3
2026-07-01,Maceoo Cosmo,2889.64,2978.52,-88.88,0,6,18,3,3,5
2026-07-02,Maceoo MGM,1448.17,1478.9,-30.73,0,6,14,2,1,4
2026-07-02,Maceoo Aria,6779.21,6779.21,0,0,8,22,3,5,8
2026-07-02,Maceoo Cosmo,1345.37,1614.37,-269,0,4,12,2,2,4
2026-07-02,Maceoo Tampa,3962.43,5414.39,-641.08,-810.88,8,30,1,4,5
2026-07-02,Maceoo Hollywood FL,3850.5,4154.43,-235.93,-68,14,37,8,5,13
2026-07-02,Maceoo PR,445.76,762.64,-221.88,-95,2,4,1,1,2
2026-07-02,Maceoo Atlantic,2744.12,2990.07,-97.95,-148,11,25,7,3,11
2026-07-02,CEOO DUBAI,6268.66,7178.16,-909.5,0,4,11,2,2,3
2026-07-02,Maceoo Resorts World Las Vegas,121.3,121.3,0,0,1,2,1,0,1
2026-07-02,Maceoo Biloxi,874.86,1017.51,-142.65,0,5,10,2,2,4
2026-07-02,Venetian,454.63,454.63,0,0,2,5,2,0,2
2026-07-02,Online Store,7295.27,8283.67,-988.4,0,25,38,7,18,25
2026-07-03,Maceoo PR,414.88,513.76,-98.88,0,2,4,0,2,2
2026-07-03,Maceoo Hollywood FL,3616.95,3767.35,-150.4,0,9,31,3,5,9
2026-07-03,Online Store,4347.47,6757.41,-918.68,-1491.26,26,42,14,11,25
2026-07-03,CEOO DUBAI,64.25,126.75,-62.5,0,1,2,0,1,1
2026-07-03,Maceoo Aria,22213.95,24783.64,-158,-2411.69,19,133,12,6,17
2026-07-03,Maceoo Cosmo,6870.78,6870.78,0,0,13,38,8,5,13
2026-07-03,Maceoo MGM,2037.57,2037.57,0,0,7,17,2,3,6
2026-07-03,Maceoo Resorts World Las Vegas,453.63,453.63,0,0,4,7,3,0,4
2026-07-03,Maceoo Biloxi,1607.28,2482.65,-875.37,0,7,20,2,3,6
2026-07-03,Venetian,4401.75,4448.58,-46.83,0,18,44,18,0,18
2026-07-03,Maceoo Atlantic,4075.34,4291.73,-28.39,-188,17,27,3,12,15
2026-07-03,Maceoo Tampa,2363.08,3163.94,-404.86,-396,5,14,2,3,5
2026-07-04,CEOO DUBAI,6632.87,7563.74,-453.63,-477.24,9,18,6,2,9
2026-07-04,Maceoo Hollywood FL,10195.77,11509.63,-397.91,-915.95,21,64,10,9,18
2026-07-04,Maceoo PR,1299.28,1299.28,0,0,4,10,2,2,4
2026-07-04,Maceoo Cosmo,6676.64,6676.64,0,0,8,27,4,3,7
2026-07-04,Maceoo Aria,6220.3,6222.06,-1.76,0,11,242,5,6,11
2026-07-04,Maceoo Biloxi,840.87,1218.6,-39.55,-338.18,6,12,1,3,5
2026-07-04,Maceoo MGM,3685.26,4006.22,-320.96,0,9,23,7,1,9
2026-07-04,Maceoo Resorts World Las Vegas,708.07,708.07,0,0,5,10,5,0,5
2026-07-04,Venetian,4280.46,4381.92,-101.46,0,13,44,13,0,13
2026-07-04,Maceoo Atlantic,4863.33,5040.77,-49.44,-128,18,37,8,7,16
2026-07-04,Online Store,4039.48,6171.44,-2131.96,0,33,40,24,9,33
2026-07-04,Maceoo Tampa,4354.76,4506.48,-151.72,0,11,34,3,4,8
2026-07-05,Online Store,7100.9,7641.16,-540.26,0,31,39,22,9,30
2026-07-05,Maceoo Hollywood FL,4697.75,4985.22,-199.44,-88.03,9,28,2,7,8
2026-07-05,Maceoo Cosmo,4834.62,4834.62,0,0,7,19,2,4,6
2026-07-05,Venetian,1016.7,1016.7,0,0,3,11,3,0,3
2026-07-05,Maceoo Tampa,4158.98,4907.54,-748.56,0,11,37,3,8,11
2026-07-05,CEOO DUBAI,611.66,611.66,0,0,1,2,1,0,1
2026-07-05,Maceoo Resorts World Las Vegas,638.27,638.27,0,0,2,7,2,0,2
2026-07-05,Maceoo PR,2449.73,3005.68,-329.95,-226,8,20,0,7,7
2026-07-05,Maceoo Biloxi,492.41,499.21,-6.8,0,5,7,4,1,5
2026-07-05,Maceoo Aria,9919.63,10734.61,-348.07,-466.91,16,116,5,8,13
2026-07-05,Maceoo Atlantic,16187.09,16375.09,0,-188,8,20,2,6,8
2026-07-05,Maceoo MGM,6017.88,6201.12,-183.24,0,5,15,4,1,5
2026-07-06,Maceoo Biloxi,1475.96,1515.16,-39.2,0,4,12,3,1,4
2026-07-06,Venetian,1759.61,1812.59,-52.98,0,6,20,6,0,6
2026-07-06,Maceoo Hollywood FL,1472.15,1670.15,-19.8,-178.2,3,14,3,0,3
2026-07-06,Online Store,3286.48,4551.53,-1224.25,-40.8,22,34,15,6,21
2026-07-06,Maceoo Atlantic,768.26,768.26,0,0,4,4,2,1,4
2026-07-06,Maceoo Resorts World Las Vegas,166,166,0,0,1,2,1,0,1
2026-07-06,Maceoo PR,288,544,0,-256,1,1,1,0,1
2026-07-06,CEOO DUBAI,1978.27,2318.6,-340.33,0,4,5,3,0,4
2026-07-06,Maceoo Aria,4226.88,4710.88,-100,-384,6,27,2,4,5
2026-07-06,Maceoo Cosmo,2963.86,2963.86,0,0,6,20,4,2,6
2026-07-06,Maceoo MGM,4140.11,4557.78,-417.67,0,9,21,5,4,9
2026-07-07,Maceoo PR,1276.22,1569.52,-164.42,-128.88,3,11,1,2,3
2026-07-07,Maceoo Hollywood FL,2525.35,3069.49,-544.14,0,9,19,3,5,8
2026-07-07,Maceoo Cosmo,1832.31,1832.31,0,0,5,18,3,2,5
2026-07-07,Venetian,247.43,260.58,-13.15,0,2,3,1,0,2
2026-07-07,Maceoo Resorts World Las Vegas,976.6,976.6,0,0,1,2,0,1,1
2026-07-07,Maceoo Aria,6255.05,6255.05,0,0,4,87,3,1,3
2026-07-07,Maceoo MGM,3044.99,3195.55,-150.56,0,13,27,8,3,12
2026-07-07,Maceoo Tampa,2619.94,4332.38,-1712.44,0,3,18,1,2,3
2026-07-07,Maceoo Biloxi,239.36,407.79,-39.55,-128.88,2,3,1,1,2
2026-07-07,Online Store,5767.73,10390.38,-4074.65,-548,37,65,28,9,37
2026-07-07,Maceoo Atlantic,10238.06,10576.66,-338.6,0,4,10,2,2,4
2026-07-08,Maceoo MGM,1306.78,1367.84,-61.06,0,5,12,4,1,5
2026-07-08,Maceoo Tampa,4238.86,6641.39,-202.53,-2200,10,23,2,7,9
2026-07-08,Venetian,3743.64,3767.41,-23.77,0,6,22,6,0,6
2026-07-08,Online Store,7240.76,11505.99,-4265.23,0,40,83,18,22,40
2026-07-08,Maceoo Aria,9200.97,10352.95,-140.46,-1011.52,8,89,2,5,7
2026-07-08,Maceoo Resorts World Las Vegas,0,950,0,-950,0,0,0,0,0
2026-07-08,Maceoo Cosmo,701.48,1630.48,0,-929,3,6,3,0,3
2026-07-08,Maceoo Hollywood FL,1862.14,1893.02,-30.88,0,5,9,3,2,5
2026-07-08,Maceoo Biloxi,1492.52,1492.52,0,0,3,6,2,1,3
2026-07-08,Maceoo Atlantic,2009.75,2211.05,-43.3,-158,7,13,3,3,7
2026-07-08,Maceoo PR,212.15,484.64,-113.61,-158.88,1,3,0,1,1
2026-07-09,Maceoo Resorts World Las Vegas,929.07,929.07,0,0,2,6,1,1,2
2026-07-09,Maceoo Hollywood FL,4616.03,4894.51,-278.48,0,9,27,4,5,9
2026-07-09,Maceoo Tampa,1196.95,1533.46,-60.99,-275.52,5,10,2,3,5
2026-07-09,Maceoo Atlantic,1816.65,1816.65,0,0,7,14,2,3,6
2026-07-09,Maceoo Biloxi,1156,1234.64,-78.64,0,6,9,3,1,5
2026-07-09,Venetian,3223.19,3239.09,-15.9,0,14,39,13,0,14
2026-07-09,Maceoo Aria,5769.56,7505.84,-1736.28,0,10,39,6,4,10
2026-07-09,Maceoo ilani,181.88,517.91,0,-336.03,6,6,3,1,4
2026-07-09,CEOO DUBAI,1058.91,3227.86,-344.45,-1824.5,3,6,2,1,2
2026-07-09,Maceoo PR,1492.64,2344.4,-22,-829.76,2,11,0,2,2
2026-07-09,Maceoo MGM,6063.66,6256.7,-193.04,0,9,33,6,3,9
2026-07-09,Maceoo Cosmo,7617.84,7775.84,-158,0,10,34,9,1,10
2026-07-09,Online Store,11732.2,18200.69,-6468.49,0,38,118,21,17,38
2026-07-10,Maceoo Resorts World Las Vegas,397.76,397.76,0,0,1,2,1,0,1
2026-07-10,Maceoo PR,2545.8,2682.4,-38.6,-98,6,15,3,3,6
2026-07-10,Maceoo Hollywood FL,9866.23,10239.95,-373.72,0,14,48,7,7,14
2026-07-10,Maceoo ilani,3824.56,4586.03,-761.47,0,29,57,22,1,23
2026-07-10,Maceoo Aria,12273.88,13071.88,-300,-498,23,63,12,10,22
2026-07-10,Venetian,3312.39,3708.02,-395.63,0,8,26,6,0,7
2026-07-10,Maceoo Biloxi,427.82,739.95,-312.13,0,3,6,2,1,3
2026-07-10,Maceoo Tampa,3495.44,4497.02,-1001.58,0,10,27,5,3,9
2026-07-10,Online Store,4666.24,14249.62,-3648,-5935.38,50,60,22,27,49
2026-07-10,Maceoo MGM,4528.35,4973.22,-444.87,0,12,32,12,0,12
2026-07-10,Maceoo Atlantic,2163.15,3210.91,-50,-997.76,11,23,4,6,9
2026-07-10,CEOO DUBAI,1619.87,1685.91,-66.04,0,4,11,4,0,4
2026-07-10,Maceoo Cosmo,10296.32,10535.69,-239.37,0,15,51,12,3,15
2026-07-11,Maceoo Aria,17200.06,23281.06,-2191.36,-3889.64,35,192,18,12,27
2026-07-11,Online Store,10195.88,15260.8,-5064.92,0,46,101,24,22,46
2026-07-11,Maceoo Resorts World Las Vegas,363.33,363.33,0,0,2,3,1,1,2
2026-07-11,Maceoo Cosmo,9049.9,9117.9,-68,0,17,40,10,5,14
2026-07-11,Maceoo PR,-548.88,414,0,-962.88,1,1,0,1,1
2026-07-11,Maceoo Atlantic,4584.15,4703.03,-11.88,-107,11,21,6,5,11
2026-07-11,CEOO DUBAI,5315.07,5315.07,0,0,7,14,6,0,7
2026-07-11,Maceoo ilani,11459.34,12197.99,-737.65,-1,42,77,33,2,34
2026-07-11,Maceoo MGM,6313.98,7792.09,-732.54,-745.57,17,40,10,3,14
2026-07-11,Maceoo Hollywood FL,2477.93,3542.55,-255.08,-809.54,13,26,3,7,9
2026-07-11,Venetian,3413.98,3413.98,0,0,12,31,11,0,12
2026-07-11,Maceoo Biloxi,1478.5,1941.64,-146.05,-317.09,9,17,5,3,8
2026-07-11,Maceoo Tampa,1698.68,1714.48,-15.8,0,6,15,3,3,6
2026-07-12,Maceoo Tampa,2289.61,4057.17,-1767.56,0,10,43,2,7,9
2026-07-12,Venetian,2348.82,2348.82,0,0,10,30,10,0,10
2026-07-12,Maceoo Resorts World Las Vegas,782.98,815.98,-33,0,2,6,1,1,2
2026-07-12,Maceoo Aria,1828.46,1828.46,0,0,9,20,5,3,9
2026-07-12,Maceoo Cosmo,1127.47,1127.47,0,0,5,13,2,2,5
2026-07-12,Maceoo MGM,2696.18,2829.84,-133.66,0,9,52,8,1,9
2026-07-12,Maceoo Hollywood FL,3722.75,3904.07,-181.32,0,10,32,4,6,10
2026-07-12,CEOO DUBAI,2023.84,2682.42,-561.45,-97.13,9,14,7,2,7
2026-07-12,Maceoo PR,811.88,826.88,-15,0,3,7,3,0,3
2026-07-12,Maceoo Biloxi,1861.05,1941.26,-80.21,0,10,21,6,2,9
2026-07-12,Maceoo Atlantic,6037.23,6144.54,-107.31,0,14,28,4,9,13
2026-07-12,Online Store,4389.52,6462.7,-2073.18,0,31,50,18,12,30
2026-07-12,Maceoo ilani,3649.82,4621.05,-585.12,-386.11,29,50,18,2,20
2026-07-13,Venetian,661.9,814.04,0,-152.14,5,9,2,0,3
2026-07-13,Maceoo ilani,3331.36,4367.48,-559.27,-476.85,26,46,16,2,18
2026-07-13,Maceoo Biloxi,262.3,414,-23.7,-128,2,2,1,1,2
2026-07-13,Maceoo Aria,9461.28,9783.44,-34.4,-287.76,10,72,8,2,10
2026-07-13,Online Store,6354.04,9733.01,-2519.04,-859.93,35,58,24,11,35
2026-07-13,Maceoo Cosmo,571.32,571.32,0,0,2,5,2,0,2
2026-07-13,Maceoo MGM,2578.48,2673.83,-95.35,0,8,24,6,2,6
2026-07-13,Maceoo Tampa,736.05,736.05,0,0,4,8,1,2,4
2026-07-13,Maceoo Hollywood FL,4316.96,4910.41,-593.45,0,9,35,3,5,8
2026-07-13,Maceoo PR,1260.42,1375.52,-115.1,0,6,9,3,3,6
2026-07-13,Maceoo Atlantic,46167.93,54680.26,-8385.22,-127.11,11,45,2,6,8
2026-07-14,Maceoo Hollywood FL,1412.06,2019.63,-607.57,0,4,10,2,2,4
2026-07-14,Maceoo MGM,4231.51,5442.79,-516.39,-694.89,7,13,2,4,7
2026-07-14,Maceoo Cosmo,2259.97,2272.77,-12.8,0,5,19,3,2,5
2026-07-14,Maceoo ilani,3687.96,4281.82,-507.91,-85.95,28,43,26,1,27
2026-07-14,Maceoo Resorts World Las Vegas,444.76,444.76,0,0,3,8,2,0,3
2026-07-14,CEOO DUBAI,725.95,2380.77,-1654.82,0,3,13,3,0,3
2026-07-14,Maceoo Tampa,2759.79,2842.79,-83,0,5,19,0,5,5
2026-07-14,Maceoo Biloxi,5394.08,6099.01,-704.93,0,17,46,9,8,17
2026-07-14,Maceoo Atlantic,2891.2,3022.41,-131.21,0,14,31,4,7,11
2026-07-14,Online Store,9648.8,11313.72,-1664.92,0,33,74,19,14,31
2026-07-14,Venetian,324.84,324.84,0,0,2,5,2,0,2
2026-07-14,Maceoo Aria,2708.35,2708.35,0,0,8,18,7,1,8
2026-07-15,Maceoo Biloxi,7746.55,11054.94,-822.55,-2485.84,20,46,6,11,17
2026-07-15,Venetian,2273.71,2273.71,0,0,10,27,7,0,7
2026-07-15,Maceoo MGM,1774.4,2022.58,-248.18,0,7,13,6,0,6
2026-07-15,Maceoo Hollywood FL,3358.17,3474.07,-115.9,0,7,20,2,5,7
2026-07-15,Online Store,6692.28,10513.86,-3666.08,-155.5,28,58,22,6,28
2026-07-15,CEOO DUBAI,3771.39,4206.42,-435.03,0,6,14,5,1,5
2026-07-15,Maceoo Cosmo,2308.89,2308.89,0,0,5,14,3,2,5
2026-07-15,Maceoo Aria,5031.12,5031.12,0,0,7,24,3,4,6
2026-07-15,Maceoo Tampa,382.32,410.76,-28.44,0,3,4,1,2,3
2026-07-15,Maceoo ilani,10373.66,10728.64,-354.98,0,16,27,13,0,13
2026-07-15,Maceoo Atlantic,3350.88,4210.52,-11.34,-848.3,9,25,3,5,8
2026-07-15,Maceoo PR,698.32,842.76,-144.44,0,5,5,3,2,4
2026-07-16,Maceoo Aria,4224.58,5091.16,-866.58,0,10,37,5,5,10
2026-07-16,Maceoo MGM,1505.22,1747.88,-83.78,-158.88,9,20,7,1,8
2026-07-16,Venetian,915.9,915.9,0,0,7,16,7,0,7
2026-07-16,Maceoo Atlantic,2484.06,2484.64,-0.58,0,7,15,3,4,7
2026-07-16,Maceoo DFW Terminal D,1287.57,1287.57,0,0,7,13,3,2,5
2026-07-16,Maceoo Tampa,6134.04,6693.63,-391.59,-168,6,18,4,2,6
2026-07-16,Online Store,6048.18,8510.91,-2462.73,0,26,44,13,11,24
2026-07-16,Maceoo Resorts World Las Vegas,104.76,154.76,-50,0,2,3,2,0,2
2026-07-16,Maceoo ilani,1505.9,1866.4,-360.5,0,27,37,20,3,22
2026-07-16,Maceoo Hollywood FL,63.16,576.16,-19.8,-493.2,3,5,1,2,3
2026-07-16,Maceoo Cosmo,2700.19,2911.82,-52.63,-159,7,18,4,3,7
2026-07-16,Maceoo Biloxi,3827.28,5169.8,-350.76,-991.76,22,25,8,5,11
2026-07-16,CEOO DUBAI,159.86,193.13,-33.27,0,2,3,1,0,1
2026-07-17,Maceoo ilani,6436.36,7102.91,-463.06,-203.49,35,56,23,6,27
2026-07-17,Maceoo Biloxi,7554.34,10169.81,-1364.51,-1250.96,29,57,7,10,16
2026-07-17,Online Store,6268.02,7808.86,-1540.84,0,21,52,7,13,20
2026-07-17,Venetian,1206.87,1206.87,0,0,3,8,3,0,3
2026-07-17,Maceoo Atlantic,2086.59,2628.26,-57.67,-484,8,15,5,3,8
2026-07-17,Maceoo Cosmo,8738.95,9386.95,-648,0,18,41,15,3,17
2026-07-17,Maceoo PR,861.88,861.88,0,0,1,5,0,1,1
2026-07-17,Maceoo Hollywood FL,7143.14,7655.39,-314.25,-198,13,43,4,6,10
2026-07-17,Maceoo Aria,6366.74,6366.74,0,0,8,53,8,0,8
2026-07-17,Maceoo MGM,886.11,950.36,-64.25,0,4,8,0,1,1
2026-07-17,Maceoo Tampa,7813.84,8443.02,-629.18,0,13,30,4,4,8
2026-07-17,Maceoo Resorts World Las Vegas,252.89,252.89,0,0,1,3,1,0,1
2026-07-17,Maceoo DFW Terminal D,845.91,845.91,0,0,4,9,3,1,3
2026-07-17,CEOO DUBAI,2220.02,2453.37,-233.35,0,4,7,4,0,4
2026-07-18,Maceoo DFW Terminal D,100.74,100.74,0,0,1,2,1,0,1
2026-07-18,Venetian,12947.27,12947.27,0,0,23,83,19,1,19
2026-07-18,CEOO DUBAI,1541.95,1723.5,-181.55,0,3,3,2,1,3
2026-07-18,Maceoo Biloxi,11254.21,13782.32,-1658.35,-869.76,50,77,20,16,35
2026-07-18,Maceoo PR,1561.98,3034.59,-173.73,-1298.88,8,16,5,3,8
2026-07-18,Maceoo ilani,4762.85,5701.05,-696.05,-242.15,35,49,22,1,23
2026-07-18,Maceoo Atlantic,7726.79,8331.76,-218.97,-386,23,39,7,13,19
2026-07-18,Online Store,6889.22,9074.06,-2184.84,0,25,42,19,6,25
2026-07-18,Maceoo Aria,4989.89,4989.89,0,0,10,56,6,4,10
2026-07-18,Maceoo MGM,6702.4,7714.44,-415.69,-596.35,15,36,13,2,14
2026-07-18,Maceoo Hollywood FL,6298.12,7616.85,-211.1,-1107.63,21,42,7,10,16
2026-07-18,Maceoo Cosmo,6712.52,6727.32,-14.8,0,15,34,12,3,14
2026-07-18,Maceoo Tampa,6015.72,6521.05,-505.33,0,8,29,3,4,7
2026-07-18,Maceoo Resorts World Las Vegas,189.21,189.21,0,0,2,6,2,0,2
2026-07-19,Maceoo Atlantic,3834.35,3854.7,-20.35,0,9,23,3,5,8
2026-07-19,Online Store,8411.74,10112.14,-1700.4,0,39,63,25,14,38
2026-07-19,CEOO DUBAI,200,200,0,0,1,1,1,0,1
2026-07-19,Maceoo ilani,6423.29,8164.99,-742.72,-998.98,28,53,19,4,22
2026-07-19,Maceoo Resorts World Las Vegas,1473.06,1506.06,-33,0,1,12,0,1,1
2026-07-19,Maceoo PR,327.76,327.76,0,0,1,2,0,1,1
2026-07-19,Maceoo Hollywood FL,7318.78,7953.53,-249.09,-385.66,10,52,2,8,10
2026-07-19,Maceoo DFW Terminal D,3171.09,3171.09,0,0,7,23,5,0,5
2026-07-19,Maceoo MGM,3176.2,3783.97,-607.77,0,8,22,7,1,8
2026-07-19,Maceoo Aria,6380.34,9011.54,-1617.14,-1014.06,16,122,4,9,12
2026-07-19,Maceoo Cosmo,1749.34,1749.34,0,0,5,11,2,3,5
2026-07-19,Maceoo Biloxi,7156.08,8332.11,-1176.03,0,16,48,10,6,16
2026-07-19,Venetian,2372.88,2372.88,0,0,11,23,8,0,8
2026-07-19,Maceoo Tampa,9797.77,11331.05,-1533.28,0,10,53,5,5,10
2026-07-20,Maceoo Atlantic,4738.61,5188.19,-370.58,-79,10,28,4,6,9
2026-07-20,Maceoo DFW Terminal D,3980.41,3980.41,0,0,8,26,4,0,4
2026-07-20,Maceoo Cosmo,1449.92,1462.72,-12.8,0,4,8,4,0,4
2026-07-20,Maceoo Biloxi,698.05,1735.04,-236.29,-800.7,1,3,0,1,1
2026-07-20,Online Store,3105.39,7330.78,-1456.47,-2768.92,35,43,19,15,34
2026-07-20,Maceoo PR,1270.16,1365.19,-95.03,0,5,14,1,4,5
2026-07-20,Maceoo Tampa,617.94,630.74,-12.8,0,4,8,1,2,3
2026-07-20,Venetian,1022.14,1022.14,0,0,6,13,4,0,4
2026-07-20,Maceoo Resorts World Las Vegas,163.33,163.33,0,0,1,2,1,0,1
2026-07-20,Maceoo Hollywood FL,867.5,1273.26,-91.76,-314,6,11,4,1,5
2026-07-20,CEOO DUBAI,3431.23,3817,-385.77,0,2,6,2,0,2
2026-07-20,Maceoo ilani,2538.27,4420.91,-316,-1566.64,16,33,8,3,9
2026-07-20,Maceoo MGM,3037.68,3129.85,-92.17,0,4,9,3,0,3
2026-07-20,Maceoo Aria,1297.99,1533.99,0,-236,3,38,0,3,3
2026-07-21,Maceoo PR,1214.52,1813.09,-469.69,-128.88,5,16,2,3,5
2026-07-21,Online Store,5600.76,7357.41,-1658.65,-98,26,54,16,10,26
2026-07-21,CEOO DUBAI,8004.55,9073.5,-1068.95,0,4,9,3,1,4
2026-07-21,Maceoo Atlantic,3096.2,3395.08,-298.88,0,10,26,4,4,8
2026-07-21,Maceoo Biloxi,318.87,356,-37.13,0,2,3,2,0,2
2026-07-21,Maceoo Cosmo,379.41,395.21,-15.8,0,2,5,2,0,2
2026-07-21,Maceoo Tampa,680.64,769.64,-89,0,3,6,1,2,3
2026-07-21,Maceoo MGM,4224.14,4786.91,-562.77,0,2,13,2,0,2
2026-07-21,Maceoo Hollywood FL,533.64,1016.71,-257.07,-226,6,8,1,4,5
2026-07-21,Maceoo ilani,2937.58,3511.5,-573.92,0,24,37,16,4,20
2026-07-21,Maceoo Aria,1685.68,1788.1,-102.42,0,6,19,4,2,6
2026-07-21,Venetian,5585.58,6835.3,-1249.72,0,7,17,4,0,4
2026-07-21,Maceoo DFW Terminal D,821.25,821.25,0,0,4,10,4,0,4
2026-07-22,Maceoo DFW Terminal D,1262.54,1485.34,-222.8,0,1,9,0,1,1
2026-07-22,Maceoo ilani,2192.99,2659.42,-466.43,0,19,29,16,0,16
2026-07-22,Maceoo Tampa,498.88,498.88,0,0,1,1,1,0,1
2026-07-22,Maceoo Atlantic,457.44,457.44,0,0,4,8,2,0,2
2026-07-22,Maceoo PR,2744.48,2793.95,-49.47,0,5,24,2,3,4
2026-07-22,Maceoo Resorts World Las Vegas,643.28,643.28,0,0,2,7,0,1,1
2026-07-22,Venetian,1264.31,1264.31,0,0,5,13,3,2,5
2026-07-22,Maceoo Cosmo,1462.48,1462.48,0,0,5,12,4,1,5
2026-07-22,CEOO DUBAI,728.69,1086.83,-358.14,0,2,5,1,1,2
2026-07-22,Maceoo Biloxi,380.7,406.29,-25.59,0,3,7,3,0,3
2026-07-22,Maceoo Aria,2101.62,2101.62,0,0,6,13,3,3,6
2026-07-22,Maceoo MGM,1776.01,1776.01,0,0,5,12,4,0,4
2026-07-22,Maceoo Hollywood FL,515.28,515.28,0,0,2,6,2,0,2
2026-07-22,Online Store,2377.54,4304.29,-728.43,-1198.32,25,32,17,8,25
2026-07-23,Maceoo PR,782.76,782.79,-0.03,0,4,8,2,1,3
2026-07-23,Maceoo Resorts World Las Vegas,389.33,389.33,0,0,3,4,2,0,2
2026-07-23,CEOO DUBAI,919.81,1049.52,-129.71,0,6,11,5,1,5
2026-07-23,Maceoo Hollywood FL,8804.19,8907.43,-103.24,0,9,49,6,3,9
2026-07-23,Maceoo Atlantic,876.2,876.2,0,0,3,14,1,1,2
2026-07-23,Online Store,5704.71,7332.97,-1628.26,0,31,46,20,9,29
2026-07-23,Maceoo Aria,3050.21,6184.85,-3134.64,0,10,27,8,2,10
2026-07-23,Maceoo MGM,1579.46,1706.45,-126.99,0,6,15,6,0,6
2026-07-23,Maceoo DFW Terminal D,522.75,650.75,0,-128,3,6,2,0,2
2026-07-23,Maceoo Biloxi,321.58,425.76,-104.18,0,3,3,2,1,3
2026-07-23,Venetian,2026.52,2026.52,0,0,6,20,4,0,4
2026-07-23,Maceoo Tampa,2160.24,2430.86,-270.62,0,6,19,1,3,4
2026-07-23,Maceoo ilani,4660.58,5354.11,-693.53,0,14,33,10,2,12
2026-07-23,Maceoo Cosmo,4348.05,5053.42,-100,-605.37,10,21,7,3,8
2026-07-24,CEOO DUBAI,1251.86,1351.86,-100,0,2,3,2,0,2
2026-07-24,Maceoo DFW Terminal D,5915.86,5915.86,0,0,12,43,8,2,8
2026-07-24,Maceoo PR,233,2374.28,0,-2141.28,3,3,1,1,2
2026-07-24,Maceoo ilani,4030.69,4911.41,-714.97,-165.75,35,76,18,5,19
2026-07-24,Venetian,918.65,918.65,0,0,4,11,4,0,4
2026-07-24,Maceoo Hollywood FL,3774.23,5489.72,-577.19,-1138.3,10,28,4,5,9
2026-07-24,Maceoo Tampa,1547.67,1775.48,-227.81,0,7,17,1,3,4
2026-07-24,Maceoo Resorts World Las Vegas,1545.87,1545.87,0,0,1,5,0,0,0
2026-07-24,Maceoo Biloxi,778.97,823.65,-44.68,0,5,9,4,1,5
2026-07-24,Online Store,4407.99,5163.87,-755.88,0,21,28,15,6,21
2026-07-24,Maceoo MGM,3304.03,4312.77,-480.09,-528.65,10,26,9,0,9
2026-07-24,Maceoo Aria,8491.36,11159.65,-518.29,-2150,15,87,9,6,14
2026-07-24,Maceoo Cosmo,1762.69,1762.69,0,0,5,15,3,2,5
2026-07-24,Maceoo Atlantic,4622.35,5344.77,-126.66,-595.76,12,36,3,5,8
2026-07-25,Maceoo Tampa,3775.81,4546.19,-770.38,0,9,24,3,4,7
2026-07-25,Online Store,3997.04,7064.1,-874.52,-2192.54,33,36,22,11,33
2026-07-25,Maceoo Atlantic,11871.33,12411.31,-381.98,-158,22,63,9,11,20
2026-07-25,Maceoo Cosmo,2122.25,2122.25,0,0,5,13,2,3,5
2026-07-25,Venetian,5425.48,5483.04,-57.56,0,20,57,15,0,15
2026-07-25,Maceoo DFW Terminal D,5269.14,5269.14,0,0,8,28,4,1,5
2026-07-25,Maceoo Hollywood FL,5075.1,5769.42,-496.32,-198,13,44,4,8,12
2026-07-25,CEOO DUBAI,13287.65,14862.72,-1575.07,0,10,29,7,2,8
2026-07-25,Maceoo ilani,6224.2,7362.41,-935.92,-202.29,47,67,28,10,37
2026-07-25,Maceoo Resorts World Las Vegas,171,196,-25,0,1,2,1,0,1
2026-07-25,Maceoo Biloxi,1276.1,1472.65,-196.55,0,9,14,5,4,9
2026-07-25,Maceoo PR,4711.66,4867.29,-155.63,0,9,42,4,5,8
2026-07-25,Maceoo Aria,6318.49,6761.73,-443.24,0,11,40,6,4,10
2026-07-25,Maceoo MGM,5821.01,6838.56,-725.18,-292.37,15,112,10,4,12
2026-07-26,Maceoo Hollywood FL,726.63,832.85,-106.22,0,4,9,2,2,4
2026-07-26,Maceoo PR,326.64,326.66,-0.02,0,2,5,1,1,2
2026-07-26,Maceoo MGM,1712.6,1720.72,-8.12,0,7,25,4,3,7
2026-07-26,Maceoo Aria,4385.31,4385.31,0,0,10,43,5,5,10
2026-07-26,Venetian,3210.61,3210.61,0,0,10,25,10,0,10
2026-07-26,Maceoo Cosmo,1012.45,1012.45,0,0,3,7,3,0,3
2026-07-26,Online Store,6560.53,9453.77,-2893.24,0,31,54,22,9,31
2026-07-26,Maceoo Biloxi,943.36,1035.11,-91.75,0,5,13,4,1,5
2026-07-26,Maceoo Atlantic,6460.31,7004.83,-544.52,0,16,56,4,11,15
2026-07-26,Maceoo Tampa,2618.23,2953.81,-335.58,0,8,41,4,4,8
2026-07-26,Maceoo DFW Terminal D,1321,1321,0,0,3,12,2,0,2
2026-07-26,Maceoo ilani,13740.2,17072.73,-1967.05,-1365.48,66,128,33,9,40
2026-07-26,CEOO DUBAI,9321.92,12026.69,-1529.14,-1175.63,6,18,4,2,4
2026-07-26,Maceoo Resorts World Las Vegas,248.13,248.13,0,0,2,4,1,0,1
2026-07-27,Maceoo Biloxi,584.08,723.75,-139.67,0,3,6,3,0,3
2026-07-27,Maceoo ilani,1900.79,2452.13,-551.34,0,17,42,11,1,12
2026-07-27,Maceoo PR,810,860.02,-50.02,0,4,7,0,4,4
2026-07-27,Maceoo Atlantic,2722.04,3136.92,0,-414.88,6,16,2,3,5
2026-07-27,Maceoo DFW Terminal D,211.77,211.77,0,0,1,3,0,0,0
2026-07-27,Maceoo Cosmo,798.82,827.94,-29.12,0,4,12,0,3,3
2026-07-27,Maceoo Tampa,2570.7,3988.54,-583.72,-834.12,7,28,2,5,7
2026-07-27,Maceoo Hollywood FL,2842.95,3083.25,-240.3,0,6,23,3,3,6
2026-07-27,Venetian,1250.04,1250.04,0,0,4,13,2,1,3
2026-07-27,Maceoo MGM,1954,2143.06,-189.06,0,10,21,8,2,9
2026-07-27,Online Store,6321.81,8932.04,-2610.23,0,33,54,20,11,31
2026-07-27,Maceoo Aria,3346.55,3349.19,-2.64,0,5,42,1,3,4
2026-07-28,Maceoo ilani,2160.92,2677.39,-407.67,-108.8,18,32,10,4,14
2026-07-28,Maceoo Hollywood FL,2874.48,3285.64,-95.16,-316,8,19,1,5,5
2026-07-28,CEOO DUBAI,91.49,91.49,0,0,1,2,1,0,1
2026-07-28,Maceoo Resorts World Las Vegas,689.01,730.01,-41,0,4,13,2,1,3
2026-07-28,Maceoo Aria,8458.16,10093.27,-1535.11,-100,14,36,6,7,11
2026-07-28,Online Store,4851.94,6420.1,-1072.96,-495.2,35,37,21,14,35
2026-07-28,Maceoo PR,2148.25,2849.16,-621.47,-79.44,3,12,1,1,2
2026-07-28,Maceoo Tampa,1251.29,2779.79,-1528.5,0,4,17,2,2,4
2026-07-28,Maceoo Atlantic,3069.67,3551.44,-8.88,-472.89,15,32,4,7,11
2026-07-28,Venetian,2096.96,2096.96,0,0,6,18,4,1,5
2026-07-28,Maceoo Biloxi,1629.52,1737.86,-108.34,0,7,19,2,1,3
2026-07-28,Maceoo MGM,1025.07,1070.04,-44.97,0,5,13,2,1,3
2026-07-28,Maceoo DFW Terminal D,785.39,785.39,0,0,2,5,1,0,1
2026-07-28,Maceoo Cosmo,497.54,497.54,0,0,3,6,3,0,3
2026-07-29,Maceoo ilani,1798.15,2380.68,-175.12,-407.41,13,23,11,1,12
2026-07-29,CEOO DUBAI,550,947.99,-397.99,0,1,3,0,0,0
2026-07-29,Maceoo Cosmo,1581.97,1581.97,0,0,2,5,2,0,2
2026-07-29,Maceoo Aria,7096.57,7234.33,-137.76,0,10,70,5,5,10
2026-07-29,Maceoo DFW Terminal D,1332.28,1332.28,0,0,5,12,0,0,0
2026-07-29,Online Store,4182.36,5386.25,-1171.16,-32.73,26,35,15,10,25
2026-07-29,Maceoo MGM,1026.85,1026.85,0,0,5,9,2,1,3
2026-07-29,Venetian,1261.51,1315.19,-53.68,0,5,13,4,0,4
2026-07-29,Maceoo Biloxi,1452.46,1492.23,-39.77,0,4,11,2,1,3
2026-07-29,Maceoo Atlantic,1413.11,1425.91,-12.8,0,3,10,1,1,2
2026-07-29,Maceoo Tampa,5059.76,5089.46,-29.7,0,4,14,2,2,4
2026-07-29,Maceoo PR,4402.28,5013.18,-66.02,-544.88,7,26,2,4,6
2026-07-29,Maceoo Hollywood FL,1166.79,1166.79,0,0,3,18,1,2,3
2026-07-30,Venetian,762.81,762.81,0,0,4,9,4,0,4
2026-07-30,Maceoo Resorts World Las Vegas,3379.32,3824.71,-445.39,0,5,27,2,2,3
2026-07-30,Maceoo MGM,1493.57,1493.57,0,0,4,10,2,0,2
2026-07-30,Maceoo Aria,20875.28,24352.37,-57.18,-3419.91,9,63,5,4,8
2026-07-30,Maceoo DFW Terminal D,3408.48,3408.48,0,0,7,28,2,0,2
2026-07-30,Maceoo Biloxi,1244.42,1423.07,-178.65,0,10,18,8,1,9
2026-07-30,Maceoo Atlantic,4429.44,4436.32,-6.88,0,7,17,1,4,5
2026-07-30,Maceoo PR,1396.52,1396.52,0,0,5,9,3,2,5
2026-07-30,Online Store,5244.03,6043.04,-799.01,0,32,47,25,6,31
2026-07-30,CEOO DUBAI,558.82,687.51,-128.69,0,3,6,3,0,3
2026-07-30,Maceoo ilani,2013.9,2346.91,-333.01,0,20,37,18,2,20
2026-07-30,Maceoo Hollywood FL,2880.64,2880.64,0,0,7,21,6,1,7
2026-07-30,Maceoo Cosmo,2797.57,2825.57,-28,0,10,28,7,2,9
2026-07-30,Maceoo Tampa,11004.81,11522.6,-517.79,0,6,26,2,2,4
2026-07-31,CEOO DUBAI,268.84,406.9,-138.06,0,2,8,2,0,2
2026-07-31,Maceoo Biloxi,1847.76,3008.72,-482.12,-678.84,8,17,3,4,6
2026-07-31,Maceoo MGM,2256.5,2362.04,-105.54,0,4,18,4,0,4
2026-07-31,Maceoo ilani,2605.51,3272.54,-518.28,-148.75,25,47,18,2,20
2026-07-31,Maceoo Hollywood FL,2353.99,2382.67,-28.68,0,13,24,7,5,12
2026-07-31,Maceoo Atlantic,1619.09,2103.09,0,-484,7,15,1,5,6
2026-07-31,Maceoo DFW Terminal D,401.44,401.44,0,0,3,5,3,0,3
2026-07-31,Maceoo Aria,11964.33,13927.77,-1963.44,0,16,129,10,5,14
2026-07-31,Venetian,4674.33,4674.33,0,0,18,44,14,1,15
2026-07-31,Online Store,5126.92,8976.22,-1411.4,-2437.9,38,43,19,19,37
2026-07-31,Maceoo Cosmo,6216.06,6319.77,-103.71,0,12,34,8,4,12
2026-07-31,Maceoo Tampa,5046.88,5081.68,-34.8,0,12,38,3,8,11
2026-07-31,Maceoo PR,2272.2,2367.64,-95.44,0,7,15,4,3,7
2026-08-01,Maceoo PR,2153.92,3045.44,-146.44,-745.08,9,19,4,5,9
2026-08-01,Maceoo Resorts World Las Vegas,754.5,820.67,-66.17,0,2,6,1,1,2
2026-08-01,Maceoo DFW Terminal D,1226.95,1226.95,0,0,4,11,1,0,1
2026-08-01,Venetian,7980.48,8240.98,-42.5,-218,23,72,18,2,19
2026-08-01,Maceoo Cosmo,12652.07,13447.45,-795.38,0,19,66,14,3,17
2026-08-01,Maceoo MGM,1296.93,1296.93,0,0,8,15,4,0,4
2026-08-01,Maceoo Hollywood FL,5815.89,6333.83,-319.94,-198,14,36,6,6,12
2026-08-01,Maceoo Tampa,11777.29,12012.98,-235.69,0,17,60,6,8,14
2026-08-01,Online Store,6516.98,8440.26,-1923.28,0,31,48,18,13,31
2026-08-01,Maceoo ilani,7400.25,8974.18,-1284.7,-289.23,54,106,43,8,49
2026-08-01,Maceoo Aria,772.87,772.87,0,0,4,11,4,0,4
2026-08-01,Maceoo Biloxi,8734.41,9912.23,-1083.02,-94.8,24,71,6,15,19
2026-08-01,Maceoo Atlantic,13344.93,13795.98,-152.17,-298.88,17,91,7,8,15
2026-08-01,CEOO DUBAI,56.03,112.05,-56.02,0,1,2,1,0,1
2026-08-02,Maceoo MGM,4190.55,4253.77,-63.22,0,5,17,3,1,4
2026-08-02,Maceoo Cosmo,758.66,890.25,0,-131.59,6,13,4,1,5
2026-08-02,Maceoo Atlantic,6551.79,9476.83,-188.5,-2736.54,13,37,5,6,10
2026-08-02,Venetian,2512.12,2531.72,-19.6,0,9,27,7,0,7
2026-08-02,Maceoo Biloxi,8666.64,12158.14,-3167.5,-324,21,56,9,7,16
2026-08-02,Maceoo Aria,6822.34,7116.02,-293.68,0,9,36,7,2,9
2026-08-02,Maceoo Hollywood FL,5798.44,6200.74,-198.76,-203.54,14,35,3,11,13
2026-08-02,Maceoo DFW Terminal D,701.99,701.99,0,0,3,7,2,0,2
2026-08-02,CEOO DUBAI,2415.68,2579.18,-163.5,0,4,12,4,0,4
2026-08-02,Maceoo PR,655.32,734.76,-79.44,0,4,4,1,3,4
2026-08-02,Maceoo ilani,4663.71,5281.4,-524.19,-93.5,32,69,20,9,28
2026-08-02,Maceoo Resorts World Las Vegas,118.88,118.88,0,0,1,1,1,0,1
2026-08-02,Online Store,9405.72,12096.4,-2690.68,0,52,70,39,11,50
2026-08-02,Maceoo Tampa,5430.58,5629.59,-199.01,0,9,32,3,5,8
2026-08-03,Maceoo Biloxi,3210.34,3831.14,-620.8,0,14,35,7,5,12
2026-08-03,Maceoo Aria,9154.29,9857.57,-703.28,0,9,30,4,3,7
2026-08-03,CEOO DUBAI,6168.66,6660.65,-491.99,0,3,7,2,1,3
2026-08-03,Maceoo Resorts World Las Vegas,1761.6,1761.6,0,0,3,8,1,2,3
2026-08-03,Maceoo Tampa,1500.77,1500.77,0,0,2,12,1,1,2
2026-08-03,Maceoo DFW Terminal D,1275.61,1275.61,0,0,5,10,4,0,4
2026-08-03,Maceoo MGM,1380.17,1508.9,-128.73,0,7,17,6,1,7
2026-08-03,Maceoo Hollywood FL,3201.48,4611.25,-1409.77,0,2,14,0,1,1
2026-08-03,Online Store,6967,10063.26,-2466.38,-629.88,42,55,31,8,39
2026-08-03,Venetian,2121.17,2184.17,-63,0,3,11,3,0,3
2026-08-03,Maceoo ilani,8795.81,9978.88,-957.62,-225.45,45,74,33,10,43
2026-08-03,Maceoo Atlantic,2306.34,2524.1,-58.76,-159,6,23,3,3,6
2026-08-03,Maceoo PR,855.82,1089.76,-233.94,0,1,6,0,1,1
2026-08-03,Maceoo Cosmo,3660.16,4127.04,-466.88,0,6,26,4,2,6
2026-08-04,Maceoo Hollywood FL,1843.61,1926.41,-82.8,0,7,18,2,4,6
2026-08-04,Maceoo Biloxi,1959.8,2750.27,-647.47,-143,5,11,1,3,3
2026-08-04,Maceoo Atlantic,320.42,320.42,0,0,2,3,1,1,2
2026-08-04,Maceoo DFW Terminal D,1722.67,1722.67,0,0,7,20,3,0,3
2026-08-04,Maceoo Tampa,558.2,558.21,-0.01,0,2,5,1,1,2
2026-08-04,Maceoo Cosmo,2766,2784.88,-18.88,0,4,12,4,0,4
2026-08-04,Maceoo MGM,555.9,555.9,0,0,4,8,3,0,3
2026-08-04,Online Store,17289.38,22428.53,-5074.71,-64.44,81,147,39,40,79
2026-08-04,CEOO DUBAI,1531.99,1948.99,-417,0,5,8,4,1,4
2026-08-04,Maceoo Aria,10243.45,10275.93,-32.48,0,12,65,10,2,11
2026-08-04,Maceoo ilani,4280.14,4995.92,-421.51,-294.27,26,41,16,9,21
2026-08-04,Maceoo PR,1105.97,1625.52,-519.55,0,3,4,0,2,2
2026-08-04,Venetian,1757.1,1757.1,0,0,9,22,7,2,8
2026-08-05,Maceoo ilani,4092.87,4783.34,-656.47,-34,29,53,18,9,26
2026-08-05,Maceoo Biloxi,4466.06,5963.3,-1497.24,0,8,19,6,2,8
2026-08-05,Maceoo Tampa,1452.66,1452.66,0,0,3,13,1,2,3
2026-08-05,Maceoo Cosmo,4382.24,4431.12,-48.88,0,8,27,6,1,7
2026-08-05,Online Store,5217.93,9018.27,-2621.16,-1179.18,41,59,23,18,41
2026-08-05,Maceoo Atlantic,1038.02,1252.02,-214,0,3,12,0,1,1
2026-08-05,Maceoo Hollywood FL,1543.38,1866.92,-135.54,-188,5,12,3,2,5
2026-08-05,Maceoo PR,2979.68,3029.68,-50,0,4,21,1,3,4
2026-08-05,Maceoo MGM,1268.01,1626.35,-69.46,-288.88,10,23,5,2,7
2026-08-05,Maceoo DFW Terminal D,497.54,497.54,0,0,3,6,2,0,2
2026-08-05,Maceoo Aria,2965.13,4314.01,-50.88,-1298,11,28,6,5,11
2026-08-05,Maceoo Resorts World Las Vegas,254.51,254.51,0,0,2,18,2,0,2
2026-08-05,CEOO DUBAI,670.91,779.91,-109,0,4,6,4,0,4
2026-08-06,Online Store,9810.01,13417.19,-3607.18,0,56,90,35,18,53
2026-08-06,Maceoo Atlantic,1010.36,1011.24,-0.88,0,3,7,1,0,1
2026-08-06,Maceoo PR,990.76,1467.53,-476.77,0,4,9,2,2,4
2026-08-06,Venetian,3770.33,3770.33,0,0,11,37,7,0,7
2026-08-06,Maceoo ilani,3215.11,4022.23,-807.12,0,22,44,13,8,20
2026-08-06,Maceoo MGM,644.19,644.19,0,0,4,9,1,1,2
2026-08-06,Maceoo DFW Terminal D,1470.42,1470.42,0,0,2,8,1,0,1
2026-08-06,Maceoo Aria,11250.38,12338.35,-1076.88,-11.09,18,52,9,8,17
2026-08-06,Maceoo Tampa,1363.56,1498.68,-135.12,0,4,12,2,2,4
2026-08-06,Maceoo Resorts World Las Vegas,692.72,692.72,0,0,4,8,2,2,4
2026-08-06,Maceoo Biloxi,369.54,589.26,-219.72,0,4,8,1,0,1
2026-08-06,Maceoo Hollywood FL,3347.33,3347.33,0,0,6,21,2,4,6
2026-08-06,Maceoo Cosmo,2281.6,2281.6,0,0,5,14,3,2,5
2026-08-06,CEOO DUBAI,10073.31,11863.86,-1790.55,0,6,17,2,2,3
2026-08-07,Maceoo Resorts World Las Vegas,544.88,544.88,0,0,3,3,2,0,2
2026-08-07,Maceoo Atlantic,8615.98,8615.98,0,0,13,37,5,4,9
2026-08-07,Maceoo Tampa,1614.29,2284.15,-170.98,-498.88,9,22,1,6,7
2026-08-07,Maceoo Cosmo,3258.45,3258.45,0,0,11,33,9,2,11
2026-08-07,Online Store,10222.08,12584.6,-2362.52,0,55,76,43,12,55
2026-08-07,Venetian,2482.83,2747.81,0,-264.98,12,26,9,1,10
2026-08-07,Maceoo Aria,8667.05,9043.05,0,-376,12,43,7,5,11
2026-08-07,CEOO DUBAI,82.23,82.23,0,0,1,2,1,0,1
2026-08-07,Maceoo PR,3192.67,3496.57,-175.02,-128.88,8,23,7,1,8
2026-08-07,Maceoo ilani,4651.95,5115.38,-433.67,-29.76,27,46,17,6,23
2026-08-07,Maceoo MGM,4037.11,4436.14,-399.03,0,8,21,4,3,6
2026-08-07,Maceoo Biloxi,4944.56,8795.7,-3851.14,0,10,39,6,2,8
2026-08-07,Maceoo DFW Terminal D,29.69,29.69,0,0,1,2,0,0,0
2026-08-07,Maceoo Hollywood FL,4836.3,5349.64,-116.46,-396.88,12,36,7,5,11
2026-08-08,CEOO DUBAI,1586.65,2692.97,-218.01,-888.31,6,9,2,4,6
2026-08-08,Maceoo MGM,665.46,665.46,0,0,3,7,1,2,3
2026-08-08,Maceoo Biloxi,6080.27,9239.71,-2989.36,-170.08,16,33,7,5,11
2026-08-08,Online Store,7500.68,10642.08,-3141.4,0,47,66,35,12,47
2026-08-08,Venetian,5047.42,5129.08,-81.66,0,15,42,11,0,11
2026-08-08,Maceoo Atlantic,4697.46,4961.04,-31.6,-231.98,14,43,5,7,12
2026-08-08,Maceoo Aria,11317.58,12293.2,-241.74,-733.88,17,69,10,6,15
2026-08-08,Maceoo DFW Terminal D,1732.79,2079.63,-346.84,0,4,11,4,0,4
2026-08-08,Maceoo ilani,4570.94,5221.8,-620.87,-29.99,37,59,30,6,35
2026-08-08,Maceoo Cosmo,7155.38,7412.62,-257.24,0,10,50,7,3,10
2026-08-08,Maceoo Tampa,3149,4369.4,-371.35,-849.05,7,29,0,5,5
2026-08-08,Maceoo PR,1456.01,1554.02,-0.01,-98,4,9,2,2,4
2026-08-08,Maceoo Resorts World Las Vegas,1438.86,1438.86,0,0,5,12,4,1,4
2026-08-08,Maceoo Hollywood FL,15853.53,19642.68,-1116.35,-2672.8,22,49,9,12,19
2026-08-09,Maceoo PR,2164.72,2823.62,-342.9,-316,10,22,2,6,8
2026-08-09,Maceoo Biloxi,81.21,160.21,-79,0,1,2,1,0,1
2026-08-09,Venetian,7735.38,8760.15,-1024.77,0,12,31,8,1,8
2026-08-09,Maceoo DFW Terminal D,1660.09,1660.09,0,0,4,12,2,0,2
2026-08-09,Maceoo Aria,3842.97,6028.61,-2185.64,0,14,44,8,4,12
2026-08-09,Maceoo MGM,4179.96,4477.47,-135.08,-162.43,11,21,9,2,11
2026-08-09,Maceoo Cosmo,905.28,964.03,-58.75,0,4,8,4,0,4
2026-08-09,Maceoo Tampa,4445.12,4468.95,-23.83,0,5,18,2,3,5
2026-08-09,Maceoo Hollywood FL,1982,2021.42,-39.42,0,6,21,2,4,6
2026-08-09,Maceoo ilani,7410.38,8622.37,-955.99,-256,39,68,25,11,35
2026-08-09,Online Store,12498.14,15298.94,-2800.8,0,58,89,51,7,58
2026-08-09,CEOO DUBAI,5002.86,6372.76,-1369.9,0,4,6,3,1,4
2026-08-09,Maceoo Atlantic,2363.55,2371.55,-8,0,7,19,3,4,6
2026-08-10,Maceoo Tampa,-2806.01,189,0,-2995.01,1,13,0,1,1
2026-08-10,Maceoo Biloxi,351.78,475.66,-123.88,0,3,5,3,0,3
2026-08-10,Venetian,1400.1,1400.1,0,0,7,16,4,1,5
2026-08-10,Maceoo Cosmo,2765.95,2765.95,0,0,5,13,5,0,5
2026-08-10,Maceoo PR,376,396,-20,0,2,2,1,1,2
2026-08-10,CEOO DUBAI,1524.26,1946.47,-277.71,-144.5,4,7,3,1,4
2026-08-10,Maceoo Aria,4074.84,4723.82,-183.42,-465.56,6,24,4,2,6
2026-08-10,Maceoo Resorts World Las Vegas,69.9,69.9,0,0,1,2,1,0,1
2026-08-10,Online Store,5668.4,7176.92,-1508.52,0,34,45,25,9,34
2026-08-10,Maceoo MGM,273.19,293.54,-20.35,0,3,4,3,0,3
2026-08-10,Maceoo ilani,1876.97,2566.6,-521.33,-168.3,18,33,10,4,14
2026-08-10,Maceoo DFW Terminal D,2157.65,2157.65,0,0,4,10,3,0,3
2026-08-10,Maceoo Hollywood FL,2898.3,2899.61,-1.31,0,8,24,2,5,7
2026-08-10,Maceoo Atlantic,3616.59,3715.47,0,-98.88,12,39,4,7,10
2026-08-11,Maceoo Ocean AC,194.49,194.49,0,0,2,2,1,1,1
2026-08-11,Venetian,2123.59,2123.59,0,0,9,23,7,0,7
2026-08-11,CEOO DUBAI,617.1,643,-25.9,0,2,4,2,0,2
2026-08-11,Maceoo Cosmo,141.74,141.74,0,0,1,2,1,0,1
2026-08-11,Maceoo Hollywood FL,2013.39,2961.39,-948,0,6,14,1,4,5
2026-08-11,Maceoo DFW Terminal D,1114.25,1199.55,-85.3,0,4,11,3,0,3
2026-08-11,Maceoo Aria,3216.64,4457.32,-1240.68,0,12,49,8,2,10
2026-08-11,Online Store,6364.24,11343.48,-3244.6,-1734.64,51,75,32,19,51
2026-08-11,Maceoo MGM,2292.55,2573.98,-281.43,0,12,30,5,3,7
2026-08-11,Maceoo ilani,2386.56,3344.34,-581.23,-376.55,22,39,13,7,20
2026-08-11,Maceoo Biloxi,999.7,1169.92,-165.22,-5,19,23,2,1,3
2026-08-11,Maceoo PR,1585.4,1585.41,-0.01,0,3,11,2,1,3
2026-08-11,Maceoo Tampa,4900.29,5199.95,-299.66,0,7,37,3,3,6
2026-08-11,Maceoo Atlantic,1698.44,1864.44,-166,0,4,9,1,3,4
2026-08-11,Maceoo Resorts World Las Vegas,25.88,25.88,0,0,1,1,1,0,1
2026-08-12,Maceoo DFW Terminal D,131.58,131.58,0,0,1,2,1,0,1
2026-08-12,Venetian,2933.35,2933.35,0,0,6,12,4,1,5
2026-08-12,Maceoo Aria,9691.04,9920.75,-229.71,0,11,40,8,3,11
2026-08-12,Maceoo Atlantic,1547.07,1588.47,-41.4,0,7,11,3,4,6
2026-08-12,Maceoo MGM,1146.74,1397.54,-250.8,0,5,12,2,3,5
2026-08-12,Maceoo Cosmo,3077.16,5686.08,-409,-2199.92,5,12,3,2,4
2026-08-12,Maceoo Biloxi,1393.53,1661.24,-89.05,-178.66,3,12,0,2,2
2026-08-12,CEOO DUBAI,1177.63,1631.52,-453.89,0,5,8,5,0,5
2026-08-12,Maceoo PR,320.52,632.91,-0.03,-312.36,2,4,1,1,1
2026-08-12,Maceoo Resorts World Las Vegas,459.37,459.37,0,0,2,4,1,1,2
2026-08-12,Maceoo Tampa,704.85,755.12,-50.27,0,4,10,1,1,2
2026-08-12,Maceoo Hollywood FL,947.16,947.16,0,0,4,6,3,1,4
2026-08-12,Maceoo ilani,6053.91,6943.72,-594.02,-295.79,34,49,19,10,29
2026-08-12,Online Store,10470.87,11454.54,-801.52,-182.15,40,47,36,4,40
2026-08-13,Maceoo Aria,7023.46,7093.04,-69.58,0,14,59,7,6,13
2026-08-13,Maceoo Cosmo,5731.38,6126.38,-395,0,9,23,9,0,9
2026-08-13,Maceoo Atlantic,1991.27,2621.52,-630.25,0,5,17,2,3,5
2026-08-13,Maceoo PR,188.01,376.01,0,-188,2,2,0,1,1
2026-08-13,Maceoo Ocean AC,86.9,102.23,-15.33,0,1,2,1,0,1
2026-08-13,Maceoo Resorts World Las Vegas,757.27,757.27,0,0,2,5,1,1,2
2026-08-13,Maceoo ilani,9620.63,12129.06,-1221.28,-1287.15,59,102,29,25,51
2026-08-13,Maceoo MGM,1010.52,1010.52,0,0,3,6,3,0,3
2026-08-13,Maceoo DFW Terminal D,5867.54,5935.34,-67.8,0,5,13,5,0,5
2026-08-13,Online Store,12278.71,16514.47,-4235.76,0,53,86,34,19,52
2026-08-13,Maceoo Hollywood FL,240.26,1242.64,-59.78,-942.6,4,10,2,2,4
2026-08-13,Venetian,2485.7,2485.7,0,0,6,19,6,0,6
2026-08-13,Maceoo Biloxi,101.65,101.65,0,0,1,2,1,0,1
2026-08-13,Maceoo Tampa,4343.7,4778.78,-51.2,-383.88,7,13,3,4,7
2026-08-14,Maceoo PR,860.88,860.89,-0.01,0,4,6,2,1,3
2026-08-14,Maceoo Ocean AC,1622.41,1705.41,-83,0,5,15,2,3,5
2026-08-14,Maceoo DFW Terminal D,2218.74,2691.05,-472.31,0,5,17,4,1,5
2026-08-14,Maceoo Aria,14198.14,17384.78,-3186.64,0,13,55,5,6,11
2026-08-14,Venetian,2733.5,2733.5,0,0,12,31,9,1,10
2026-08-14,Online Store,7445.09,8613.97,-1168.88,0,44,55,35,9,44
2026-08-14,Maceoo Biloxi,1259.53,1323.75,-64.22,0,6,11,5,1,6
2026-08-14,Maceoo ilani,12251.56,14194.93,-1664.15,-279.22,73,130,45,16,61
2026-08-14,Maceoo Hollywood FL,2289.69,3131.39,-425.4,-416.3,6,12,1,4,5
2026-08-14,Maceoo MGM,5644.15,7027.1,-1184.07,-198.88,14,34,6,1,7
2026-08-14,CEOO DUBAI,56.03,112.05,-56.02,0,1,2,1,0,1
2026-08-14,Maceoo Cosmo,3160.51,4494.85,0,-1334.34,7,19,5,2,6
2026-08-14,Maceoo Tampa,841.88,1187.48,-197.6,-148,4,18,2,2,4
2026-08-14,Maceoo Atlantic,3233.85,4386.21,-1024.36,-128,12,38,7,4,10
2026-08-15,Maceoo ilani,8464.74,9963.16,-1266.37,-232.05,59,108,45,13,57
2026-08-15,Maceoo Hollywood FL,12190.87,15084.51,-220.84,-2672.8,16,52,10,5,13
2026-08-15,Maceoo Cosmo,4335.63,7137.01,-47.88,-2753.5,14,30,7,6,11
2026-08-15,Maceoo Atlantic,5007.76,6228.44,-555.68,-665,16,42,3,11,14
2026-08-15,Venetian,9315.17,9894,-449.83,-129,21,62,19,1,20
2026-08-15,Maceoo PR,2166.75,2253.45,-86.7,0,7,20,3,4,7
2026-08-15,Maceoo Ocean AC,3399.03,3583.67,-56.64,-128,15,35,8,6,13
2026-08-15,Maceoo Aria,6227.91,6613.91,-386,0,11,35,8,2,9
2026-08-15,Maceoo Tampa,2286.5,2503.93,-217.43,0,9,21,3,3,6
2026-08-15,Maceoo Biloxi,1730.47,1953.55,-65.08,-158,10,19,2,7,8
2026-08-15,Maceoo DFW Terminal D,394.75,394.75,0,0,2,5,1,1,2
2026-08-15,Maceoo MGM,3845.34,4143.47,-298.13,0,15,40,9,2,11
2026-08-15,Online Store,13039.65,14692.97,-1653.32,0,62,78,49,12,61
2026-08-15,Maceoo Resorts World Las Vegas,1235.16,1518.53,-283.37,0,2,6,2,0,2
2026-08-15,CEOO DUBAI,11343.43,12157.96,-814.53,0,5,29,2,3,5
2026-08-16,Maceoo ilani,8258.3,9909.65,-1299.45,-351.9,50,87,32,13,44
2026-08-16,Maceoo Resorts World Las Vegas,100,100,0,0,1,4,1,0,1
2026-08-16,Maceoo Hollywood FL,8714.65,11227.17,-1763.08,-749.44,11,29,5,6,10
2026-08-16,Maceoo Aria,3671.26,3671.26,0,0,18,42,12,6,16
2026-08-16,Maceoo MGM,2372.53,2805.8,-433.27,0,5,23,2,2,4
2026-08-16,Maceoo Ocean AC,647.95,647.95,0,0,3,6,2,1,3
2026-08-16,Venetian,4842.37,4935.89,-93.52,0,10,32,10,0,10
2026-08-16,Maceoo Tampa,910.43,1054.33,-143.9,0,5,14,4,1,5
2026-08-16,Maceoo PR,3094.3,3183.32,-89.02,0,7,25,2,5,7
2026-08-16,Maceoo DFW Terminal D,1871.3,1871.3,0,0,7,28,3,0,3
2026-08-16,Maceoo Biloxi,498.45,498.45,0,0,3,6,2,1,3
2026-08-16,Maceoo Atlantic,36295.77,36295.77,0,0,11,24,5,4,9
2026-08-16,Maceoo Cosmo,1923.57,1923.57,0,0,7,27,5,2,7
2026-08-16,Online Store,10013.46,22159.36,-12145.9,0,49,110,35,14,49
2026-08-16,CEOO DUBAI,26227.96,65285.21,-57.25,-39000,6,10,3,1,3
2026-08-17,Venetian,3169.73,3244.61,-74.88,0,8,24,7,0,7
2026-08-17,Maceoo ilani,4429.75,5273.8,-443.05,-401,24,43,14,9,22
2026-08-17,Maceoo Ocean AC,5048.21,5282.92,-234.71,0,4,41,3,1,4
2026-08-17,Maceoo MGM,137.24,831.88,0,-694.64,0,3,0,0,0
2026-08-17,Maceoo Cosmo,3046.03,3196.03,-150,0,6,19,3,2,5
2026-08-17,CEOO DUBAI,286.82,565.82,-279,0,2,4,2,0,2
2026-08-17,Maceoo Hollywood FL,2801.89,3604.31,-644.42,-158,8,24,3,5,8
2026-08-17,Maceoo DFW Terminal D,1006.11,1022.35,-16.24,0,5,11,3,2,5
2026-08-17,Maceoo Tampa,859.8,859.8,0,0,2,5,1,0,1
2026-08-17,Maceoo Aria,4901.04,5243.68,-342.64,0,7,49,3,3,6
2026-08-17,Online Store,9645.28,11142.39,-1460.5,-36.61,69,73,62,6,68
2026-08-17,Maceoo Biloxi,2387.8,2387.8,0,0,3,6,2,1,3
2026-08-17,Maceoo Atlantic,1764.99,2107.84,-85.97,-256.88,6,18,0,5,5
2026-08-17,Maceoo PR,475.76,634.66,-158.9,0,3,6,0,2,2
2026-08-18,Online Store,9950.82,11949.17,-1998.35,0,45,60,37,6,43
2026-08-18,Maceoo Hollywood FL,2235.22,2443.1,-49.88,-158,2,4,2,0,2
2026-08-18,Maceoo MGM,1568.36,1863.21,-294.85,0,7,17,4,1,5
2026-08-18,Maceoo Cosmo,1379.34,1379.34,0,0,5,12,4,1,5
2026-08-18,Maceoo Ocean AC,350.66,350.66,0,0,4,7,4,0,4
2026-08-18,CEOO DUBAI,1022.86,1022.86,0,0,1,2,0,1,1
2026-08-18,Maceoo Tampa,3938.41,4154.29,-215.88,0,9,22,2,6,8
2026-08-18,Maceoo Biloxi,552.26,631.36,-79.1,0,4,7,2,0,2
2026-08-18,Maceoo DFW Terminal D,835.63,835.63,0,0,4,9,1,0,1
2026-08-18,Maceoo Atlantic,4262.21,4262.21,0,0,6,15,2,3,5
2026-08-18,Maceoo ilani,4996.77,5840.85,-480.28,-363.8,25,40,15,9,24
2026-08-18,Venetian,1102.62,1102.62,0,0,3,10,1,1,2
2026-08-18,Maceoo Aria,2728.21,4068.26,-1036.14,-303.91,6,27,0,5,5
2026-08-18,Maceoo Resorts World Las Vegas,1098.17,1098.17,0,0,2,6,2,0,2
2026-08-18,Maceoo PR,1450.85,1490.41,-39.56,0,3,13,1,2,3
2026-08-19,Maceoo Atlantic,1260.84,1281.28,-20.44,0,6,12,2,1,3
2026-08-19,Maceoo Ocean AC,1589.84,1838.84,0,-249,3,10,1,0,1
2026-08-19,Maceoo PR,773.76,773.77,-0.01,0,3,5,1,2,3
2026-08-19,CEOO DUBAI,1440.75,1695,-254.25,0,1,1,1,0,1
2026-08-19,Maceoo Tampa,0,2995.01,0,-2995.01,1,1,0,1,1
2026-08-19,Maceoo MGM,1250.05,1312.34,-62.29,0,8,45,4,4,7
2026-08-19,Maceoo Aria,6176.49,6956.39,-779.9,0,8,21,5,3,7
2026-08-19,Online Store,-1389.99,3613.38,0,-5003.37,25,6,19,4,23
2026-08-19,Maceoo ilani,4715.14,5243.66,-377.22,-151.3,26,44,15,10,25
2026-08-19,Venetian,2225.09,2225.09,0,0,5,13,5,0,5
2026-08-19,Maceoo Biloxi,498.23,535.44,-37.21,0,2,7,2,0,2
2026-08-19,Maceoo Hollywood FL,435.87,504.75,-68.88,0,3,6,0,3,3
2026-08-19,Maceoo Resorts World Las Vegas,1034.58,1034.58,0,0,1,10,0,1,1
2026-08-19,Maceoo Cosmo,898.83,898.83,0,0,3,9,2,1,3
2026-08-19,Maceoo DFW Terminal D,333.06,333.06,0,0,3,6,1,0,1
2026-08-20,Maceoo Resorts World Las Vegas,638.48,688.48,-50,0,1,12,0,1,1
2026-08-20,Maceoo Biloxi,733.67,918.68,-185.01,0,6,13,2,4,5
2026-08-20,Maceoo PR,2693.44,4672.66,-81.22,-1898,4,11,2,2,4
2026-08-20,Maceoo Cosmo,3274.34,3666.58,-392.24,0,2,13,1,1,2
2026-08-20,Online Store,9667.04,9735.04,0,-68,37,80,28,9,37
2026-08-20,Venetian,1309.13,1309.13,0,0,5,13,4,0,4
2026-08-20,Maceoo Tampa,3614.04,3669.44,-55.4,0,9,21,5,3,8
2026-08-20,Maceoo Hollywood FL,4377.7,4545.14,-167.44,0,11,27,2,9,10
2026-08-20,Maceoo DFW Terminal D,350.55,350.55,0,0,2,5,0,1,1
2026-08-20,CEOO DUBAI,403.72,607.88,-204.16,0,1,2,1,0,1
2026-08-20,Maceoo MGM,1954.52,1961.7,-7.18,0,5,15,4,0,4
2026-08-20,Maceoo Aria,3529.39,6008.92,-1773.69,-705.84,7,30,2,5,7
2026-08-20,Maceoo Atlantic,3500.35,3500.35,0,0,10,29,3,4,7
2026-08-20,Maceoo ilani,2553.82,3066.87,-466.3,-46.75,18,25,8,8,15
2026-08-20,Maceoo Ocean AC,1567.14,1591.61,-24.47,0,9,24,6,1,6
2026-08-21,Maceoo Tampa,6800.94,10589.77,-195.97,-3592.86,12,29,1,7,8
2026-08-21,Maceoo Hollywood FL,5710.99,6044.27,-135.28,-198,14,31,8,5,12
2026-08-21,Maceoo DFW Terminal D,850.36,863.51,-13.15,0,3,8,2,0,2
2026-08-21,Maceoo Cosmo,3868.72,4068.52,-199.8,0,10,25,6,4,9
2026-08-21,Maceoo ilani,2713.09,3093.3,-380.21,0,29,45,18,7,25
2026-08-21,Maceoo Ocean AC,1988.75,2019.14,-30.39,0,14,25,12,1,13
2026-08-21,Maceoo Atlantic,4574.49,5150.49,-350,-226,12,35,5,6,11
2026-08-21,CEOO DUBAI,2363.59,4590.27,-811.13,-1415.55,9,19,5,2,6
2026-08-21,Maceoo PR,1000.77,1000.8,-0.03,0,6,10,2,4,6
2026-08-21,Maceoo Biloxi,1663.79,1946.34,-282.55,0,6,16,4,2,6
2026-08-21,Maceoo MGM,3173.51,3266.25,-92.74,0,10,31,5,3,8
2026-08-21,Maceoo Resorts World Las Vegas,898.72,998.72,-100,0,5,11,4,1,5
2026-08-21,Maceoo Aria,6162.18,6445.63,-283.45,0,11,130,6,5,11
2026-08-21,Online Store,7931.94,9553.67,-724,-897.73,39,47,25,12,37
2026-08-21,Venetian,3099.47,3112.27,-12.8,0,12,31,11,0,11
2026-08-22,Maceoo Resorts World Las Vegas,4594.62,4594.62,0,0,4,13,4,0,4
2026-08-22,Maceoo DFW Terminal D,336.03,483.03,-147,0,3,7,1,0,1
2026-08-22,Maceoo Tampa,732.88,732.88,0,0,3,16,2,1,3
2026-08-22,Venetian,7823.48,7823.48,0,0,19,60,17,2,19
2026-08-22,Maceoo Atlantic,40966.88,42104.88,-535.99,-602.01,36,135,11,19,30
2026-08-22,Maceoo Hollywood FL,7834.98,7896.07,-61.09,0,14,47,4,8,12
2026-08-22,Online Store,6253.34,6486.22,-232.88,0,21,30,14,7,21
2026-08-22,CEOO DUBAI,6409.57,7167.63,-758.06,0,8,26,8,0,8
2026-08-22,Maceoo PR,3184.91,4174.69,-989.78,0,9,29,2,7,9
2026-08-22,Maceoo Cosmo,7704.84,7754.84,-50,0,14,47,10,4,13
2026-08-22,Maceoo Ocean AC,1706.69,1706.69,0,0,16,32,12,1,12
2026-08-22,Maceoo Aria,4728.31,4753.31,-25,0,15,66,11,4,14
2026-08-22,Maceoo MGM,2572.88,3000.81,-339.73,-88.2,12,30,10,1,11
2026-08-22,Maceoo Biloxi,1036.07,1055.95,-19.88,0,8,16,3,2,5
2026-08-22,Maceoo ilani,8193.84,10302.35,-1514.78,-593.73,63,105,31,29,57
2026-08-23,Maceoo Resorts World Las Vegas,70.81,70.81,0,0,1,2,1,0,1
2026-08-23,Maceoo Ocean AC,1369.34,1369.34,0,0,9,20,5,1,5
2026-08-23,Maceoo DFW Terminal D,204.3,242.6,-38.3,0,2,4,2,0,2
2026-08-23,Venetian,1718.97,1718.97,0,0,8,21,6,0,6
2026-08-23,Maceoo Cosmo,4782.59,5085.77,-202.44,-100.74,8,15,5,2,7
2026-08-23,Maceoo Hollywood FL,38703.88,41833.4,-324.24,-2805.28,13,54,4,6,9
2026-08-23,CEOO DUBAI,64354.86,125252.73,-109,-60788.87,5,35,0,4,4
2026-08-23,Maceoo Atlantic,3384.11,3610.99,0,-226.88,9,42,3,6,9
2026-08-23,Maceoo Tampa,6442.64,6862.85,-29.04,-391.17,14,43,3,5,7
2026-08-23,Maceoo ilani,4935.82,5685.44,-420.32,-329.3,29,45,21,6,26
2026-08-23,Maceoo Biloxi,344.2,354,-9.8,0,3,3,3,0,3
2026-08-23,Maceoo PR,562.88,771.77,-50.01,-158.88,2,6,0,2,2
2026-08-23,Maceoo Aria,5286.95,6817.66,-1388.51,-142.2,12,30,4,8,12
2026-08-23,Maceoo MGM,4560.6,5300.17,-739.57,0,8,19,4,2,6
2026-08-23,Online Store,11438.13,11753.73,-315.6,0,42,56,32,10,42
2026-08-24,Maceoo Ocean AC,1569.34,1569.34,0,0,6,13,3,2,3
2026-08-24,Maceoo PR,554.01,554.01,0,0,3,4,2,1,3
2026-08-24,Maceoo Resorts World Las Vegas,330.49,355.49,-25,0,3,4,3,0,3
2026-08-24,Venetian,642.5,642.5,0,0,2,7,2,0,2
2026-08-24,Maceoo Cosmo,1485.56,1485.56,0,0,4,9,3,1,4
2026-08-24,Maceoo Tampa,5634.71,5634.71,0,0,9,33,4,5,9
2026-08-24,Maceoo MGM,865.75,890.4,-24.65,0,6,14,3,1,4
2026-08-24,Maceoo Hollywood FL,14309.67,14790.27,-480.6,0,6,24,2,3,5
2026-08-24,Maceoo Aria,6172.87,6257.87,-85,0,11,87,5,6,11
2026-08-24,Maceoo DFW Terminal D,1614.98,2256.42,-641.44,0,5,15,5,0,5
2026-08-24,Maceoo ilani,2349.12,2811.95,-303.88,-158.95,22,32,10,10,20
2026-08-24,Maceoo Biloxi,1174.89,1392.55,-117.56,-100.1,5,12,2,3,3
2026-08-24,Maceoo Atlantic,2894.62,3010.62,-116,0,6,21,1,4,5
2026-08-24,Online Store,5267.69,5427.14,-119.9,-39.55,22,28,15,6,21
2026-08-25,Maceoo PR,344.4,720.42,-0.02,-376,1,7,0,1,1
2026-08-25,Maceoo DFW Terminal D,1932.48,2322.36,-279.48,-110.4,7,20,3,0,3
2026-08-25,CEOO DUBAI,1845.26,1845.26,0,0,1,2,1,0,1
2026-08-25,Maceoo ilani,3830.73,5143.94,-655.31,-657.9,34,55,14,15,29
2026-08-25,Maceoo Biloxi,316.52,400.42,-83.9,0,6,7,1,1,2
2026-08-25,Maceoo Aria,3352.72,3352.72,0,0,6,16,4,2,6
2026-08-25,Maceoo Ocean AC,2074.05,2074.05,0,0,7,16,5,0,5
2026-08-25,Maceoo Resorts World Las Vegas,1124.24,1124.24,0,0,3,7,2,1,3
2026-08-25,Maceoo MGM,2588.7,3135.99,-547.29,0,11,26,5,3,8
2026-08-25,Maceoo Atlantic,13496.04,13654.04,0,-158,13,57,3,7,10
2026-08-25,Venetian,2178.61,2178.61,0,0,5,14,4,1,4
2026-08-25,Maceoo Hollywood FL,2154.14,2154.14,0,0,9,20,4,5,9
2026-08-25,Online Store,14492.27,14517.27,-25,0,60,81,51,8,59
2026-08-25,Maceoo Cosmo,2346.2,2690.08,-343.88,0,4,18,2,2,4
2026-08-25,Maceoo Tampa,680.63,681,-0.37,0,5,44,2,1,3
2026-08-26,Maceoo Biloxi,230.42,230.42,0,0,2,3,1,0,1
2026-08-26,Maceoo Atlantic,879.44,879.44,0,0,5,11,1,4,5
2026-08-26,Maceoo Tampa,2742.59,2742.59,0,0,5,10,2,1,3
2026-08-26,Maceoo DFW Terminal D,583.76,974.37,-148,-242.61,6,11,3,0,3
2026-08-26,Online Store,10134.3,11151.1,-168,-848.8,28,27,21,7,28
2026-08-26,Maceoo Ocean AC,522.17,522.17,0,0,4,6,4,0,4
2026-08-26,Maceoo PR,1782.94,1907.07,-124.13,0,4,18,1,3,4
2026-08-26,Maceoo ilani,4263.81,4809.4,-377.29,-168.3,21,49,12,6,17
2026-08-26,Venetian,2197.28,2197.28,0,0,7,21,6,0,6
2026-08-26,Maceoo Cosmo,3723.74,5386.68,-181.88,-1481.06,9,27,7,2,8
2026-08-26,Maceoo Hollywood FL,2188.97,2287.85,-98.88,0,8,18,3,5,7
2026-08-26,Maceoo Aria,15924.02,16203,-278.98,0,15,48,7,7,14
2026-08-26,Maceoo MGM,4817.58,5513.11,-695.53,0,6,36,2,3,5
2026-08-26,Maceoo Resorts World Las Vegas,567.74,567.74,0,0,2,5,1,1,2
2026-08-27,CEOO DUBAI,1644.8,1644.8,0,0,1,2,0,0,0
2026-08-27,Online Store,6891.97,6968.65,-76.68,0,28,40,21,6,27
2026-08-27,Maceoo Biloxi,1380.45,1457.12,-76.67,0,6,13,5,0,5
2026-08-27,Maceoo Aria,7000.45,13589.92,-5894.3,-695.17,12,44,3,9,12
2026-08-27,Maceoo Cosmo,3538.88,3638.88,-100,0,2,14,0,2,2
2026-08-27,Maceoo Tampa,4491.83,4491.83,0,0,4,9,2,1,3
2026-08-27,Maceoo Atlantic,1820.09,1842.7,-22.61,0,8,15,1,6,7
2026-08-27,Maceoo Ocean AC,778,778,0,0,4,9,4,0,4
2026-08-27,Maceoo DFW Terminal D,2601.85,3113.64,-511.79,0,10,30,9,1,10
2026-08-27,Maceoo MGM,2337.99,2739.38,-401.39,0,8,27,3,2,5
2026-08-27,Venetian,1292.44,1292.44,0,0,6,14,6,0,6
2026-08-27,Maceoo ilani,5081.02,6491.02,-915.17,-494.83,47,77,27,19,42
2026-08-27,Maceoo Hollywood FL,3168.71,3563.71,-395,0,6,17,4,2,6
2026-08-27,Maceoo Resorts World Las Vegas,1101.04,1101.04,0,0,6,29,5,1,6
2026-08-27,Maceoo PR,788.88,1217.91,-33.03,-396,5,7,2,2,4
2026-08-28,Online Store,8842.15,9376.35,-534.2,0,32,41,25,6,31
2026-08-28,Maceoo Biloxi,3475.02,3475.02,0,0,6,16,4,2,6
2026-08-28,Maceoo Resorts World Las Vegas,1242.16,1242.16,0,0,7,18,4,1,4
2026-08-28,CEOO DUBAI,548.95,548.95,0,0,1,3,0,1,1
2026-08-28,Maceoo Tampa,2488.51,8508.39,-29.88,-5990,11,27,2,6,8
2026-08-28,Maceoo Cosmo,7038.12,7275.49,-237.37,0,11,56,3,7,10
2026-08-28,Maceoo DFW Terminal D,881.07,1316.14,-324.67,-110.4,5,9,1,0,1
2026-08-28,Maceoo Aria,11105.29,15261.89,-9.68,-4146.92,14,128,9,4,13
2026-08-28,WEB - Quiet LLC,0,158,-158,0,1,0,0,0,0
2026-08-28,Maceoo PR,2937.94,3499.99,-145.05,-417,10,28,3,7,9
2026-08-28,Maceoo Atlantic,1491.06,1530.66,-39.6,0,8,16,2,3,5
2026-08-28,Maceoo Ocean AC,1001.92,1597.92,0,-596,11,16,5,2,6
2026-08-28,Venetian,2411.19,2609.93,0,-198.74,9,23,9,0,9
2026-08-28,Maceoo MGM,2755.83,3117.84,-362.01,0,12,33,7,4,10
2026-08-28,Maceoo Hollywood FL,7215.44,8007.44,-96,-696,15,31,5,6,10
2026-08-28,Maceoo ilani,3707.9,4378.48,-603.43,-67.15,28,50,18,7,25
2026-08-29,Maceoo Biloxi,2090.84,2210.18,-119.34,0,10,18,4,5,8
2026-08-29,Maceoo PR,2083.33,4212.61,-1931.28,-198,5,23,0,5,5
2026-08-29,Maceoo Tampa,13387.79,13586.67,0,-198.88,16,42,6,9,15
2026-08-29,Maceoo Cosmo,8268.28,8368.28,-100,0,10,51,5,5,10
2026-08-29,CEOO DUBAI,13352.38,14630.59,-1147.45,-130.76,11,29,7,3,9
2026-08-29,Maceoo Ocean AC,3553.09,3595.44,-42.35,0,20,46,13,1,13
2026-08-29,Maceoo Hollywood FL,10867.01,13869.11,-802.1,-2200,22,84,7,10,17
2026-08-29,Venetian,4333.68,4383.68,-50,0,15,43,13,2,14
2026-08-29,Online Store,-31324.95,8763.97,0,-40088.92,29,-149,20,8,28
2026-08-29,Maceoo Resorts World Las Vegas,414.88,414.88,0,0,2,3,2,0,2
2026-08-29,Maceoo MGM,6167.71,7196.76,-1029.05,0,21,54,11,3,14
2026-08-29,Maceoo DFW Terminal D,1023.69,1333.84,-310.15,0,7,15,5,0,5
2026-08-29,Maceoo ilani,5678.75,7084.53,-704.54,-701.24,33,79,17,13,30
2026-08-29,Maceoo Aria,2931.87,2931.87,0,0,12,31,9,3,12
2026-08-29,Maceoo Atlantic,3558.89,3558.89,0,0,14,33,4,7,11
2026-08-30,Maceoo PR,4495.14,4577.57,-82.43,0,8,28,2,5,7
2026-08-30,Maceoo MGM,2329.29,2554.01,-224.72,0,9,23,8,1,9
2026-08-30,Maceoo Aria,5570.23,5920.87,-151.76,-198.88,11,53,9,2,11
2026-08-30,Venetian,1015.72,1015.72,0,0,6,12,5,0,5
2026-08-30,Maceoo DFW Terminal D,1127.85,1223.06,-95.21,0,5,11,3,0,3
2026-08-30,Maceoo Biloxi,5090,5280.54,-190.54,0,5,11,3,1,4
2026-08-30,Maceoo Cosmo,3794.22,4119.08,0,-324.86,11,31,6,3,9
2026-08-30,Maceoo Resorts World Las Vegas,687.76,687.76,0,0,1,2,1,0,1
2026-08-30,Maceoo Tampa,14840.21,16150.21,0,-1310,10,28,3,4,7
2026-08-30,Maceoo Atlantic,2486.56,2486.56,0,0,7,20,0,5,5
2026-08-30,Maceoo Hollywood FL,3023.99,3260.82,-236.83,0,8,20,5,2,7
2026-08-30,Maceoo Ocean AC,918.62,918.62,0,0,7,11,7,0,7
2026-08-30,CEOO DUBAI,8191.08,8599.48,-408.4,0,8,16,5,2,7
2026-08-30,Online Store,9002.08,9323.16,-321.08,0,34,52,25,8,33
2026-08-30,Maceoo ilani,17298.56,19811.18,-2188.97,-323.65,89,190,44,35,78
2026-08-31,Maceoo ilani,2518.61,3210.85,-507.58,-184.66,25,44,19,6,24
2026-08-31,Maceoo MGM,1996.32,2071.93,-75.61,0,10,24,5,1,6
2026-08-31,Online Store,5042.93,5110.93,-68,0,17,28,13,4,17
2026-08-31,Maceoo Cosmo,1246.57,1284.97,-38.4,0,3,10,2,1,3
2026-08-31,Maceoo Tampa,516.91,540.61,-23.7,0,4,6,0,3,3
2026-08-31,Venetian,1387.82,1387.82,0,0,5,14,3,0,3
2026-08-31,Maceoo DFW Terminal D,1073.08,1305.6,-232.52,0,7,16,6,0,6
2026-08-31,Maceoo Hollywood FL,682.29,1046.2,-160.37,-203.54,5,8,1,4,4
2026-08-31,Maceoo Aria,3358.57,4498.64,-784.07,-356,14,41,5,9,14
2026-08-31,Maceoo Resorts World Las Vegas,123.82,176.88,-53.06,0,1,2,1,0,1
2026-08-31,Maceoo Biloxi,1077.48,1235.48,-15.8,-142.2,6,9,2,1,2
2026-08-31,CEOO DUBAI,442.6,467.5,-24.9,0,2,3,1,1,2
2026-08-31,Maceoo PR,1476.22,1583.76,-107.54,0,3,5,2,1,3
2026-08-31,Maceoo Atlantic,4359.73,4371.61,-11.88,0,5,13,2,3,5
2026-08-31,Maceoo Ocean AC,2392.05,2392.05,0,0,8,15,3,2,5
2026-09-01,Maceoo PR,870.64,870.66,-0.02,0,2,8,1,1,2
2026-09-01,Maceoo Biloxi,1724.14,2409.9,-149.12,-536.64,8,15,3,2,5
2026-09-01,Venetian,1163.89,1163.89,0,0,3,9,3,0,3
2026-09-01,Maceoo ilani,6491.22,7752.35,-1058.33,-202.8,40,87,22,15,37
2026-09-01,Maceoo Tampa,2331.01,2331.01,0,0,3,6,3,0,3
2026-09-01,Online Store,6098.21,6416.4,-318.19,0,31,53,20,11,31
2026-09-01,Maceoo MGM,902.21,917.21,-15,0,5,14,4,0,4
2026-09-01,Maceoo Resorts World Las Vegas,717.85,837.55,-119.7,0,1,3,0,1,1
2026-09-01,Maceoo Atlantic,709.28,709.28,0,0,3,8,0,2,2
2026-09-01,Maceoo DFW Terminal D,161.87,161.87,0,0,1,4,1,0,1
2026-09-01,Maceoo Aria,9150.36,9499.24,0,-348.88,7,28,4,3,7
2026-09-01,Maceoo Mandalay Bay (Men),1263.58,1388.35,-35.77,-89,6,14,5,0,5
2026-09-01,Maceoo Hollywood FL,2805.4,3009.4,-204,0,8,19,1,6,7
2026-09-01,Maceoo Cosmo,2561.45,2561.45,0,0,5,16,4,1,5
2026-09-01,Maceoo Ocean AC,918,918,0,0,3,8,3,0,3
2026-09-01,CEOO DUBAI,-567,487,0,-1054,1,3,0,1,1
2026-09-02,Maceoo Mandalay Bay (Men),225.12,359.12,0,-134,2,4,2,0,2
2026-09-02,Online Store,7179.62,9262.96,-2083.34,0,38,53,22,16,38
2026-09-02,Caesars Palace (Womens),2970.6,2978.5,-7.9,0,15,41,14,1,15
2026-09-02,Maceoo DFW Terminal D,1625.98,1702.05,-76.07,0,5,15,3,1,4
2026-09-02,Maceoo Atlantic,1108.26,1506.02,0,-397.76,2,4,0,2,2
2026-09-02,Maceoo Ocean AC,307,307,0,0,3,4,3,0,3
2026-09-02,Maceoo MGM,219.57,314.57,-95,0,2,5,2,0,2
2026-09-02,Maceoo Hollywood FL,5981.03,6073.19,-92.16,0,8,35,4,3,7
2026-09-02,Maceoo Tampa,1358.38,1358.38,0,0,3,10,1,1,2
2026-09-02,Maceoo Aria,3653.77,4346.59,-692.82,0,6,14,5,1,6
2026-09-02,Venetian,989.71,989.71,0,0,4,10,4,0,4
2026-09-02,Maceoo Biloxi,388.57,388.57,0,0,2,4,0,2,2
2026-09-02,Maceoo ilani,7171.95,8510.01,-781.31,-556.75,26,54,15,9,24
2026-09-02,Maceoo Cosmo,1616.89,1616.89,0,0,3,4,2,1,2
2026-09-02,Maceoo PR,791.76,791.78,-0.02,0,4,7,1,2,3
2026-09-03,Venetian,1310.32,1310.32,0,0,9,16,8,0,8
2026-09-03,Maceoo Tampa,41.11,41.11,0,0,1,2,0,1,1
2026-09-03,Caesars Palace (Mens),3312.08,3908.04,-595.96,0,10,25,7,2,9
2026-09-03,Maceoo MGM,2951.12,5828.71,-2877.59,0,17,46,11,5,15
2026-09-03,Maceoo Aria,1438.72,6619,-5180.28,0,5,31,3,2,5
2026-09-03,Maceoo Cosmo,1493.01,1523.01,-30,0,4,9,3,1,4
2026-09-03,Maceoo Resorts World Las Vegas,536.87,536.87,0,0,2,4,2,0,2
2026-09-03,Maceoo Mandalay Bay (Men),1243.92,1251.87,-7.95,0,5,17,3,1,3
2026-09-03,Maceoo Biloxi,565.15,565.15,0,0,6,8,2,2,4
2026-09-03,Maceoo DFW Terminal D,3087.56,3746.15,-658.59,0,8,24,8,0,8
2026-09-03,Maceoo Atlantic,2133.54,2955.34,-31.6,-790.2,4,15,0,3,3
2026-09-03,Maceoo PR,415.76,702.65,-0.01,-286.88,3,4,1,2,2
2026-09-03,Maceoo ilani,1638.22,2054.76,-235.49,-181.05,17,24,5,10,15
2026-09-03,CEOO DUBAI,1134.64,1347.64,-213,0,2,7,2,0,2
2026-09-03,Online Store,8814.17,8963.05,-148.88,0,37,45,29,7,36
2026-09-03,Caesars Palace (Womens),6569.92,6699.72,-129.8,0,24,58,14,1,15
2026-09-03,Maceoo Ocean AC,259.59,259.59,0,0,3,4,2,0,2
2026-09-03,Maceoo Hollywood FL,2000.7,2007.58,-6.88,0,9,18,5,4,9
2026-09-04,Maceoo Ocean AC,1594.08,1712.96,0,-118.88,7,15,3,3,6
2026-09-04,Maceoo Hollywood FL,8403.34,9108.99,-705.65,0,14,39,5,7,12
2026-09-04,Maceoo Tampa,1820.83,1820.83,0,0,6,20,2,4,6
2026-09-04,Maceoo PR,1388.64,1388.66,-0.02,0,3,9,1,2,3
2026-09-04,Venetian,5420.39,5420.39,0,0,15,43,13,1,14
2026-09-04,Maceoo MGM,3211.96,3771.12,-371.16,-188,11,31,8,1,9
2026-09-04,Maceoo Aria,5360.88,7135.02,-25.26,-1748.88,8,29,5,3,8
2026-09-04,Maceoo Atlantic,3989.69,4153.48,-84.79,-79,11,38,1,9,10
2026-09-04,Maceoo DFW Terminal D,1532.64,1642.5,-109.86,0,6,14,5,1,6
2026-09-04,Maceoo ilani,2306.14,2645.06,-338.92,0,26,37,16,10,25
2026-09-04,Maceoo Mandalay Bay (Men),1173.96,1173.96,0,0,8,22,5,0,5
2026-09-04,Caesars Palace (Womens),11198.55,11568.05,-369.5,0,39,106,17,2,19
2026-09-04,Maceoo Resorts World Las Vegas,476.8,501.8,-25,0,3,7,3,0,3
2026-09-04,Maceoo Cosmo,2827.28,2867.28,-40,0,14,35,12,2,14
2026-09-04,CEOO DUBAI,1144.84,1654.72,-509.88,0,6,13,3,3,6
2026-09-04,Online Store,9524.14,9899.82,-296.24,-79.44,40,49,36,4,40
2026-09-04,Caesars Palace (Mens),1066.55,1093.8,-27.25,0,7,17,6,0,6
2026-09-04,Maceoo Biloxi,4786.45,4860.67,-74.22,0,7,15,5,2,6
2026-09-05,Caesars Palace (Womens),7101.66,7288.88,-187.22,0,32,87,7,0,7
2026-09-05,Maceoo ilani,4478.91,5771.9,-727.79,-565.2,50,78,31,15,46
2026-09-05,Maceoo DFW Terminal D,2631.21,3053.56,-422.35,0,5,12,2,0,2
2026-09-05,Maceoo Tampa,6210.31,6842.75,-62.44,-570,13,38,2,10,12
2026-09-05,Maceoo Atlantic,3410.54,3410.54,0,0,11,30,4,5,9
2026-09-05,Maceoo Mandalay Bay (Men),4527.72,4615.38,-87.66,0,18,49,10,4,12
2026-09-05,Maceoo PR,2334.65,2661.54,-198.01,-128.88,5,17,1,4,5
2026-09-05,Caesars Palace (Mens),878.93,878.93,0,0,7,18,1,0,1
2026-09-05,Online Store,6957.85,6976.73,-18.88,0,24,41,18,6,24
2026-09-05,Maceoo Resorts World Las Vegas,1141.96,1237.11,-95.15,0,5,12,2,2,4
2026-09-05,Maceoo MGM,8589.05,9546.34,-661.49,-295.8,16,35,9,4,13
2026-09-05,Maceoo Ocean AC,3250.92,3250.92,0,0,15,36,8,4,12
2026-09-05,Venetian,10221.79,10221.79,0,0,33,83,28,0,28
2026-09-05,Maceoo Hollywood FL,6014.03,7309.49,-1295.46,0,13,46,4,7,11
2026-09-05,Maceoo Aria,7312.69,7382.03,-69.34,0,14,38,8,4,12
2026-09-05,Maceoo Biloxi,3139.72,3522.13,-212.41,-170,13,28,6,5,11
2026-09-05,Maceoo Cosmo,5875.72,8278.67,-1102.65,-1300.3,17,40,8,8,14
2026-09-05,CEOO DUBAI,1021.1,1055.74,-34.64,0,3,9,2,1,3
2026-09-06,Maceoo Hollywood FL,5118.87,6534.49,-235.48,-1180.14,12,27,4,4,8
2026-09-06,Maceoo ilani,13017.52,15207.48,-1360.36,-829.6,78,110,42,34,75
2026-09-06,Maceoo Atlantic,3847.2,3847.2,0,0,11,36,5,5,10
2026-09-06,Maceoo Cosmo,1672.27,1682.79,-10.52,0,6,14,4,2,6
2026-09-06,Maceoo MGM,7544.83,9070.98,-1526.15,0,12,36,5,4,9
2026-09-06,CEOO DUBAI,3178.35,3578.3,-399.95,0,8,19,7,1,7
2026-09-06,Maceoo Tampa,9627.13,9883.12,-115.48,-140.51,7,20,1,5,6
2026-09-06,Maceoo Resorts World Las Vegas,397.28,397.28,0,0,2,5,2,0,2
2026-09-06,Online Store,7017.23,9828.55,-2811.32,0,19,38,16,2,18
2026-09-06,Maceoo DFW Terminal D,243.63,324.84,-81.21,0,2,4,1,1,2
2026-09-06,Maceoo Aria,5785.12,6781.12,-996,0,18,49,11,6,17
2026-09-06,Maceoo Mandalay Bay (Men),2011.64,2119.35,-107.71,0,7,19,3,2,4
2026-09-06,Caesars Palace (Mens),990.96,990.96,0,0,11,28,3,0,3
2026-09-06,Caesars Palace (Womens),5515.19,5598.55,-83.36,0,25,68,0,0,0
2026-09-06,Maceoo Ocean AC,4261.75,4261.75,0,0,18,40,12,1,13
2026-09-06,Maceoo Biloxi,3068.85,3180.62,-111.77,0,4,10,2,1,3
2026-09-06,Maceoo PR,2782.3,3005.08,-94.78,-128,6,24,4,2,6
2026-09-06,Venetian,12088.41,12714.94,-626.53,0,19,56,19,0,19
2026-09-07,Maceoo Hollywood FL,5643.83,6247.89,-604.06,0,9,29,5,4,9
2026-09-07,Maceoo Aria,7626.68,9966.46,-240,-2099.78,16,44,6,9,14
2026-09-07,Maceoo ilani,6243.64,7768.4,-791.22,-733.54,37,51,19,16,34
2026-09-07,Maceoo DFW Terminal D,945.21,1115.82,-170.61,0,5,12,5,0,5
2026-09-07,Maceoo Ocean AC,904.77,904.77,0,0,3,9,1,0,1
2026-09-07,Maceoo Tampa,2813.42,3199.24,-28.94,-356.88,11,30,1,8,9
2026-09-07,Caesars Palace (Womens),4758.92,4822.49,-63.57,0,23,59,5,0,5
2026-09-07,CEOO DUBAI,874.58,874.58,0,0,6,11,6,0,6
2026-09-07,Maceoo Mandalay Bay (Men),336.15,336.15,0,0,3,6,1,0,1
2026-09-07,Online Store,173.56,5482.92,-1233.8,-4075.56,37,27,23,13,36
2026-09-07,Maceoo MGM,2406.8,2582.87,-176.07,0,5,13,3,2,5
2026-09-07,Maceoo Cosmo,3797.05,4093.77,-296.72,0,4,28,4,0,4
2026-09-07,Maceoo Biloxi,934.5,1065.38,-130.88,0,5,10,3,2,5
2026-09-07,Venetian,1454.36,1454.36,0,0,6,18,6,0,6
2026-09-07,Caesars Palace (Mens),26.35,30.99,-4.64,0,1,1,0,0,0
2026-09-07,Maceoo PR,3473.65,3523.7,-50.05,0,5,26,1,4,5
2026-09-07,Maceoo Atlantic,6578.36,6578.36,0,0,7,20,5,2,6
2026-09-08,Maceoo Resorts World Las Vegas,1364.45,1364.45,0,0,7,15,4,2,5
2026-09-08,Maceoo DFW Terminal D,1710.37,1786.44,-76.07,0,8,20,7,1,8
2026-09-08,Maceoo ilani,2325.34,3380.69,-451.01,-604.34,22,31,13,9,22
2026-09-08,Online Store,9736.76,10321.84,-585.08,0,33,63,14,19,33
2026-09-08,CEOO DUBAI,3532.2,3548.19,-15.99,0,4,12,3,1,4
2026-09-08,Caesars Palace (Mens),844.72,855.81,-11.09,0,4,9,4,0,4
2026-09-08,Maceoo MGM,1134.16,1347.95,-213.79,0,5,11,3,2,5
2026-09-08,Maceoo PR,454.88,454.88,0,0,1,3,0,1,1
2026-09-08,Maceoo Hollywood FL,3787.72,3787.72,0,0,5,21,1,3,4
2026-09-08,Venetian,899.76,1018.42,-118.66,0,3,4,1,0,1
2026-09-08,Maceoo Tampa,1046.18,2213.92,-525.24,-642.5,3,8,2,1,3
2026-09-08,Maceoo Aria,7779.54,7779.54,0,0,10,32,8,2,10
2026-09-08,Maceoo Cosmo,1336.32,1355.02,-18.7,0,6,13,6,0,6
2026-09-08,Maceoo Biloxi,149.33,248.88,-99.55,0,1,1,0,1,1
2026-09-08,Caesars Palace (Womens),2180.14,2180.14,0,0,11,38,7,0,7
2026-09-08,Maceoo Mandalay Bay (Men),152.14,152.14,0,0,1,3,1,0,1
2026-09-08,Maceoo Ocean AC,1254.7,1270.7,-16,0,3,7,1,1,2
2026-09-08,Maceoo Atlantic,360.42,360.42,0,0,2,5,1,1,2
2026-09-09,Maceoo Cosmo,2501.58,2526.58,-25,0,7,16,4,3,6
2026-09-09,Online Store,3111.68,3602.38,-490.7,0,19,23,12,7,19
2026-09-09,Maceoo Hollywood FL,1916.47,1951.27,-34.8,0,7,16,3,4,7
2026-09-09,Maceoo Aria,5359.33,6067.49,-708.16,0,8,42,4,4,8
2026-09-09,Maceoo MGM,4340.07,4543.08,-203.01,0,3,9,3,0,3
2026-09-09,Venetian,163.45,163.45,0,0,1,2,1,0,1
2026-09-09,Maceoo Tampa,6359.43,6447.31,-87.88,0,6,23,3,1,4
2026-09-09,Caesars Palace (Mens),421.47,421.47,0,0,4,8,2,0,2
2026-09-09,Maceoo Biloxi,937.48,1176.36,-238.88,0,4,8,2,1,3
2026-09-09,Maceoo Resorts World Las Vegas,392.18,392.18,0,0,2,4,1,0,1
2026-09-09,CEOO DUBAI,3170.35,3170.35,0,0,2,6,2,0,2
2026-09-09,Maceoo ilani,3991.87,5277.09,-306.23,-978.99,20,27,13,6,18
2026-09-09,Maceoo DFW Terminal D,2392.06,2539.81,-147.75,0,8,19,6,1,7
2026-09-09,Maceoo PR,822.88,822.9,-0.02,0,2,6,1,1,2
2026-09-09,Caesars Palace (Womens),637.25,637.25,0,0,6,14,2,0,2
2026-09-09,Maceoo Ocean AC,286.07,290.57,-4.5,0,3,6,2,0,2
2026-09-09,Maceoo Atlantic,6648.81,6648.81,0,0,2,6,1,1,2
2026-09-10,Online Store,5668.46,6749,-882.54,-198,27,33,19,7,26
2026-09-10,Caesars Palace (Mens),566.42,566.42,0,0,3,8,2,0,2
2026-09-10,Venetian,1839.02,1889.02,-50,0,5,12,5,0,5
2026-09-10,Maceoo DFW Terminal D,1077.44,1465.61,-32.48,-355.69,7,14,3,3,4
2026-09-10,Maceoo Cosmo,2191.45,2191.45,0,0,6,12,6,0,6
2026-09-10,Maceoo Tampa,480.69,496.49,-15.8,0,4,7,0,1,1
2026-09-10,Maceoo Biloxi,2311.49,2355.99,-44.5,0,10,15,3,3,6
2026-09-10,Maceoo Mandalay Bay (Men),577.74,577.74,0,0,4,12,2,0,2
2026-09-10,Maceoo PR,1080.41,1598.43,-518.02,0,4,11,1,3,4
2026-09-10,Caesars Palace (Womens),4257.38,4281.28,-23.9,0,12,37,4,1,4
2026-09-10,Maceoo Hollywood FL,2076.42,2223.59,-147.17,0,5,12,2,3,5
2026-09-10,CEOO DUBAI,103.6,129.5,-25.9,0,1,1,1,0,1
2026-09-10,Maceoo Ocean AC,200.27,200.27,0,0,3,5,2,0,2
2026-09-10,Maceoo MGM,2743.36,3107.33,-363.97,0,15,32,10,2,12
2026-09-10,Maceoo Atlantic,12583.77,13137.14,-553.37,0,7,36,3,3,4
2026-09-10,Maceoo Resorts World Las Vegas,-98.88,0,0,-98.88,0,-1,0,0,0
2026-09-10,Maceoo ilani,4509.19,5242.7,-606.86,-126.65,27,49,16,11,27
2026-09-10,Maceoo Aria,9789.47,9789.47,0,0,15,47,8,6,14
2026-09-11,Venetian,3502.4,3502.4,0,0,10,27,9,0,9
2026-09-11,Maceoo PR,1100.88,1258.88,0,-158,1,5,0,1,1
2026-09-11,Caesars Palace (Mens),1056.58,1056.58,0,0,12,22,1,0,1
2026-09-11,Maceoo Ocean AC,809.1,1399,-174.02,-415.88,8,12,3,3,5
2026-09-11,Maceoo MGM,2315.26,2547.3,-232.04,0,14,28,7,2,9
2026-09-11,CEOO DUBAI,1015.66,1015.66,0,0,3,6,3,0,3
2026-09-11,Maceoo Atlantic,661.06,694.72,-33.66,0,6,12,2,1,3
2026-09-11,Maceoo Hollywood FL,10520.27,12038.87,-785.7,-732.9,16,58,4,11,15
2026-09-11,Maceoo ilani,5370.24,6495.29,-659.45,-465.6,41,70,19,20,39
2026-09-11,Caesars Palace (Womens),3223.37,3262.37,-39,0,19,56,2,0,2
2026-09-11,Maceoo Aria,8778.09,9436.09,-500,-158,14,148,12,2,14
2026-09-11,Maceoo Biloxi,3017.26,3017.26,0,0,4,11,3,1,4
2026-09-11,Online Store,3914.97,5398.45,-684.6,-798.88,29,34,17,9,26
2026-09-11,Maceoo Resorts World Las Vegas,748.96,773.96,-25,0,3,7,0,0,0
2026-09-11,Maceoo Tampa,3151.11,3151.11,0,0,5,9,2,3,5
2026-09-11,Maceoo Cosmo,5109.01,5374.35,-107.34,-158,15,41,12,3,15
2026-09-11,Maceoo Mandalay Bay (Men),1772.43,1801.92,-29.49,0,12,28,10,0,10
